data;horario;n_da_ocorrencia;tipo_de_ocorrencia;km;trecho;sentido;tipo_de_acidente;automovel;bicicleta;caminhao;moto;onibus;outros;tracao_animal;transporte_de_cargas_especiais;trator_maquinas;utilitarios;ilesos;levemente_feridos;moderadamente_feridos;gravemente_feridos;mortos
"03/07/2015";"09:41:00";"334";"sem vítima";"256.1";"BR-163/MS";"Norte";"Colisão c/ obstáculos";1;0;0;0;0;0;0;0;0;0;1;0;0;0;0
"03/07/2015";"10:02:00";"338";"com vítima";"839";"BR-163/MS";"Sul";"Tombamento";0;0;0;1;0;0;0;0;0;0;0;1;0;0;0
"04/07/2015";"12:32:00";"157";"sem vítima";"486.5";"BR-163/MS";"Sul";"Colisão c/ obstáculos";0;0;1;0;0;0;0;0;0;0;1;0;0;0;0
"04/07/2015";"02:53:00";"195";"com vítima";"254";"BR-163/MS";"Sul";"Tombamento";0;0;0;1;0;0;0;0;0;0;0;1;0;0;0
"04/07/2015";"03:19:00";"202";"sem vítima";"20";"BR-163/MS";"Norte";"Colisão c/ obstáculos";1;0;0;0;0;0;0;0;0;1;2;0;0;0;0
"04/07/2015";"04:01:00";"213";"com vítima";"147";"BR-163/MS";"Norte";"Tombamento";0;0;0;1;0;0;0;0;0;0;0;1;0;0;0
"04/07/2015";"06:10:00";"242";"sem vítima";"6";"BR-163/MS";"Sul";"Colisão c/ obstáculos";0;0;1;0;0;0;0;0;0;0;1;0;0;0;0
"05/07/2015";"03:05:00";"38";"sem vítima";"308.87";"BR-163/MS";"Norte";"Saídas de pista";1;0;0;0;0;0;0;0;0;0;1;0;0;0;0
"05/07/2015";"05:04:00";"48";"sem vítima";"583.6";"BR-163/MS";"Norte";"Saídas de pista";1;0;0;0;0;0;0;0;0;0;1;0;0;0;0
"05/07/2015";"11:00:00";"160";"sem vítima";"370";"BR-163/MS";"Norte";"Engavetamento";1;0;2;0;0;0;0;0;0;0;4;0;0;0;0
"05/07/2015";"02:19:00";"208";"com vítima";"197";"BR-163/MS";"Norte";"Tombamento";0;0;0;1;0;0;0;0;0;0;1;1;0;0;0
"05/07/2015";"03:38:00";"247";"com vítima";"753.1";"BR-163/MS";"Sul";"Capotamento";1;0;0;0;0;0;0;0;0;0;0;1;0;0;0
"05/07/2015";"11:42:00";"369";"sem vítima";"359";"BR-163/MS";"Sul";"Tombamento";0;0;1;0;0;0;0;0;0;0;2;0;0;0;0
"06/07/2015";"05:57:00";"288";"com vítima";"487";"BR-163/MS";"Norte";"Acidente - Outra Natureza";0;0;1;2;0;0;0;0;0;0;1;1;0;0;1
"06/07/2015";"06:27:00";"291";"sem vítima";"487.1";"BR-163/MS";"Norte";"Colisão c/ obstáculos";2;0;0;0;0;0;0;0;0;0;3;0;0;0;0
"06/07/2015";"06:32:00";"294";"sem vítima";"487";"BR-163/MS";"Norte";"Colisão c/ obstáculos";2;0;0;0;0;0;0;0;0;0;4;0;0;0;0
"07/07/2015";"03:43:00";"31";"sem vítima";"301";"BR-163/MS";"Norte";"Saídas de pista";0;0;0;0;0;0;0;0;0;1;2;0;0;0;0
"07/07/2015";"10:38:00";"210";"com vítima";"547.3";"BR-163/MS";"Norte";"Atropelamento - Animal";0;0;0;0;0;0;0;0;0;1;1;1;0;0;0
"08/07/2015";"09:50:00";"141";"sem vítima";"226";"BR-163/MS";"Norte";"Engavetamento";0;0;2;0;1;0;0;0;0;1;6;0;0;0;0
"08/07/2015";"06:43:00";"345";"com vítima";"442";"BR-163/MS";"Sul";"Colisão c/ obstáculos";1;0;1;0;0;1;0;0;0;0;2;1;1;1;1
"08/07/2015";"08:54:00";"367";"com vítima";"838";"BR-163/MS";"Sul";"Colisão c/ obstáculos";2;0;0;0;0;0;0;0;0;0;3;2;0;0;0
"08/07/2015";"11:38:00";"396";"com vítima";"649";"BR-163/MS";"Norte";"Colisão c/ obstáculos";0;0;1;0;0;0;0;0;0;0;0;1;0;0;0
"09/07/2015";"06:30:00";"61";"com vítima";"318";"BR-163/MS";"Norte";"Tombamento";0;0;1;0;0;0;0;0;0;0;0;1;0;0;0
"09/07/2015";"12:01:00";"206";"com vítima";"268";"BR-163/MS";"Norte";"Colisão c/ obstáculos";1;0;0;0;0;0;0;0;0;0;1;1;0;0;0
"09/07/2015";"03:09:00";"272";"sem vítima";"377";"BR-163/MS";"Sul";"Colisão c/ obstáculos";1;0;1;0;0;1;0;0;0;0;6;0;0;0;0
"09/07/2015";"06:27:00";"323";"sem vítima";"326";"BR-163/MS";"Sul";"Colisão lateral no mesmo sentido";1;0;0;0;0;0;0;0;0;0;1;0;0;0;0
"10/07/2015";"08:16:00";"106";"com vítima";"259";"BR-163/MS";"Norte";"Capotamento";0;0;0;0;0;0;0;0;0;1;0;1;0;0;0
"10/07/2015";"10:17:00";"158";"sem vítima";"235";"BR-163/MS";"Sul";"Engavetamento";0;0;2;0;0;0;0;0;0;1;3;0;0;0;0
"10/07/2015";"10:18:00";"159";"com vítima";"560";"BR-163/MS";"Norte";"Colisão c/ obstáculos";0;0;2;0;0;0;0;0;0;0;1;1;1;0;0
"10/07/2015";"11:19:00";"174";"sem vítima";"480";"BR-163/MS";"Norte";"Engavetamento";6;0;0;0;0;0;0;0;0;0;7;0;0;0;0
"10/07/2015";"12:28:00";"182";"sem vítima";"65";"BR-163/MS";"Norte";"Colisão lateral no mesmo sentido";2;0;0;0;0;0;0;0;0;0;4;0;0;0;0
"10/07/2015";"04:36:00";"271";"com vítima";"649";"BR-163/MS";"Norte";"Tombamento";0;0;1;0;0;1;0;0;0;0;1;0;1;0;0
"10/07/2015";"06:59:00";"315";"com vítima";"480";"BR-163/MS";"Norte";"Tombamento";0;0;0;1;0;0;0;0;0;0;0;1;0;0;0
"10/07/2015";"10:54:00";"356";"com vítima";"502";"BR-163/MS";"Norte";"Colisão c/ obstáculos";0;0;0;0;0;0;0;0;0;0;0;1;0;0;0
"10/07/2015";"11:48:00";"367";"sem vítima";"396";"BR-163/MS";"Norte";"Atropelamento - Animal";1;0;0;0;0;0;0;0;0;0;5;0;0;0;0
"11/07/2015";"02:07:00";"14";"com vítima";"632";"BR-163/MS";"Norte";"Capotamento";0;0;0;0;0;0;0;0;0;0;0;1;0;0;0
"11/07/2015";"02:45:00";"209";"sem vítima";"649.4";"BR-163/MS";"Sul";"Colisão c/ obstáculos";1;0;0;0;0;0;0;0;0;1;2;0;0;0;0
"11/07/2015";"04:39:00";"258";"sem vítima";"451";"BR-163/MS";"Norte";"Colisão c/ obstáculos";1;0;0;0;0;0;0;0;0;0;1;0;0;0;0
"11/07/2015";"06:43:00";"284";"com vítima";"489";"BR-163/MS";"Sul";"Colisão c/ obstáculos";1;0;0;1;0;0;0;0;0;0;1;1;0;0;0
"11/07/2015";"06:57:00";"288";"sem vítima";"270";"BR-163/MS";"Norte";"Colisão c/ obstáculos";2;0;0;0;0;0;0;0;0;0;2;0;0;0;0
"11/07/2015";"07:22:00";"296";"sem vítima";"454";"BR-163/MS";"Sul";"Atropelamento - Animal";1;0;0;0;0;0;0;0;0;0;1;0;0;0;0
"11/07/2015";"07:33:00";"298";"sem vítima";"258";"BR-163/MS";"Sul";"Colisão c/ obstáculos";2;0;0;0;0;0;0;0;0;0;2;0;0;0;0
"11/07/2015";"09:05:00";"310";"sem vítima";"275";"BR-163/MS";"Norte";"Colisão c/ obstáculos";1;0;0;0;0;0;0;0;0;0;1;0;0;0;0
"12/07/2015";"12:36:00";"6";"com vítima";"453.78";"BR-163/MS";"Norte";"Atropelamento - Animal";1;0;0;0;0;0;0;0;0;0;2;1;0;0;0
"12/07/2015";"05:52:00";"50";"com vítima";"649.1";"BR-163/MS";"Norte";"Colisão c/ obstáculos";2;0;1;0;0;0;0;0;0;0;2;4;0;0;0
"12/07/2015";"11:21:00";"135";"sem vítima";"262";"BR-163/MS";"Sul";"Colisão c/ obstáculos";1;0;1;0;0;0;0;0;0;0;2;0;0;0;0
"12/07/2015";"11:56:00";"147";"com vítima";"554";"BR-163/MS";"Norte";"Colisão lateral no mesmo sentido";1;0;1;0;0;0;0;0;0;0;3;2;0;0;0
"12/07/2015";"03:58:00";"202";"com vítima";"39.5";"BR-163/MS";"Norte";"Colisão lateral no mesmo sentido";0;1;1;0;0;0;0;0;0;0;1;0;0;1;0
"13/07/2015";"06:10:00";"362";"com vítima";"459";"BR-163/MS";"Norte";"Colisão lateral no mesmo sentido";1;0;2;0;0;0;0;0;0;0;3;1;0;0;0
"13/07/2015";"07:52:00";"391";"com vítima";"286";"BR-163/MS";"Norte";"Tombamento";0;0;0;1;0;0;0;0;0;0;0;2;0;0;0
"14/07/2015";"03:48:00";"47";"com vítima";"258";"BR-163/MS";"Sul";"Colisão lateral no mesmo sentido";0;1;0;1;0;0;0;0;0;0;0;2;0;0;0
"14/07/2015";"06:37:00";"72";"sem vítima";"519";"BR-163/MS";"Norte";"Tombamento";0;0;1;0;0;2;0;0;0;0;3;0;0;0;0
"14/07/2015";"12:35:00";"192";"com vítima";"523";"BR-163/MS";"Norte";"Colisão c/ obstáculos";0;0;1;0;1;0;0;0;0;0;0;10;6;0;0
"14/07/2015";"01:41:00";"217";"sem vítima";"514";"BR-163/MS";"Norte";"Colisão c/ obstáculos";0;0;2;0;0;0;0;0;0;0;2;0;0;0;0
"15/07/2015";"11:57:00";"178";"com vítima";"270";"BR-163/MS";"Sul";"Colisão c/ obstáculos";2;0;0;0;0;0;0;0;0;0;2;2;0;0;0
"15/07/2015";"09:05:00";"325";"sem vítima";"27.15";"BR-163/MS";"Sul";"Colisão lateral no mesmo sentido";0;0;2;0;0;0;0;0;0;0;2;0;0;0;0
"16/07/2015";"04:29:00";"43";"sem vítima";"282.15";"BR-163/MS";"Sul";"Colisão c/ obstáculos";0;0;1;0;0;0;0;0;0;0;2;0;0;0;0
"16/07/2015";"05:22:00";"50";"com vítima";"567";"BR-163/MS";"Norte";"Colisão c/ obstáculos";0;0;1;0;0;0;0;0;0;1;1;1;0;0;0
"16/07/2015";"06:52:00";"326";"sem vítima";"820";"BR-163/MS";"Norte";"Colisão c/ obstáculos";0;0;0;0;0;0;0;0;0;0;2;0;0;0;0
"16/07/2015";"07:05:00";"328";"com vítima";"357";"BR-163/MS";"Norte";"Colisão c/ obstáculos";0;0;0;1;0;0;0;0;0;0;0;1;0;0;0
"16/07/2015";"07:45:00";"337";"com vítima";"401";"BR-163/MS";"Sul";"Tombamento";0;0;0;1;0;0;0;0;0;0;0;1;0;0;0
"17/07/2015";"03:42:00";"43";"sem vítima";"351.2";"BR-163/MS";"Norte";"Saídas de pista";0;0;1;0;0;0;0;0;0;0;1;0;0;0;0
"17/07/2015";"06:52:00";"69";"sem vítima";"474";"BR-163/MS";"Norte";"Colisão c/ obstáculos";1;0;0;0;0;0;0;0;0;1;4;0;0;0;0
"17/07/2015";"12:46:00";"228";"sem vítima";"364";"BR-163/MS";"Norte";"Colisão c/ obstáculos";1;0;0;0;0;0;0;0;0;1;2;0;0;0;0
"18/07/2015";"06:17:00";"53";"sem vítima";"185";"BR-163/MS";"Sul";"Saídas de pista";1;0;0;0;0;0;0;0;0;0;4;0;0;0;0
"18/07/2015";"10:09:00";"147";"com vítima";"35";"BR-163/MS";"Norte";"Engavetamento";3;0;0;0;0;0;0;0;0;0;5;4;0;0;0
"18/07/2015";"10:38:00";"156";"sem vítima";"24";"BR-163/MS";"Sul";"Colisão c/ obstáculos";0;0;2;0;0;0;0;0;0;1;3;0;0;0;0
"18/07/2015";"03:23:00";"265";"com vítima";"477";"BR-163/MS";"Norte";"Tombamento";0;0;0;1;0;0;0;0;0;0;0;1;1;0;0
"18/07/2015";"03:43:00";"279";"com vítima";"164";"BR-163/MS";"Sul";"Capotamento";1;0;0;0;0;0;0;0;0;0;0;1;0;0;0
"18/07/2015";"06:04:00";"322";"com vítima";"512";"BR-163/MS";"Norte";"Engavetamento";3;0;0;0;1;0;0;0;0;0;7;0;1;0;0
"18/07/2015";"06:29:00";"327";"com vítima";"630";"BR-163/MS";"Norte";"Colisão com veículos (frontal)";1;0;0;0;0;1;0;0;0;0;1;0;3;0;0
"18/07/2015";"08:25:00";"344";"com vítima";"485";"BR-163/MS";"Norte";"Colisão c/ obstáculos";1;0;0;1;0;0;0;0;0;0;1;1;0;0;0
"19/07/2015";"02:51:00";"230";"com vítima";"258";"BR-163/MS";"Norte";"Colisão lateral no mesmo sentido";1;0;0;1;0;0;0;0;0;0;1;1;0;0;0
"19/07/2015";"03:42:00";"247";"sem vítima";"24";"BR-163/MS";"Sul";"Colisão c/ obstáculos";0;0;2;0;0;0;0;0;1;0;2;0;0;0;0
"19/07/2015";"04:11:00";"253";"sem vítima";"281";"BR-163/MS";"Norte";"Colisão c/ obstáculos";1;0;1;0;0;0;0;0;0;0;2;0;0;0;0
"19/07/2015";"05:51:00";"280";"com vítima";"313.7";"BR-163/MS";"Norte";"Colisão c/ obstáculos";0;1;0;1;0;0;0;0;0;0;0;2;0;0;0
"19/07/2015";"06:27:00";"292";"com vítima";"800";"BR-163/MS";"Norte";"Colisão com veículos (frontal)";0;0;1;1;0;0;0;0;0;0;0;1;0;0;1
"19/07/2015";"06:53:00";"298";"com vítima";"175";"BR-163/MS";"Norte";"Tombamento";0;0;0;1;0;0;0;0;0;0;1;1;0;0;0
"19/07/2015";"08:44:00";"321";"sem vítima";"497";"BR-163/MS";"Norte";"Colisão lateral no mesmo sentido";0;0;3;0;0;1;0;0;0;0;9;0;0;0;0
"20/07/2015";"03:09:00";"34";"com vítima";"405";"BR-163/MS";"Norte";"Atropelamento - Animal";1;0;0;0;0;0;0;0;0;0;2;2;0;0;0
"20/07/2015";"05:58:00";"46";"sem vítima";"386";"BR-163/MS";"Norte";"Colisão lateral no mesmo sentido";2;0;0;0;0;0;0;0;0;0;6;0;0;0;0
"20/07/2015";"07:33:00";"77";"sem vítima";"225";"BR-163/MS";"Sul";"Colisão c/ obstáculos";0;0;0;0;0;0;0;0;0;2;2;0;0;0;0
"20/07/2015";"05:53:00";"289";"sem vítima";"690";"BR-163/MS";"Norte";"Atropelamento - Animal";0;0;1;0;0;0;0;0;0;0;1;0;0;0;0
"20/07/2015";"09:10:00";"333";"sem vítima";"224.93";"BR-163/MS";"Sul";"Tombamento";0;0;1;0;0;0;0;0;0;0;1;0;0;0;0
"21/07/2015";"06:33:00";"47";"sem vítima";"593";"BR-163/MS";"Norte";"Capotamento";1;0;0;0;0;0;0;0;0;0;3;0;0;0;0
"21/07/2015";"03:17:00";"288";"com vítima";"490";"BR-163/MS";"Sul";"Tombamento";0;0;1;1;0;0;0;0;0;0;1;0;1;0;0
"21/07/2015";"06:15:00";"339";"sem vítima";"476";"BR-163/MS";"Norte";"Colisão c/ obstáculos";0;0;2;0;0;0;0;0;0;0;3;0;0;0;0
"21/07/2015";"07:24:00";"363";"sem vítima";"337";"BR-163/MS";"Norte";"Atropelamento - Animal";0;0;0;0;1;0;0;0;0;0;1;0;0;0;0
"21/07/2015";"08:53:00";"380";"sem vítima";"820";"BR-163/MS";"Norte";"Colisão lateral no mesmo sentido";1;0;1;0;0;0;0;0;0;0;2;0;0;0;0
"21/07/2015";"09:22:00";"388";"sem vítima";"277";"BR-163/MS";"Sul";"Atropelamento - Animal";1;0;0;0;0;0;0;0;0;0;1;0;0;0;0
"22/07/2015";"07:07:00";"63";"sem vítima";"485.486";"BR-163/MS";"Norte";"Colisão c/ obstáculos";1;0;0;0;0;0;0;0;0;1;4;0;0;0;0
"22/07/2015";"07:36:00";"75";"com vítima";"136.4";"BR-163/MS";"Sul";"Saídas de pista";1;0;0;0;0;0;0;0;0;0;0;0;0;2;0
"22/07/2015";"02:29:00";"234";"com vítima";"465";"BR-163/MS";"Norte";"Tombamento";0;0;0;1;0;0;0;0;0;0;0;1;0;0;0
"22/07/2015";"05:52:00";"330";"com vítima";"444";"BR-163/MS";"Norte";"Capotamento";1;0;1;0;0;0;0;0;0;0;2;3;1;0;0
"22/07/2015";"06:03:00";"333";"com vítima";"209";"BR-163/MS";"Norte";"Colisão c/ obstáculos";0;0;1;1;0;0;0;0;0;0;1;0;0;1;0
"22/07/2015";"06:56:00";"342";"sem vítima";"225";"BR-163/MS";"Norte";"Colisão c/ obstáculos";1;0;0;0;0;0;0;0;0;0;1;0;0;0;0
"22/07/2015";"08:53:00";"365";"sem vítima";"317";"BR-163/MS";"Sul";"Saídas de pista";1;0;0;0;0;0;0;0;0;0;2;0;0;0;0
"22/07/2015";"09:12:00";"371";"com vítima";"20";"BR-163/MS";"Sul";"Tombamento";0;0;1;0;0;0;0;0;0;0;1;1;0;0;0
"23/07/2015";"05:39:00";"66";"sem vítima";"307";"BR-163/MS";"Sul";"Saídas de pista";0;0;0;0;0;0;0;0;0;1;1;0;0;0;0
"23/07/2015";"11:10:00";"178";"com vítima";"478.2";"BR-163/MS";"Norte";"Colisão c/ obstáculos";1;0;0;0;0;0;0;0;0;1;1;0;1;0;0
"23/07/2015";"02:44:00";"232";"sem vítima";"654";"BR-163/MS";"Sul";"Colisão c/ obstáculos";0;0;1;0;0;0;0;0;0;0;1;0;0;0;0
"23/07/2015";"09:23:00";"341";"sem vítima";"735";"BR-163/MS";"Norte";"Atropelamento - Animal";0;0;0;0;1;0;0;0;0;0;1;0;0;0;0
"23/07/2015";"10:34:00";"368";"com vítima";"113.9";"BR-163/MS";"Sul";"Tombamento";0;0;0;1;0;0;0;0;0;0;0;1;0;0;0
"23/07/2015";"10:36:00";"369";"sem vítima";"490";"BR-163/MS";"Sul";"Atropelamento - Animal";0;0;1;0;0;0;0;0;0;0;1;0;0;0;0
"23/07/2015";"11:27:00";"377";"sem vítima";"346.1";"BR-163/MS";"Norte";"Saídas de pista";1;0;0;0;0;0;0;0;0;0;4;0;0;0;0
"24/07/2015";"06:01:00";"43";"sem vítima";"539";"BR-163/MS";"Norte";"Colisão lateral no mesmo sentido";1;0;1;0;0;0;0;0;0;0;4;0;0;0;0
"24/07/2015";"07:36:00";"78";"sem vítima";"0.5";"BR-163/MS";"Sul";"Colisão c/ obstáculos";2;0;0;0;0;0;0;0;0;0;2;0;0;0;0
"24/07/2015";"08:16:00";"320";"sem vítima";"7";"BR-163/MS";"Sul";"Colisão c/ obstáculos";1;0;0;0;0;1;0;0;0;0;2;0;0;0;0
"25/07/2015";"08:32:00";"120";"sem vítima";"432";"BR-163/MS";"Norte";"Colisão c/ obstáculos";0;0;2;0;0;0;0;0;0;0;2;0;0;0;0
"25/07/2015";"04:05:00";"348";"com vítima";"137.2";"BR-163/MS";"Norte";"Capotamento";1;0;0;0;0;0;0;0;0;0;0;4;0;0;0
"25/07/2015";"04:28:00";"360";"com vítima";"256";"BR-163/MS";"Norte";"Colisão lateral no mesmo sentido";2;0;0;0;0;0;0;0;0;0;1;1;0;0;0
"26/07/2015";"04:55:00";"42";"sem vítima";"208";"BR-163/MS";"Sul";"Colisão c/ obstáculos";2;0;0;0;0;0;0;0;0;0;2;0;0;0;0
"26/07/2015";"04:35:00";"345";"sem vítima";"258";"BR-163/MS";"Norte";"Engavetamento";2;0;0;0;0;0;0;0;0;0;3;0;0;0;0
"27/07/2015";"05:43:00";"92";"sem vítima";"508";"BR-163/MS";"Norte";"Atropelamento - Animal";1;0;0;0;0;1;0;0;0;0;2;0;0;0;0
"27/07/2015";"06:42:00";"108";"com vítima";"258";"BR-163/MS";"Norte";"Colisão lateral no mesmo sentido";0;0;1;1;0;0;0;0;0;0;1;1;0;0;0
"27/07/2015";"07:37:00";"134";"com vítima";"440";"BR-163/MS";"Sul";"Saídas de pista";1;0;0;0;0;0;0;0;0;0;0;1;0;0;0
"27/07/2015";"03:22:00";"365";"sem vítima";"410";"BR-163/MS";"Norte";"Tombamento";0;0;0;1;0;0;0;0;0;0;1;0;0;0;0
"27/07/2015";"05:53:00";"408";"com vítima";"286";"BR-163/MS";"Norte";"Atropelamento - Animal";0;0;0;1;0;0;0;0;0;0;0;0;1;0;0
"27/07/2015";"06:11:00";"411";"com vítima";"481.5";"BR-163/MS";"Norte";"Colisão lateral no mesmo sentido";1;0;0;1;0;0;0;0;0;0;1;1;0;0;0
"27/07/2015";"10:14:00";"465";"sem vítima";"378";"BR-163/MS";"Norte";"Atropelamento - Animal";1;0;0;0;0;0;0;0;0;0;2;0;0;0;0
"27/07/2015";"11:13:00";"478";"sem vítima";"246.15";"BR-163/MS";"Norte";"Atropelamento - Animal";1;0;0;0;0;0;0;0;0;0;2;0;0;0;0
"28/07/2015";"07:39:00";"78";"com vítima";"6";"BR-163/MS";"Norte";"Engavetamento";1;0;1;1;0;0;0;0;0;0;4;1;0;0;0
"28/07/2015";"02:05:00";"218";"sem vítima";"114";"BR-163/MS";"Norte";"Colisão c/ obstáculos";0;0;2;0;0;0;0;0;0;0;2;0;0;0;0
"28/07/2015";"03:19:00";"252";"sem vítima";"566";"BR-163/MS";"Norte";"Colisão lateral no mesmo sentido";0;0;2;0;0;0;0;0;0;0;2;0;0;0;0
"28/07/2015";"07:43:00";"322";"sem vítima";"751.6";"BR-163/MS";"Norte";"Atropelamento - Animal";1;0;0;0;0;0;0;0;0;0;1;0;0;0;0
"29/07/2015";"09:19:00";"171";"sem vítima";"477";"BR-163/MS";"Norte";"Colisão lateral no mesmo sentido";2;0;0;0;0;0;0;0;0;0;2;0;0;0;0
"29/07/2015";"10:21:00";"215";"sem vítima";"462";"BR-163/MS";"Norte";"Colisão lateral no mesmo sentido";1;0;1;0;0;0;0;0;0;0;2;0;0;0;0
"29/07/2015";"12:48:00";"287";"sem vítima";"254";"BR-163/MS";"Sul";"Tombamento";0;0;1;0;0;0;0;0;0;0;1;0;0;0;0
"29/07/2015";"12:59:00";"291";"sem vítima";"600";"BR-163/MS";"Norte";"Colisão c/ obstáculos";1;0;0;0;0;0;0;0;0;1;2;0;0;0;0
"29/07/2015";"06:04:00";"398";"sem vítima";"256";"BR-163/MS";"Sul";"Colisão c/ obstáculos";1;0;1;0;0;0;0;0;0;0;5;0;0;0;0
"29/07/2015";"10:42:00";"466";"sem vítima";"505";"BR-163/MS";"Norte";"Colisão c/ obstáculos";0;0;2;0;0;0;0;0;0;0;2;0;0;0;0
"30/07/2015";"06:23:00";"91";"sem vítima";"619";"BR-163/MS";"Norte";"Atropelamento - Animal";1;0;0;0;0;0;0;0;0;0;1;0;0;0;0
"30/07/2015";"07:20:00";"121";"com vítima";"677";"BR-163/MS";"Sul";"Colisão com veículos (frontal)";0;0;1;0;0;0;0;0;0;1;1;1;0;0;1
"30/07/2015";"12:55:00";"276";"com vítima";"615";"BR-163/MS";"Norte";"Colisão lateral no mesmo sentido";1;0;0;1;0;0;0;0;0;0;1;2;0;0;0
"30/07/2015";"04:43:00";"393";"sem vítima";"37.8";"BR-163/MS";"Norte";"Engavetamento";1;0;2;0;0;0;0;0;0;0;4;0;0;0;0
"30/07/2015";"05:52:00";"417";"com vítima";"599";"BR-163/MS";"Norte";"Atropelamento - Pedestre";0;0;1;0;0;0;0;0;0;0;1;0;1;0;0
"30/07/2015";"09:08:00";"456";"sem vítima";"798";"BR-163/MS";"Norte";"Atropelamento - Animal";0;0;1;0;0;0;0;0;0;0;1;0;0;0;0
"31/07/2015";"03:15:00";"320";"sem vítima";"517.8";"BR-163/MS";"Norte";"Tombamento";0;0;1;0;0;0;0;0;0;0;1;0;0;0;0
"31/07/2015";"07:37:00";"392";"sem vítima";"30.61";"BR-163/MS";"Norte";"Colisão c/ obstáculos";0;0;0;0;0;0;0;0;0;1;1;0;0;0;0
"31/07/2015";"10:43:00";"428";"com vítima";"485.8";"BR-163/MS";"Norte";"Colisão lateral no mesmo sentido";2;0;1;0;0;0;0;0;0;0;1;0;2;0;0
"01/08/2015";"02:46:00";"23";"com vítima";"268";"BR-163/MS";"Norte";"Colisão c/ obstáculos";1;0;0;0;0;0;0;0;0;0;0;0;1;0;0
"01/08/2015";"08:59:00";"93";"com vítima";"486";"BR-163/MS";"Norte";"Colisão lateral no sentido contrário";1;0;0;1;0;0;0;0;0;0;1;0;1;0;0
"01/08/2015";"07:00:00";"249";"com vítima";"287";"BR-163/MS";"Norte";"Colisão com veículos (traseira)";1;0;0;0;0;1;0;0;0;0;1;1;0;0;0
"01/08/2015";"09:29:00";"282";"sem vítima";"225.4";"BR-163/MS";"Norte";"Colisão c/ obstáculos";1;0;0;0;0;0;0;0;0;0;1;0;0;0;0
"01/08/2015";"10:17:00";"286";"com vítima";"622";"BR-163/MS";"Norte";"Tombamento";0;0;1;0;0;0;0;0;0;0;0;1;0;0;0
"01/08/2015";"10:52:00";"293";"sem vítima";"302.24";"BR-163/MS";"Norte";"Saídas de pista";0;0;1;0;0;0;0;0;0;0;1;0;0;0;0
"01/08/2015";"11:35:00";"296";"sem vítima";"484.5";"BR-163/MS";"Norte";"Capotamento";1;0;0;0;0;0;0;0;0;0;2;0;0;0;0
"03/08/2015";"10:14:00";"177";"com vítima";"469.3";"BR-163/MS";"Norte";"Colisão lateral no mesmo sentido";0;0;1;0;0;1;0;0;0;1;2;1;0;0;0
"03/08/2015";"10:50:00";"204";"com vítima";"412";"BR-163/MS";"Sul";"Capotamento";1;0;0;0;0;0;0;0;0;0;0;3;0;0;0
"03/08/2015";"01:16:00";"249";"sem vítima";"104";"BR-163/MS";"Norte";"Saídas de pista";0;0;1;0;0;0;0;0;0;0;1;0;0;0;0
"03/08/2015";"03:46:00";"317";"com vítima";"339";"BR-163/MS";"Sul";"Tombamento de moto";0;0;0;1;0;0;0;0;0;0;0;0;2;0;0
"03/08/2015";"04:21:00";"331";"sem vítima";"6";"BR-163/MS";"Norte";"Colisão com veículos (traseira)";1;0;1;0;0;0;0;0;0;0;2;0;0;0;0
"03/08/2015";"11:20:00";"443";"sem vítima";"382";"BR-163/MS";"Norte";"Atropelamento - Animal";0;0;0;0;0;0;0;0;0;1;1;0;0;0;0
"04/08/2015";"01:27:00";"219";"sem vítima";"729.5";"BR-163/MS";"Norte";"Colisão com veículos (traseira)";0;0;1;0;0;0;0;0;0;1;2;0;0;0;0
"04/08/2015";"03:50:00";"282";"sem vítima";"615";"BR-163/MS";"Norte";"Colisão lateral no mesmo sentido";1;0;0;1;0;0;0;0;0;0;3;0;0;0;0
"04/08/2015";"06:04:00";"319";"com vítima";"516";"BR-163/MS";"Norte";"Tombamento";0;0;1;0;0;0;0;0;0;0;0;0;1;0;0
"05/08/2015";"05:26:00";"34";"sem vítima";"436";"BR-163/MS";"Sul";"Atropelamento - Animal";1;0;0;0;0;0;0;0;0;0;2;0;0;0;0
"05/08/2015";"09:25:00";"159";"sem vítima";"666";"BR-163/MS";"Sul";"Tombamento";0;0;1;0;0;2;0;0;0;0;3;0;0;0;0
"05/08/2015";"06:54:00";"363";"sem vítima";"209.5";"BR-163/MS";"Sul";"Atropelamento - Animal";1;0;0;0;0;0;0;0;0;0;1;0;0;0;0
"06/08/2015";"12:57:00";"9";"sem vítima";"695.4";"BR-163/MS";"Norte";"Atropelamento - Animal";0;0;0;0;1;0;0;0;0;0;30;0;0;0;0
"06/08/2015";"05:10:00";"36";"sem vítima";"396";"BR-163/MS";"Norte";"Colisão c/ obstáculos";0;0;0;0;0;0;0;0;0;1;1;0;0;0;0
"06/08/2015";"12:20:00";"271";"sem vítima";"2.3";"BR-163/MS";"Norte";"Colisão com veículos (traseira)";2;0;0;0;0;0;0;0;0;0;3;0;0;0;0
"06/08/2015";"04:24:00";"386";"sem vítima";"6";"BR-163/MS";"Sul";"Colisão lateral no mesmo sentido";1;0;1;0;0;0;0;0;0;0;2;0;0;0;0
"07/08/2015";"08:29:00";"142";"sem vítima";"271";"BR-163/MS";"Norte";"Colisão com veículos (traseira)";2;0;0;0;0;0;0;0;0;0;3;0;0;0;0
"07/08/2015";"01:45:00";"292";"sem vítima";"317";"BR-163/MS";"Norte";"Engavetamento";0;0;1;0;0;0;0;0;0;2;3;0;0;0;0
"07/08/2015";"02:51:00";"320";"com vítima";"492";"BR-163/MS";"Norte";"Colisão lateral no sentido contrário";2;0;0;0;0;0;0;0;0;0;2;1;0;0;0