data;horario;n_da_ocorrencia;tipo_de_ocorrencia;km;trecho;sentido;tipo_de_acidente;automovel;bicicleta;caminhao;moto;onibus;outros;tracao_animal;transporte_de_cargas_especiais;trator_maquinas;utilitarios;ilesos;levemente_feridos;moderadamente_feridos;gravemente_feridos;mortos
"09/09/2015";"08:39:00";"338";"com vítima";"485";"BR-163/MS";"Sul";"Colisão com veículos (frontal)";2;0;0;0;0;0;0;0;0;0;0;3;0;0;0
"10/09/2015";"12:37:00";"7";"sem vítima";"284.7";"BR-163/MS";"Sul";"Colisão c/ obstáculos";1;0;0;0;0;0;0;0;0;0;1;0;0;0;0
"10/09/2015";"01:45:00";"19";"sem vítima";"276";"BR-163/MS";"Sul";"Colisão c/ obstáculos";1;0;0;0;0;0;0;0;0;0;1;0;0;0;0
"10/09/2015";"05:49:00";"297";"sem vítima";"227.9";"BR-163/MS";"Sul";"Colisão com veículos (traseira)";1;0;0;0;0;0;0;0;0;1;2;0;0;0;0
"11/09/2015";"04:21:00";"34";"com vítima";"578";"BR-163/MS";"Norte";"Tombamento";0;0;0;0;1;0;0;0;0;0;5;2;2;0;0
"11/09/2015";"09:11:00";"127";"com vítima";"675.4";"BR-163/MS";"Norte";"Capotamento";0;0;1;0;0;0;0;0;0;0;0;1;0;0;0
"12/09/2015";"04:38:00";"35";"com vítima";"0.5";"BR-163/MS";"Sul";"Saídas de pista";1;0;0;0;0;0;0;0;0;1;1;0;1;0;0
"12/09/2015";"05:59:00";"279";"com vítima";"19";"BR-163/MS";"Norte";"Colisão lateral no mesmo sentido";1;0;0;1;0;0;0;0;0;0;1;0;0;1;0
"12/09/2015";"06:02:00";"280";"com vítima";"496.497";"BR-163/MS";"Norte";"Colisão lateral no mesmo sentido";1;0;1;0;0;1;0;0;0;0;2;0;0;1;0
"12/09/2015";"11:35:00";"355";"com vítima";"580";"BR-163/MS";"Norte";"Saídas de pista";0;0;1;0;0;0;0;0;0;0;2;1;0;0;0
"13/09/2015";"02:36:00";"27";"sem vítima";"605";"BR-163/MS";"Norte";"Capotamento";0;0;0;0;0;0;0;0;0;1;1;0;0;0;0
"13/09/2015";"12:10:00";"202";"sem vítima";"416.2";"BR-163/MS";"Norte";"Saídas de pista";1;0;0;0;0;0;0;0;0;0;1;0;0;0;0
"13/09/2015";"03:24:00";"264";"sem vítima";"484.5";"BR-163/MS";"Norte";"Colisão lateral no mesmo sentido";2;0;0;0;0;0;0;0;0;0;2;0;0;0;0
"13/09/2015";"08:40:00";"352";"sem vítima";"305";"BR-163/MS";"Norte";"Atropelamento - Animal";0;0;0;0;1;0;0;0;0;0;15;0;0;0;0
"13/09/2015";"09:03:00";"357";"sem vítima";"620";"BR-163/MS";"Sul";"Outros";0;0;1;0;0;0;0;0;0;0;1;0;0;0;0
"13/09/2015";"09:38:00";"370";"com vítima";"730";"BR-163/MS";"Norte";"Atropelamento - Pedestre";0;0;1;0;0;0;0;0;0;0;1;0;0;0;1
"13/09/2015";"10:31:00";"385";"sem vítima";"487";"BR-163/MS";"Sul";"Colisão lateral no mesmo sentido";2;0;1;0;0;0;0;0;0;0;4;0;0;0;0
"14/09/2015";"04:06:00";"87";"sem vítima";"600";"BR-163/MS";"Sul";"Atropelamento - Animal";1;0;0;0;0;0;0;0;0;0;1;0;0;0;0
"14/09/2015";"06:02:00";"100";"com vítima";"138";"BR-163/MS";"Sul";"Capotamento";1;0;1;0;0;0;0;0;0;0;1;2;0;1;0
"14/09/2015";"08:46:00";"185";"sem vítima";"308";"BR-163/MS";"Norte";"Colisão com veículos (traseira)";0;0;0;0;0;0;0;0;0;2;2;0;0;0;0
"14/09/2015";"07:57:00";"477";"sem vítima";"548";"BR-163/MS";"Norte";"Capotamento";1;0;0;0;0;0;0;0;0;0;1;0;0;0;0
"15/09/2015";"11:28:00";"411";"sem vítima";"493";"BR-163/MS";"Norte";"Saídas de pista";0;0;1;0;0;0;0;0;0;0;1;0;0;0;0
"16/09/2015";"09:28:00";"185";"com vítima";"8.3";"BR-163/MS";"Sul";"Tombamento de moto";0;0;0;1;0;0;0;0;0;0;0;2;0;0;0
"16/09/2015";"06:30:00";"383";"sem vítima";"267";"BR-163/MS";"Sul";"Colisão com veículos (traseira)";0;0;3;0;0;0;0;0;0;0;3;0;0;0;0
"16/09/2015";"06:54:00";"393";"sem vítima";"77";"BR-163/MS";"Norte";"Colisão com veículos (traseira)";1;0;1;0;0;0;0;0;0;0;2;0;0;0;0
"18/09/2015";"09:01:00";"178";"sem vítima";"513";"BR-163/MS";"Sul";"Colisão c/ obstáculos";0;0;1;0;0;0;0;0;0;0;1;0;0;0;0
"18/09/2015";"01:21:00";"247";"sem vítima";"267";"BR-163/MS";"Sul";"Saídas de pista";2;0;0;0;0;0;0;0;0;0;2;0;0;0;0
"18/09/2015";"03:15:00";"278";"com vítima";"256";"BR-163/MS";"Norte";"Colisão com veículos (traseira)";0;0;0;1;0;1;0;0;0;0;1;1;0;1;0
"18/09/2015";"04:57:00";"305";"sem vítima";"670";"BR-163/MS";"Norte";"Saídas de pista";0;0;1;0;0;0;0;0;0;0;4;0;0;0;0
"18/09/2015";"06:49:00";"339";"sem vítima";"539";"BR-163/MS";"Norte";"Colisão c/ obstáculos";1;0;0;0;0;0;0;0;0;0;2;0;0;0;0
"18/09/2015";"07:15:00";"344";"com vítima";"13.8";"BR-163/MS";"Norte";"Colisão lateral no sentido contrário";0;0;0;1;0;1;0;0;0;0;1;2;0;0;0
"19/09/2015";"02:40:00";"35";"com vítima";"787";"BR-163/MS";"Norte";"Colisão com veículos (traseira)";0;0;1;0;1;0;0;0;0;0;10;26;0;0;0
"19/09/2015";"02:22:00";"275";"com vítima";"484.5";"BR-163/MS";"Norte";"Colisão lateral no mesmo sentido";2;0;0;0;0;0;0;0;0;0;1;2;0;0;0
"19/09/2015";"05:22:00";"348";"sem vítima";"488";"BR-163/MS";"Sul";"Capotamento";1;0;0;0;0;0;0;0;0;0;1;0;0;0;0
"19/09/2015";"08:27:00";"386";"sem vítima";"783";"BR-163/MS";"Sul";"Atropelamento - Animal";1;0;0;0;0;0;0;0;0;0;1;0;0;0;0
"19/09/2015";"08:57:00";"395";"sem vítima";"7";"BR-163/MS";"Norte";"Saídas de pista";1;0;0;0;0;0;0;0;0;0;1;0;0;0;0
"19/09/2015";"11:11:00";"428";"com vítima";"808";"BR-163/MS";"Norte";"Colisão com veículos (frontal)";1;0;1;0;0;0;0;0;0;0;2;0;0;1;0
"20/09/2015";"12:23:00";"213";"com vítima";"164";"BR-163/MS";"Norte";"Saídas de pista";0;0;0;1;0;0;0;0;0;0;0;1;0;0;0
"20/09/2015";"04:16:00";"267";"com vítima";"618";"BR-163/MS";"Norte";"Colisão lateral no mesmo sentido";1;0;0;1;0;0;0;0;0;0;2;1;0;0;0
"20/09/2015";"05:42:00";"290";"com vítima";"258";"BR-163/MS";"Norte";"Saídas de pista";1;0;0;0;0;0;0;0;0;0;1;2;0;0;0
"20/09/2015";"06:03:00";"293";"com vítima";"283";"BR-163/MS";"Norte";"Colisão com veículos (traseira)";2;0;0;0;0;0;0;0;0;0;6;1;0;0;0
"20/09/2015";"06:05:00";"295";"sem vítima";"490";"BR-163/MS";"Sul";"Colisão lateral no mesmo sentido";1;0;0;0;0;0;0;0;0;1;2;0;0;0;0
"21/09/2015";"05:07:00";"355";"com vítima";"485";"BR-163/MS";"Norte";"Colisão com veículos (frontal)";0;0;0;1;0;0;0;0;0;1;0;1;0;1;0
"22/09/2015";"06:23:00";"305";"sem vítima";"615";"BR-163/MS";"Norte";"Colisão lateral no sentido contrário";2;0;0;0;0;0;0;0;0;0;2;0;0;0;0
"23/09/2015";"04:50:00";"54";"com vítima";"579";"BR-163/MS";"Sul";"Capotamento";1;0;0;0;0;0;0;0;0;0;0;1;0;0;0
"23/09/2015";"06:25:00";"423";"com vítima";"369";"BR-163/MS";"Norte";"Atropelamento - Pedestre";0;1;1;0;0;0;0;0;0;0;1;0;1;0;0
"24/09/2015";"01:24:00";"23";"sem vítima";"193";"BR-163/MS";"Sul";"Saídas de pista";1;0;0;0;0;0;0;0;0;0;1;0;0;0;0
"24/09/2015";"01:46:00";"346";"com vítima";"562";"BR-163/MS";"Norte";"Capotamento";0;0;1;0;0;1;0;0;0;0;1;0;0;2;0
"24/09/2015";"03:51:00";"381";"sem vítima";"15";"BR-163/MS";"Sul";"Saídas de pista";1;0;1;0;0;0;0;0;0;0;3;0;0;0;0
"25/09/2015";"04:01:00";"52";"sem vítima";"317";"BR-163/MS";"Norte";"Colisão c/ obstáculos";1;0;0;0;0;0;0;0;0;0;2;0;0;0;0
"25/09/2015";"11:09:00";"218";"sem vítima";"578.2";"BR-163/MS";"Sul";"Saídas de pista";1;0;0;0;0;0;0;0;0;0;1;0;0;0;0
"25/09/2015";"04:58:00";"332";"sem vítima";"623.8";"BR-163/MS";"Norte";"Colisão com veículos (traseira)";1;0;0;0;0;1;0;0;0;0;3;0;0;0;0
"25/09/2015";"05:35:00";"343";"sem vítima";"485.5";"BR-163/MS";"Norte";"Saídas de pista";0;0;1;1;0;0;0;0;0;0;2;0;0;0;0
"25/09/2015";"07:01:00";"358";"com vítima";"486";"BR-163/MS";"Norte";"Colisão com veículos (traseira)";1;0;1;0;0;0;0;0;0;0;1;1;1;0;0
"25/09/2015";"09:50:00";"377";"sem vítima";"246";"BR-163/MS";"Sul";"Saídas de pista";1;0;0;0;0;0;0;0;0;0;1;0;0;0;0
"26/09/2015";"01:48:00";"13";"sem vítima";"334.7";"BR-163/MS";"Sul";"Tombamento";0;0;1;0;0;0;0;0;0;0;1;0;0;0;0
"26/09/2015";"02:20:00";"19";"sem vítima";"193";"BR-163/MS";"Norte";"Saídas de pista";0;0;1;0;0;0;0;0;0;0;1;0;0;0;0
"26/09/2015";"05:14:00";"35";"sem vítima";"580";"BR-163/MS";"Norte";"Saídas de pista";1;0;0;0;0;0;0;0;0;0;2;0;0;0;0
"26/09/2015";"05:44:00";"40";"sem vítima";"382";"BR-163/MS";"Norte";"Saídas de pista";1;0;0;0;0;0;0;0;0;0;1;0;0;0;0
"26/09/2015";"08:49:00";"73";"com vítima";"483";"BR-163/MS";"Norte";"Colisão lateral no sentido contrário";1;0;1;0;0;0;0;0;0;0;1;0;0;0;1
"26/09/2015";"06:22:00";"200";"com vítima";"503.8";"BR-163/MS";"Norte";"Colisão lateral no sentido contrário";0;0;1;1;0;0;0;0;0;0;1;0;0;0;1
"26/09/2015";"09:16:00";"240";"sem vítima";"430";"BR-163/MS";"Sul";"Colisão com veículos (traseira)";1;0;0;0;0;1;0;0;0;0;2;0;0;0;0
"26/09/2015";"11:16:00";"262";"sem vítima";"487.5";"BR-163/MS";"Norte";"Colisão com veículos (traseira)";2;0;0;0;0;0;0;0;0;0;2;0;0;0;0
"27/09/2015";"03:34:00";"37";"sem vítima";"512";"BR-163/MS";"Norte";"Saídas de pista";1;0;0;0;0;0;0;0;0;0;1;0;0;0;0
"27/09/2015";"07:08:00";"285";"sem vítima";"104.5";"BR-163/MS";"Norte";"Colisão com veículos (traseira)";0;0;2;0;0;0;0;0;0;0;2;0;0;0;0
"27/09/2015";"09:00:00";"312";"sem vítima";"313";"BR-163/MS";"Norte";"Colisão c/ obstáculos";1;0;0;0;0;0;0;0;0;0;1;0;0;0;0
"28/09/2015";"07:44:00";"86";"com vítima";"659";"BR-163/MS";"Sul";"Saídas de pista";0;0;0;1;0;0;0;0;0;0;0;1;0;0;0
"28/09/2015";"07:44:00";"87";"com vítima";"180";"BR-163/MS";"Norte";"Colisão lateral no mesmo sentido";1;0;1;0;0;0;0;0;0;0;0;2;0;0;0
"28/09/2015";"04:49:00";"314";"com vítima";"266.4";"BR-163/MS";"Sul";"Colisão lateral no mesmo sentido";1;0;1;0;0;0;0;0;0;0;1;1;1;0;0
"29/09/2015";"04:13:00";"67";"sem vítima";"640";"BR-163/MS";"Sul";"Atropelamento - Animal";0;0;0;0;0;0;0;0;0;1;3;0;0;0;0
"29/09/2015";"08:35:00";"165";"sem vítima";"324";"BR-163/MS";"Sul";"Colisão com veículos (traseira)";2;0;0;0;0;0;0;0;0;0;2;0;0;0;0
"29/09/2015";"03:55:00";"307";"com vítima";"577.8";"BR-163/MS";"Norte";"Capotamento";0;0;0;0;0;0;0;0;0;1;0;1;0;0;0
"29/09/2015";"05:25:00";"328";"sem vítima";"265";"BR-163/MS";"Norte";"Colisão com veículos (traseira)";0;0;2;0;0;0;0;0;0;0;2;0;0;0;0
"29/09/2015";"06:18:00";"340";"com vítima";"680";"BR-163/MS";"Norte";"Colisão lateral no sentido contrário";0;0;0;2;0;0;0;0;0;0;0;2;0;0;0
"30/09/2015";"01:26:00";"18";"sem vítima";"238";"BR-163/MS";"Norte";"Saídas de pista";0;0;1;0;0;0;0;0;0;0;1;0;0;0;0
"30/09/2015";"10:46:00";"144";"com vítima";"477";"BR-163/MS";"Norte";"Tombamento de moto";0;0;0;1;0;0;0;0;0;0;0;1;0;0;0
"30/09/2015";"06:27:00";"264";"sem vítima";"821";"BR-163/MS";"Norte";"Atropelamento - Animal";0;0;1;0;0;0;0;0;0;0;1;0;0;0;0
"30/09/2015";"07:04:00";"271";"com vítima";"6";"BR-163/MS";"Sul";"Tombamento de moto";0;0;0;1;0;0;0;0;0;0;0;1;0;0;0
"01/10/2015";"12:18:00";"2";"sem vítima";"313";"BR-163/MS";"Norte";"Atropelamento - Animal";1;0;0;0;0;0;0;0;0;0;1;0;0;0;0
"01/10/2015";"06:53:00";"67";"com vítima";"272.271";"BR-163/MS";"Sul";"Colisão lateral no mesmo sentido";1;0;0;1;0;0;0;0;0;0;1;1;0;0;0
"01/10/2015";"10:38:00";"177";"sem vítima";"223";"BR-163/MS";"Sul";"Tombamento";0;0;1;0;0;0;0;0;0;0;1;0;0;0;0
"01/10/2015";"01:11:00";"225";"sem vítima";"466";"BR-163/MS";"Norte";"Tombamento";0;0;1;0;0;0;0;0;0;0;1;0;0;0;0
"01/10/2015";"03:06:00";"277";"sem vítima";"502";"BR-163/MS";"Norte";"Colisão com veículos (frontal)";1;0;0;0;0;0;0;0;0;1;4;0;0;0;0
"01/10/2015";"08:35:00";"358";"sem vítima";"550";"BR-163/MS";"Norte";"Atropelamento - Pedestre";1;0;0;0;0;0;0;0;0;0;1;0;0;0;0
"02/10/2015";"02:23:00";"44";"sem vítima";"206";"BR-163/MS";"Sul";"Tombamento de moto";0;0;0;1;0;0;0;0;0;0;1;0;0;0;0
"02/10/2015";"04:59:00";"361";"sem vítima";"487.9";"BR-163/MS";"Norte";"Colisão com veículos (traseira)";0;0;2;0;0;0;0;0;0;0;3;0;0;0;0
"02/10/2015";"05:18:00";"369";"com vítima";"272";"BR-163/MS";"Sul";"Atropelamento - Pedestre";0;0;1;0;0;0;0;0;0;0;1;1;0;0;0
"02/10/2015";"05:31:00";"374";"sem vítima";"478";"BR-163/MS";"Norte";"Colisão lateral no mesmo sentido";1;0;0;0;0;0;0;0;0;1;6;0;0;0;0
"02/10/2015";"06:24:00";"381";"com vítima";"280.3";"BR-163/MS";"Norte";"Colisão lateral no mesmo sentido";1;0;0;0;0;1;0;0;0;0;1;1;0;0;0
"03/10/2015";"05:24:00";"46";"sem vítima";"477.2";"BR-163/MS";"Norte";"Tombamento";0;0;1;0;0;0;0;0;0;0;1;0;0;0;0
"03/10/2015";"07:42:00";"80";"sem vítima";"369";"BR-163/MS";"Norte";"Capotamento";1;0;0;0;0;0;0;0;0;0;1;0;0;0;0
"03/10/2015";"08:47:00";"99";"sem vítima";"151.4";"BR-163/MS";"Norte";"Saídas de pista";1;0;0;0;0;0;0;0;0;0;1;0;0;0;0
"03/10/2015";"10:36:00";"129";"com vítima";"382.2";"BR-163/MS";"Norte";"Colisão c/ obstáculos";0;0;0;0;0;0;0;0;0;1;0;0;1;0;3
"03/10/2015";"12:25:00";"146";"com vítima";"511";"BR-163/MS";"Sul";"Capotamento";1;0;0;0;0;0;0;0;0;0;0;1;0;0;0
"03/10/2015";"02:36:00";"182";"sem vítima";"347.5";"BR-163/MS";"Norte";"Colisão com veículos (traseira)";1;0;1;0;0;0;0;0;0;0;2;0;0;0;0
"03/10/2015";"05:56:00";"233";"com vítima";"24.5";"BR-163/MS";"Sul";"Colisão com veículos (frontal)";2;0;0;0;0;0;0;0;0;0;0;2;4;0;0
"03/10/2015";"07:23:00";"248";"sem vítima";"490";"BR-163/MS";"Norte";"Colisão com veículos (traseira)";2;0;0;0;0;0;0;0;0;0;2;0;0;0;0
"04/10/2015";"06:20:00";"294";"com vítima";"491.6";"BR-163/MS";"Norte";"Atropelamento - Pedestre";0;0;0;0;0;0;0;0;0;1;0;2;0;0;1
"05/10/2015";"06:06:00";"328";"sem vítima";"207";"BR-163/MS";"Sul";"Colisão lateral no sentido contrário";0;0;0;1;0;0;0;0;0;1;2;0;0;0;0
"06/10/2015";"07:34:00";"123";"sem vítima";"485";"BR-163/MS";"Norte";"Colisão com veículos (traseira)";1;0;0;1;0;0;0;0;0;0;2;0;0;0;0
"06/10/2015";"08:42:00";"172";"sem vítima";"351";"BR-163/MS";"Sul";"Saídas de pista";1;0;0;0;0;0;0;0;0;0;1;0;0;0;0
"06/10/2015";"11:14:00";"268";"sem vítima";"520.7";"BR-163/MS";"Norte";"Colisão com veículos (traseira)";0;0;2;0;0;0;0;0;0;0;2;0;0;0;0
"06/10/2015";"07:54:00";"443";"sem vítima";"262";"BR-163/MS";"Norte";"Colisão lateral no mesmo sentido";0;0;0;2;0;0;0;0;0;1;5;0;0;0;0
"06/10/2015";"11:45:00";"493";"sem vítima";"316";"BR-163/MS";"Norte";"Colisão com veículos (traseira)";0;0;1;0;0;0;0;0;0;0;1;0;0;0;0
"07/10/2015";"06:59:00";"76";"sem vítima";"209";"BR-163/MS";"Sul";"Colisão lateral no mesmo sentido";0;0;1;0;1;0;0;0;0;0;2;0;0;0;0
"07/10/2015";"07:21:00";"88";"com vítima";"490";"BR-163/MS";"Norte";"Colisão c/ obstáculos";0;0;0;1;0;0;0;0;0;0;0;1;1;0;0
"07/10/2015";"08:03:00";"112";"com vítima";"482.5";"BR-163/MS";"Sul";"Colisão lateral no sentido contrário";0;0;1;1;0;0;0;0;0;0;1;1;0;0;0
"07/10/2015";"12:57:00";"241";"com vítima";"178";"BR-163/MS";"Sul";"Atropelamento - Pedestre";0;0;0;0;0;0;0;0;0;1;4;1;0;0;1
"07/10/2015";"02:39:00";"262";"sem vítima";"619";"BR-163/MS";"Norte";"Colisão lateral no mesmo sentido";1;0;1;0;0;0;0;0;0;0;3;0;0;0;0
"07/10/2015";"10:44:00";"383";"com vítima";"389.1";"BR-163/MS";"Norte";"Tombamento";0;0;1;0;0;0;0;0;0;0;0;1;0;0;0
"08/10/2015";"01:13:00";"8";"sem vítima";"44.5";"BR-163/MS";"Norte";"Saídas de pista";1;0;0;0;0;1;0;0;0;0;2;0;0;0;0
"09/10/2015";"12:04:00";"2";"com vítima";"640";"BR-163/MS";"Sul";"Capotamento";1;0;0;0;0;0;0;0;0;0;0;3;0;0;0
"09/10/2015";"01:10:00";"15";"sem vítima";"617";"BR-163/MS";"Norte";"Engavetamento";1;0;1;0;1;0;0;0;0;1;50;0;0;0;0
"09/10/2015";"10:08:00";"180";"com vítima";"616";"BR-163/MS";"Sul";"Colisão lateral no sentido contrário";0;0;0;1;0;0;0;0;0;1;1;0;0;0;1
"09/10/2015";"04:53:00";"348";"com vítima";"117";"BR-163/MS";"Sul";"Colisão lateral no sentido contrário";1;0;1;0;0;0;0;0;0;0;0;3;0;0;0
"09/10/2015";"06:00:00";"369";"com vítima";"127";"BR-163/MS";"Norte";"Atropelamento - Animal";0;0;0;1;0;0;0;0;0;0;0;0;1;0;0
"09/10/2015";"07:30:00";"397";"sem vítima";"191";"BR-163/MS";"Norte";"Outros";1;0;1;0;0;0;0;0;0;0;2;0;0;0;0
"10/10/2015";"03:14:00";"36";"sem vítima";"36.1";"BR-163/MS";"Sul";"Saídas de pista";1;0;0;0;0;0;0;0;0;0;1;0;0;0;0
"10/10/2015";"02:51:00";"278";"sem vítima";"615";"BR-163/MS";"Norte";"Saídas de pista";1;0;0;0;0;0;0;0;0;0;1;0;0;0;0
"10/10/2015";"02:53:00";"280";"com vítima";"554";"BR-163/MS";"Norte";"Colisão com veículos (traseira)";1;0;1;0;0;0;0;0;0;0;2;3;0;0;0
"10/10/2015";"04:10:00";"302";"sem vítima";"580.1";"BR-163/MS";"Sul";"Saídas de pista";1;0;0;0;0;0;0;0;0;0;1;0;0;0;0
"12/10/2015";"05:49:00";"27";"com vítima";"76.5";"BR-163/MS";"Norte";"Capotamento";1;0;0;0;0;0;0;0;0;0;0;1;0;0;0
"12/10/2015";"10:47:00";"112";"sem vítima";"778";"BR-163/MS";"Norte";"Colisão c/ obstáculos";0;0;1;0;0;0;0;0;0;0;1;0;0;0;0
"12/10/2015";"02:34:00";"170";"com vítima";"383";"BR-163/MS";"Norte";"Capotamento";0;0;0;0;0;0;0;0;0;1;1;2;0;0;0
"12/10/2015";"05:35:00";"226";"com vítima";"397";"BR-163/MS";"Norte";"Tombamento";0;0;0;0;0;0;0;0;0;1;2;1;0;0;0
"12/10/2015";"07:23:00";"250";"sem vítima";"703";"BR-163/MS";"Sul";"Colisão com veículos (traseira)";1;0;1;0;0;0;0;0;0;0;5;0;0;0;0
"13/10/2015";"12:32:00";"6";"com vítima";"78.5";"BR-163/MS";"Norte";"Colisão lateral no sentido contrário";1;0;1;0;0;0;0;0;0;0;3;1;0;0;0
"13/10/2015";"01:14:00";"13";"com vítima";"231.5";"BR-163/MS";"Sul";"Colisão lateral no sentido contrário";0;1;0;0;0;0;0;0;0;1;4;0;0;0;1
"13/10/2015";"04:11:00";"345";"com vítima";"255";"BR-163/MS";"Norte";"Atropelamento - Pedestre";0;0;0;0;0;0;0;0;0;1;2;1;0;0;0
"14/10/2015";"03:18:00";"340";"sem vítima";"563";"BR-163/MS";"Norte";"Colisão com veículos (traseira)";0;0;0;0;0;0;0;0;0;2;2;0;0;0;0
"14/10/2015";"06:36:00";"417";"com vítima";"786.8";"BR-163/MS";"Norte";"Colisão lateral no sentido contrário";1;0;2;0;0;0;0;0;0;0;2;0;1;0;0
"14/10/2015";"10:17:00";"487";"com vítima";"524";"BR-163/MS";"Sul";"Atropelamento - Animal";1;0;0;0;0;0;0;0;0;0;0;1;0;0;0
"15/10/2015";"12:17:00";"5";"sem vítima";"303";"BR-163/MS";"Norte";"Tombamento de moto";0;0;0;1;0;1;0;0;0;0;2;0;0;0;0
"15/10/2015";"05:56:00";"72";"sem vítima";"563";"BR-163/MS";"Norte";"Colisão lateral no mesmo sentido";0;0;2;0;0;0;0;0;0;0;3;0;0;0;0
"15/10/2015";"06:05:00";"75";"com vítima";"24";"BR-163/MS";"Norte";"Capotamento";0;0;0;0;0;0;0;0;0;1;0;1;0;0;0
"15/10/2015";"04:24:00";"368";"com vítima";"353.45";"BR-163/MS";"Norte";"Tombamento";1;0;0;0;0;0;0;0;0;0;3;1;0;0;0
"17/10/2015";"07:48:00";"107";"com vítima";"478";"BR-163/MS";"Norte";"Capotamento";0;0;0;0;0;0;0;0;0;1;0;1;0;0;0
"17/10/2015";"06:29:00";"385";"sem vítima";"32";"BR-163/MS";"Norte";"Colisão lateral no mesmo sentido";0;0;1;0;0;1;0;0;0;0;2;0;0;0;0
"17/10/2015";"08:47:00";"426";"com vítima";"263";"BR-163/MS";"Sul";"Saídas de pista";0;0;0;1;0;0;0;0;0;0;0;2;0;0;0
"18/10/2015";"03:41:00";"239";"com vítima";"201";"BR-163/MS";"Norte";"Saídas de pista";0;0;0;1;0;0;0;0;0;0;0;2;0;0;0
"19/10/2015";"10:38:00";"238";"com vítima";"140";"BR-163/MS";"Norte";"Capotamento";0;0;1;0;0;0;0;0;0;0;0;0;0;0;1
"19/10/2015";"10:49:00";"242";"com vítima";"716.5";"BR-163/MS";"Norte";"Saídas de pista";0;0;1;0;0;0;0;0;0;1;2;1;0;0;0
"19/10/2015";"10:50:00";"243";"sem vítima";"684";"BR-163/MS";"Norte";"Saídas de pista";1;0;1;0;0;0;0;0;0;0;4;0;0;0;0
"19/10/2015";"12:57:00";"273";"sem vítima";"421";"BR-163/MS";"Norte";"Colisão com veículos (traseira)";1;0;0;0;1;0;0;0;0;0;2;0;0;0;0
"19/10/2015";"05:37:00";"377";"sem vítima";"487";"BR-163/MS";"Sul";"Saídas de pista";0;0;1;0;0;0;0;0;0;0;1;0;0;0;0
"20/10/2015";"05:50:00";"47";"sem vítima";"352";"BR-163/MS";"Sul";"Atropelamento - Animal";0;0;1;0;0;0;0;0;0;0;1;0;0;0;0
"21/10/2015";"03:48:00";"32";"com vítima";"820.8";"BR-163/MS";"Norte";"Saídas de pista";1;0;0;0;0;0;0;0;0;0;1;1;0;0;0
"21/10/2015";"05:18:00";"45";"com vítima";"740";"BR-163/MS";"Norte";"Capotamento";0;0;1;0;0;0;0;0;0;0;0;2;0;0;0
"21/10/2015";"05:26:00";"365";"sem vítima";"490";"BR-163/MS";"Norte";"Colisão lateral no mesmo sentido";0;0;0;0;0;0;0;0;0;2;2;0;0;0;0
"21/10/2015";"05:43:00";"370";"com vítima";"270";"BR-163/MS";"Norte";"Colisão c/ obstáculos";1;0;0;1;0;0;0;0;0;0;1;1;0;0;0
"21/10/2015";"09:21:00";"447";"com vítima";"451";"BR-163/MS";"Norte";"Colisão com veículos (traseira)";1;0;0;1;0;0;0;0;0;0;1;1;0;0;0
"22/10/2015";"05:50:00";"62";"com vítima";"84";"BR-163/MS";"Sul";"Colisão com veículos (traseira)";1;0;1;0;0;0;0;0;0;0;1;1;1;0;0
"22/10/2015";"06:41:00";"77";"com vítima";"478";"BR-163/MS";"Norte";"Colisão lateral no mesmo sentido";0;0;0;1;0;0;0;0;0;1;0;2;0;0;0
"22/10/2015";"01:24:00";"275";"sem vítima";"120";"BR-163/MS";"Norte";"Outros";0;0;1;0;0;0;0;0;0;1;2;0;0;0;0
"23/10/2015";"07:13:00";"95";"com vítima";"479";"BR-163/MS";"Norte";"Colisão com veículos (traseira)";1;0;0;1;0;0;0;0;0;0;1;1;0;0;0
"23/10/2015";"05:22:00";"358";"com vítima";"263.7";"BR-163/MS";"Norte";"Atropelamento - Pedestre";1;1;0;0;0;0;0;0;0;0;1;1;0;0;0
"24/10/2015";"02:22:00";"33";"com vítima";"208.2";"BR-163/MS";"Sul";"Colisão com veículos (frontal)";0;0;0;1;1;0;0;0;0;0;1;1;0;0;0
"24/10/2015";"10:50:00";"196";"com vítima";"213";"BR-163/MS";"Sul";"Tombamento de moto";0;0;0;1;0;1;0;0;0;0;1;1;0;0;0
"24/10/2015";"01:05:00";"248";"com vítima";"485";"BR-163/MS";"Norte";"Tombamento de moto";0;0;0;1;0;0;0;0;0;0;0;1;0;0;0
"24/10/2015";"05:56:00";"356";"sem vítima";"465";"BR-163/MS";"Norte";"Tombamento de moto";0;0;0;1;0;0;0;0;0;0;1;0;0;0;0
"25/10/2015";"04:37:00";"44";"sem vítima";"227";"BR-163/MS";"Sul";"Colisão c/ obstáculos";0;0;1;0;0;0;0;0;0;0;1;0;0;0;0
"25/10/2015";"08:51:00";"114";"sem vítima";"490";"BR-163/MS";"Norte";"Tombamento";0;0;2;0;0;0;0;0;0;0;2;0;0;0;0
"25/10/2015";"10:11:00";"151";"com vítima";"172";"BR-163/MS";"Norte";"Colisão com veículos (frontal)";1;0;0;1;0;0;0;0;0;0;1;0;0;1;0
"25/10/2015";"05:57:00";"282";"sem vítima";"463";"BR-163/MS";"Norte";"Capotamento";1;0;0;0;0;0;0;0;0;0;1;0;0;0;0