data;horario;n_da_ocorrencia;tipo_de_ocorrencia;km;trecho;sentido;tipo_de_acidente;automovel;bicicleta;caminhao;moto;onibus;outros;tracao_animal;transporte_de_cargas_especiais;trator_maquinas;utilitarios;ilesos;levemente_feridos;moderadamente_feridos;gravemente_feridos;mortos
"25/10/2015";"09:07:00";"336";"sem vítima";"41";"BR-163/MS";"Norte";"Atropelamento - Animal";2;0;1;0;0;0;0;0;0;0;9;0;0;0;0
"26/10/2015";"12:08:00";"1";"sem vítima";"405";"BR-163/MS";"Sul";"Saídas de pista";0;0;1;0;0;0;0;0;0;0;1;0;0;0;0
"26/10/2015";"11:05:00";"170";"com vítima";"93.6";"BR-163/MS";"Sul";"Tombamento";0;0;1;0;0;0;0;0;0;0;1;1;0;0;0
"26/10/2015";"03:00:00";"238";"com vítima";"617";"BR-163/MS";"Sul";"Colisão com veículos (traseira)";0;0;0;1;0;0;0;0;0;1;1;1;0;0;0
"26/10/2015";"03:02:00";"239";"sem vítima";"430";"BR-163/MS";"Norte";"Colisão com veículos (traseira)";0;0;1;0;0;1;0;0;0;0;3;0;0;0;0
"27/10/2015";"06:03:00";"57";"sem vítima";"328";"BR-163/MS";"Sul";"Atropelamento - Animal";1;0;0;0;0;0;0;0;0;0;1;0;0;0;0
"27/10/2015";"01:04:00";"228";"sem vítima";"360";"BR-163/MS";"Norte";"Saídas de pista";1;0;0;0;0;0;0;0;0;0;3;0;0;0;0
"28/10/2015";"02:08:00";"27";"sem vítima";"212.6";"BR-163/MS";"Sul";"Atropelamento - Animal";0;0;1;0;0;0;0;0;0;0;1;0;0;0;0
"28/10/2015";"05:18:00";"44";"com vítima";"264";"BR-163/MS";"Sul";"Tombamento de moto";0;0;0;1;0;0;0;0;0;0;0;2;0;0;0
"28/10/2015";"05:24:00";"45";"sem vítima";"488";"BR-163/MS";"Sul";"Colisão lateral no mesmo sentido";1;0;1;0;0;0;0;0;0;0;2;0;0;0;0
"28/10/2015";"10:35:00";"189";"sem vítima";"223.5";"BR-163/MS";"Sul";"Colisão com veículos (traseira)";1;0;1;0;0;0;0;0;0;2;4;0;0;0;0
"28/10/2015";"07:00:00";"421";"sem vítima";"36";"BR-163/MS";"Sul";"Colisão com veículos (traseira)";2;0;0;0;0;0;0;0;0;0;2;0;0;0;0
"28/10/2015";"11:33:00";"440";"com vítima";"122.278";"BR-163/MS";"Sul";"Saídas de pista";1;0;0;0;0;0;0;0;0;0;0;1;0;0;0
"29/10/2015";"05:26:00";"396";"sem vítima";"6";"BR-163/MS";"Sul";"Saídas de pista";1;0;0;0;0;1;0;0;0;0;3;0;0;0;0
"29/10/2015";"09:03:00";"469";"com vítima";"649.6";"BR-163/MS";"Norte";"Atropelamento - Animal";1;0;0;0;0;0;0;0;0;0;0;0;2;0;0
"30/10/2015";"11:46:00";"239";"sem vítima";"58";"BR-163/MS";"Norte";"Colisão com veículos (traseira)";0;0;0;0;0;0;0;0;0;2;2;0;0;0;0
"30/10/2015";"03:29:00";"314";"com vítima";"360.362";"BR-163/MS";"Sul";"Colisão lateral no mesmo sentido";0;0;1;0;0;0;0;0;0;1;4;2;0;0;0
"31/10/2015";"02:41:00";"29";"sem vítima";"743";"BR-163/MS";"Sul";"Saídas de pista";1;0;0;0;0;0;0;0;0;0;1;0;0;0;0
"31/10/2015";"07:52:00";"96";"com vítima";"654.5";"BR-163/MS";"Norte";"Colisão c/ obstáculos";1;0;0;0;0;0;0;0;0;0;1;1;0;0;0
"31/10/2015";"08:52:00";"122";"com vítima";"753.2";"BR-163/MS";"Norte";"Colisão c/ obstáculos";1;0;1;0;0;0;0;0;0;0;1;1;0;0;0
"31/10/2015";"10:19:00";"153";"sem vítima";"775.3";"BR-163/MS";"Norte";"Saídas de pista";0;0;1;0;0;0;0;0;0;0;1;0;0;0;0
"31/10/2015";"04:43:00";"283";"sem vítima";"650";"BR-163/MS";"Sul";"Tombamento";0;0;1;0;0;0;0;0;0;0;2;0;0;0;0
"01/11/2015";"01:31:00";"24";"com vítima";"221";"BR-163/MS";"Norte";"Capotamento";1;0;0;0;0;0;0;0;0;0;0;2;0;0;0
"01/11/2015";"02:45:00";"222";"sem vítima";"239";"BR-163/MS";"Norte";"Colisão lateral no mesmo sentido";0;0;1;0;0;0;0;0;0;1;2;0;0;0;0
"01/11/2015";"02:51:00";"226";"com vítima";"606";"BR-163/MS";"Sul";"Tombamento";0;0;1;0;0;0;0;0;0;0;0;1;0;0;0
"01/11/2015";"05:35:00";"269";"com vítima";"322.9";"BR-163/MS";"Sul";"Colisão lateral no mesmo sentido";0;0;0;2;0;0;0;0;0;0;2;2;0;0;0
"01/11/2015";"06:26:00";"276";"com vítima";"323.264";"BR-163/MS";"Sul";"Colisão lateral no sentido contrário";0;1;0;0;0;1;0;0;0;0;1;1;0;0;0
"01/11/2015";"06:36:00";"280";"com vítima";"226.5";"BR-163/MS";"Sul";"Saídas de pista";1;0;0;0;0;0;0;0;0;0;0;2;0;0;0
"01/11/2015";"09:59:00";"335";"sem vítima";"489.8";"BR-163/MS";"Norte";"Capotamento";1;0;0;0;0;0;0;0;0;0;1;0;0;0;0
"01/11/2015";"11:41:00";"354";"sem vítima";"533";"BR-163/MS";"Norte";"Colisão lateral no mesmo sentido";0;0;2;0;0;2;0;0;0;0;4;0;0;0;0
"02/11/2015";"05:49:00";"41";"sem vítima";"86";"BR-163/MS";"Norte";"Capotamento";1;0;0;0;0;0;0;0;0;0;1;0;0;0;0
"02/11/2015";"06:10:00";"45";"sem vítima";"510";"BR-163/MS";"Sul";"Colisão c/ obstáculos";0;0;1;0;0;0;0;0;0;0;1;0;0;0;0
"02/11/2015";"05:35:00";"312";"com vítima";"683";"BR-163/MS";"Norte";"Tombamento de moto";0;0;0;1;0;0;0;0;0;0;0;1;0;0;0
"02/11/2015";"07:41:00";"344";"sem vítima";"173";"BR-163/MS";"Sul";"Colisão c/ obstáculos";0;0;2;0;0;0;0;0;0;0;2;0;0;0;0
"02/11/2015";"08:42:00";"362";"sem vítima";"750";"BR-163/MS";"Norte";"Atropelamento - Animal";0;0;0;0;0;0;0;0;0;1;1;0;0;0;0
"02/11/2015";"09:21:00";"383";"sem vítima";"571";"BR-163/MS";"Sul";"Atropelamento - Animal";1;0;0;0;0;0;0;0;0;0;2;0;0;0;0
"03/11/2015";"06:44:00";"71";"sem vítima";"323";"BR-163/MS";"Sul";"Colisão lateral no mesmo sentido";0;0;2;0;0;0;0;0;0;0;3;0;0;0;0
"03/11/2015";"06:48:00";"74";"com vítima";"595";"BR-163/MS";"Norte";"Saídas de pista";1;0;0;0;0;0;0;0;0;0;0;1;0;0;0
"03/11/2015";"06:59:00";"78";"sem vítima";"361";"BR-163/MS";"Sul";"Colisão c/ obstáculos";1;0;0;0;0;0;0;0;0;0;1;0;0;0;0
"03/11/2015";"12:13:00";"198";"sem vítima";"186";"BR-163/MS";"Sul";"Saídas de pista";0;0;1;0;0;0;0;0;0;0;1;0;0;0;0
"03/11/2015";"03:10:00";"265";"sem vítima";"236";"BR-163/MS";"Sul";"Saídas de pista";1;0;0;0;0;0;0;0;0;0;3;0;0;0;0
"03/11/2015";"04:47:00";"298";"sem vítima";"128.5";"BR-163/MS";"Sul";"Colisão c/ obstáculos";0;0;1;0;0;0;0;0;0;0;1;0;0;0;0
"03/11/2015";"05:42:00";"315";"sem vítima";"505";"BR-163/MS";"Norte";"Colisão com veículos (traseira)";2;0;0;0;0;0;0;0;0;0;4;0;0;0;0
"04/11/2015";"12:45:00";"225";"com vítima";"546";"BR-163/MS";"Sul";"Colisão c/ obstáculos";1;0;0;0;0;0;0;0;0;0;1;0;1;0;0
"04/11/2015";"01:42:00";"236";"com vítima";"555";"BR-163/MS";"Norte";"Colisão lateral no mesmo sentido";1;0;1;0;0;0;0;0;0;0;3;0;0;1;0
"04/11/2015";"02:27:00";"249";"sem vítima";"564";"BR-163/MS";"Sul";"Tombamento";0;0;2;0;0;0;0;0;0;0;2;0;0;0;0
"04/11/2015";"07:54:00";"345";"sem vítima";"399";"BR-163/MS";"Norte";"Saídas de pista";1;0;0;0;0;0;0;0;0;0;2;0;0;0;0
"05/11/2015";"05:04:00";"32";"sem vítima";"194";"BR-163/MS";"Sul";"Saídas de pista";0;0;1;0;0;0;0;0;0;0;1;0;0;0;0
"05/11/2015";"12:30:00";"197";"sem vítima";"250";"BR-163/MS";"Norte";"Tombamento de moto";0;0;0;1;0;0;0;0;0;0;2;0;0;0;0
"05/11/2015";"08:02:00";"347";"com vítima";"344.8";"BR-163/MS";"Norte";"Colisão com veículos (traseira)";1;0;1;0;0;0;0;0;0;0;1;1;2;0;0
"06/11/2015";"04:46:00";"38";"com vítima";"638.7";"BR-163/MS";"Norte";"Saídas de pista";0;0;0;0;0;0;0;0;0;1;0;2;2;0;0
"06/11/2015";"06:54:00";"391";"com vítima";"145";"BR-163/MS";"Norte";"Saídas de pista";1;0;0;0;0;0;0;0;0;0;0;1;0;0;0
"07/11/2015";"02:08:00";"52";"com vítima";"7";"BR-163/MS";"Norte";"Atropelamento - Animal";0;0;1;0;0;0;0;0;0;0;0;1;0;0;0
"07/11/2015";"06:02:00";"446";"com vítima";"559.3";"BR-163/MS";"Norte";"Colisão lateral no mesmo sentido";1;0;0;1;0;0;0;0;0;0;1;1;0;0;0
"07/11/2015";"08:34:00";"499";"com vítima";"405";"BR-163/MS";"Norte";"Atropelamento - Animal";1;0;0;0;0;0;0;0;0;0;2;1;0;0;0
"07/11/2015";"09:45:00";"512";"sem vítima";"555";"BR-163/MS";"Norte";"Atropelamento - Animal";1;0;0;0;0;0;0;0;0;0;4;0;0;0;0
"08/11/2015";"01:20:00";"10";"com vítima";"46";"BR-163/MS";"Norte";"Atropelamento - Pedestre";1;0;0;0;0;0;0;0;0;0;3;0;0;0;1
"08/11/2015";"03:48:00";"35";"com vítima";"780";"BR-163/MS";"Norte";"Tombamento de moto";0;0;0;1;0;0;0;0;0;0;0;0;1;0;0
"08/11/2015";"08:52:00";"124";"sem vítima";"21";"BR-163/MS";"Sul";"Capotamento";1;0;0;0;0;0;0;0;0;0;1;0;0;0;0
"08/11/2015";"09:04:00";"126";"sem vítima";"603";"BR-163/MS";"Norte";"Colisão c/ obstáculos";2;0;0;0;0;0;0;0;0;0;2;0;0;0;0
"08/11/2015";"07:18:00";"312";"sem vítima";"0.8";"BR-163/MS";"Sul";"Colisão com veículos (traseira)";2;0;0;0;0;1;0;0;0;0;3;0;0;0;0
"08/11/2015";"08:46:00";"341";"sem vítima";"60.8";"BR-163/MS";"Norte";"Atropelamento - Animal";1;0;0;0;0;0;0;0;0;0;1;0;0;0;0
"08/11/2015";"09:36:00";"356";"sem vítima";"50.28";"BR-163/MS";"Sul";"Tombamento";0;0;1;0;0;0;0;0;0;0;1;0;0;0;0
"09/11/2015";"01:26:00";"15";"sem vítima";"603.78";"BR-163/MS";"Sul";"Capotamento";0;0;0;0;0;0;0;0;0;1;2;0;0;0;0
"09/11/2015";"03:07:00";"242";"sem vítima";"260";"BR-163/MS";"Norte";"Capotamento";0;0;1;0;0;0;0;0;0;0;1;0;0;0;0
"09/11/2015";"05:52:00";"287";"com vítima";"767.4";"BR-163/MS";"Sul";"Capotamento";1;0;0;0;0;0;0;0;0;0;0;1;0;0;0
"09/11/2015";"06:29:00";"293";"sem vítima";"475";"BR-163/MS";"Norte";"Colisão com veículos (traseira)";1;0;0;0;0;0;0;0;0;1;2;0;0;0;0
"09/11/2015";"07:48:00";"322";"com vítima";"324.6";"BR-163/MS";"Norte";"Tombamento de moto";0;0;0;1;0;0;0;0;0;0;0;2;0;0;0
"09/11/2015";"08:08:00";"326";"com vítima";"422";"BR-163/MS";"Sul";"Atropelamento - Pedestre";0;0;0;1;0;0;0;0;0;0;1;1;0;0;0
"09/11/2015";"11:21:00";"377";"com vítima";"97.5";"BR-163/MS";"Norte";"Saídas de pista";0;0;1;0;0;0;0;0;0;0;1;1;0;0;0
"10/11/2015";"05:17:00";"54";"com vítima";"124";"BR-163/MS";"Sul";"Colisão com veículos (traseira)";0;1;0;1;0;0;0;0;0;0;0;0;2;0;0
"10/11/2015";"06:59:00";"80";"com vítima";"475";"BR-163/MS";"Norte";"Tombamento de moto";1;0;0;1;0;0;0;0;0;1;2;1;0;0;0
"10/11/2015";"07:12:00";"87";"com vítima";"485";"BR-163/MS";"Norte";"Capotamento";1;0;0;1;0;0;0;0;0;1;0;1;0;0;3
"10/11/2015";"10:12:00";"178";"com vítima";"269";"BR-163/MS";"Sul";"Saídas de pista";0;0;0;1;0;0;0;0;0;0;1;1;0;0;0
"10/11/2015";"02:45:00";"265";"sem vítima";"481.482";"BR-163/MS";"Sul";"Colisão com veículos (traseira)";1;0;1;0;0;0;0;0;0;0;2;0;0;0;0
"10/11/2015";"08:16:00";"378";"com vítima";"490";"BR-163/MS";"Norte";"Atropelamento - Pedestre";0;0;0;1;0;0;0;0;0;0;1;0;1;0;0
"10/11/2015";"08:56:00";"390";"sem vítima";"664.3";"BR-163/MS";"Norte";"Atropelamento - Animal";1;0;0;0;0;0;0;0;0;0;1;0;0;0;0
"11/11/2015";"02:33:00";"38";"com vítima";"480";"BR-163/MS";"Norte";"Colisão com veículos (traseira)";0;0;1;0;0;0;0;0;0;1;1;1;0;0;0
"11/11/2015";"06:50:00";"99";"com vítima";"257.4";"BR-163/MS";"Sul";"Saídas de pista";0;0;0;1;0;0;0;0;0;0;0;2;0;0;0
"11/11/2015";"10:53:00";"231";"sem vítima";"324";"BR-163/MS";"Norte";"Colisão com veículos (traseira)";1;0;1;0;0;0;0;0;0;0;2;0;0;0;0
"11/11/2015";"12:47:00";"268";"com vítima";"364";"BR-163/MS";"Norte";"Tombamento de moto";0;0;0;1;0;0;0;0;0;0;0;1;0;0;0
"11/11/2015";"02:04:00";"292";"sem vítima";"490";"BR-163/MS";"Norte";"Colisão com veículos (traseira)";2;0;0;1;0;0;0;0;0;0;3;0;0;0;0
"11/11/2015";"06:55:00";"400";"com vítima";"113";"BR-163/MS";"Norte";"Engavetamento";2;0;1;0;0;0;0;0;0;0;4;1;0;0;0
"11/11/2015";"07:47:00";"416";"sem vítima";"349";"BR-163/MS";"Norte";"Atropelamento - Animal";1;0;0;0;0;0;0;0;0;0;3;0;0;0;0
"11/11/2015";"10:54:00";"458";"sem vítima";"255.8";"BR-163/MS";"Sul";"Saídas de pista";1;0;0;0;0;0;0;0;0;0;1;0;0;0;0
"12/11/2015";"02:26:00";"332";"sem vítima";"366";"BR-163/MS";"Sul";"Colisão com veículos (traseira)";0;0;0;0;0;0;0;0;0;2;2;0;0;0;0
"12/11/2015";"09:07:00";"453";"com vítima";"208.5";"BR-163/MS";"Norte";"Colisão lateral no mesmo sentido";0;0;0;2;0;0;0;0;0;0;0;3;0;0;0
"13/11/2015";"01:03:00";"9";"com vítima";"103.7";"BR-163/MS";"Norte";"Saídas de pista";0;0;1;0;0;0;0;0;0;0;0;1;0;0;0
"13/11/2015";"03:59:00";"285";"sem vítima";"246";"BR-163/MS";"Norte";"Tombamento";0;0;1;0;0;0;0;0;0;0;1;0;0;0;0
"13/11/2015";"06:15:00";"327";"sem vítima";"766";"BR-163/MS";"Norte";"Colisão c/ obstáculos";1;0;0;0;0;1;0;0;0;0;2;0;0;0;0
"14/11/2015";"06:59:00";"66";"com vítima";"269";"BR-163/MS";"Sul";"Colisão com veículos (traseira)";1;0;0;1;0;0;0;0;0;0;1;1;0;0;0
"14/11/2015";"08:19:00";"357";"sem vítima";"24";"BR-163/MS";"Norte";"Colisão com veículos (traseira)";1;0;1;0;0;0;0;0;0;0;5;0;0;0;0
"15/11/2015";"12:09:00";"2";"com vítima";"523";"BR-163/MS";"Norte";"Capotamento";0;0;0;0;0;0;0;0;0;1;0;0;1;0;0
"15/11/2015";"05:34:00";"66";"com vítima";"208.29";"BR-163/MS";"Norte";"Saídas de pista";1;0;0;0;0;0;0;0;0;0;0;1;0;0;0
"15/11/2015";"12:39:00";"209";"com vítima";"271";"BR-163/MS";"Norte";"Tombamento de moto";0;0;0;1;0;0;0;0;0;0;0;2;0;0;0
"15/11/2015";"02:04:00";"236";"com vítima";"222";"BR-163/MS";"Norte";"Colisão c/ obstáculos";1;0;0;0;0;0;0;0;0;0;0;2;0;0;0
"15/11/2015";"03:24:00";"267";"com vítima";"654.5";"BR-163/MS";"Norte";"Capotamento";1;0;0;0;0;0;0;0;0;0;0;1;0;0;0
"15/11/2015";"03:39:00";"273";"sem vítima";"27";"BR-163/MS";"Sul";"Engavetamento";3;0;0;0;0;0;0;0;0;0;6;0;0;0;0
"15/11/2015";"07:41:00";"348";"sem vítima";"407";"BR-163/MS";"Norte";"Atropelamento - Animal";1;0;0;0;0;0;0;0;0;0;5;0;0;0;0
"15/11/2015";"09:26:00";"375";"sem vítima";"345";"BR-163/MS";"Norte";"Atropelamento - Animal";1;0;0;0;0;0;0;0;0;0;1;0;0;0;0
"15/11/2015";"10:53:00";"379";"com vítima";"346.6";"BR-163/MS";"Norte";"Capotamento";1;0;0;0;0;0;0;0;0;0;0;1;0;0;0
"16/11/2015";"04:32:00";"327";"sem vítima";"362.2";"BR-163/MS";"Sul";"Capotamento";1;0;0;0;0;0;0;0;0;0;2;0;0;0;0
"17/11/2015";"06:52:00";"66";"com vítima";"11.9";"BR-163/MS";"Norte";"Tombamento";0;0;1;0;0;0;0;0;0;0;0;1;0;0;0
"17/11/2015";"11:16:00";"178";"sem vítima";"171.7";"BR-163/MS";"Sul";"Colisão com veículos (traseira)";2;0;0;0;0;0;0;0;0;0;2;0;0;0;0
"17/11/2015";"06:17:00";"312";"sem vítima";"391";"BR-163/MS";"Norte";"Colisão c/ obstáculos";0;0;1;0;0;0;0;0;0;0;1;0;0;0;0
"17/11/2015";"07:27:00";"334";"com vítima";"484.5";"BR-163/MS";"Norte";"Colisão com veículos (traseira)";0;0;0;1;0;0;0;0;0;1;1;2;0;0;0
"17/11/2015";"07:32:00";"336";"com vítima";"18";"BR-163/MS";"Norte";"Colisão lateral no mesmo sentido";0;0;1;1;0;0;0;0;0;0;1;1;1;0;0
"17/11/2015";"08:11:00";"342";"com vítima";"486";"BR-163/MS";"Norte";"Colisão lateral no sentido contrário";1;0;0;1;0;0;0;0;0;0;1;1;0;0;0
"18/11/2015";"09:41:00";"172";"sem vítima";"414";"BR-163/MS";"Norte";"Colisão c/ obstáculos";0;0;2;0;0;0;0;0;0;0;2;0;0;0;0
"18/11/2015";"08:51:00";"380";"sem vítima";"577";"BR-163/MS";"Norte";"Atropelamento - Animal";0;0;0;0;0;0;0;0;0;1;1;0;0;0;0
"18/11/2015";"11:15:00";"417";"com vítima";"694";"BR-163/MS";"Norte";"Atropelamento - Animal";0;0;0;0;0;0;0;0;0;1;1;1;0;0;0
"19/11/2015";"05:17:00";"473";"com vítima";"430";"BR-163/MS";"Norte";"Colisão com veículos (traseira)";1;0;1;0;0;0;0;0;0;0;1;1;0;0;0
"20/11/2015";"04:16:00";"38";"sem vítima";"741";"BR-163/MS";"Norte";"Atropelamento - Animal";1;0;0;0;0;0;0;0;0;0;2;0;0;0;0
"20/11/2015";"08:48:00";"119";"sem vítima";"136";"BR-163/MS";"Norte";"Colisão com veículos (traseira)";0;0;2;0;0;0;0;0;0;0;2;0;0;0;0
"20/11/2015";"10:09:00";"155";"com vítima";"654";"BR-163/MS";"Sul";"Tombamento";0;0;1;0;0;0;0;0;0;0;0;2;0;0;0
"20/11/2015";"12:19:00";"219";"com vítima";"843";"BR-163/MS";"Sul";"Tombamento";0;0;1;0;0;0;0;0;0;0;0;0;1;0;0
"20/11/2015";"02:03:00";"259";"sem vítima";"209";"BR-163/MS";"Norte";"Colisão com veículos (traseira)";0;0;1;0;0;0;0;0;0;1;3;0;0;0;0
"21/11/2015";"04:58:00";"317";"sem vítima";"28";"BR-163/MS";"Norte";"Colisão com veículos (traseira)";0;0;2;0;0;0;0;0;0;0;2;0;0;0;0
"21/11/2015";"07:16:00";"351";"sem vítima";"425.2";"BR-163/MS";"Norte";"Tombamento";0;0;1;0;0;0;0;0;0;0;1;0;0;0;0
"21/11/2015";"09:14:00";"372";"com vítima";"363.612";"BR-163/MS";"Sul";"Capotamento";0;0;0;0;0;0;0;0;0;1;0;1;0;0;0
"21/11/2015";"10:51:00";"393";"sem vítima";"749";"BR-163/MS";"Sul";"Atropelamento - Animal";0;0;1;0;0;0;0;0;0;0;1;0;0;0;0
"22/11/2015";"10:22:00";"142";"sem vítima";"479";"BR-163/MS";"Norte";"Tombamento de moto";0;0;0;1;0;0;0;0;0;0;1;0;0;0;0
"22/11/2015";"08:02:00";"322";"com vítima";"259.5";"BR-163/MS";"Sul";"Colisão com veículos (traseira)";1;0;0;1;0;0;0;0;0;0;0;1;2;1;0
"22/11/2015";"08:09:00";"323";"com vítima";"365.1";"BR-163/MS";"Norte";"Colisão lateral no mesmo sentido";1;0;0;1;0;0;0;0;0;0;1;0;1;0;0
"22/11/2015";"09:28:00";"345";"sem vítima";"425.2";"BR-163/MS";"Norte";"Tombamento";0;0;1;0;0;0;0;0;0;0;1;0;0;0;0
"23/11/2015";"02:11:00";"200";"com vítima";"647";"BR-163/MS";"Norte";"Colisão com veículos (traseira)";0;0;2;0;0;0;0;0;0;0;1;0;0;1;0
"23/11/2015";"06:41:00";"287";"com vítima";"194";"BR-163/MS";"Norte";"Tombamento";0;0;1;0;0;0;0;0;0;0;0;1;1;0;0
"24/11/2015";"04:56:00";"50";"sem vítima";"508";"BR-163/MS";"Norte";"Atropelamento - Animal";1;0;0;0;0;0;0;0;0;0;1;0;0;0;0
"24/11/2015";"11:25:00";"200";"com vítima";"183";"BR-163/MS";"Sul";"Colisão com veículos (traseira)";2;0;0;0;0;0;0;0;0;0;1;1;0;0;0
"24/11/2015";"01:03:00";"225";"com vítima";"839.2";"BR-163/MS";"Norte";"Tombamento";0;0;1;0;0;0;0;0;0;0;0;1;0;0;0
"25/11/2015";"03:12:00";"33";"sem vítima";"699.9";"BR-163/MS";"Sul";"Atropelamento - Animal";0;0;0;0;0;0;0;0;0;1;1;0;0;0;0
"25/11/2015";"07:38:00";"89";"sem vítima";"256.6";"BR-163/MS";"Norte";"Capotamento";0;0;0;0;0;0;0;0;0;1;1;0;0;0;0
"26/11/2015";"06:24:00";"435";"sem vítima";"528";"BR-163/MS";"Norte";"Colisão com veículos (traseira)";0;0;1;0;0;0;0;0;0;1;2;0;0;0;0
"26/11/2015";"08:02:00";"476";"com vítima";"288";"BR-163/MS";"Norte";"Colisão com veículos (traseira)";0;1;0;0;0;1;0;0;0;0;1;0;0;0;1
"27/11/2015";"01:56:00";"32";"sem vítima";"177";"BR-163/MS";"Norte";"Saídas de pista";1;0;0;0;0;0;0;0;0;0;3;0;0;0;0
"27/11/2015";"05:04:00";"84";"sem vítima";"513";"BR-163/MS";"Norte";"Saídas de pista";0;0;1;0;0;0;0;0;0;0;1;0;0;0;0
"27/11/2015";"06:34:00";"113";"com vítima";"837";"BR-163/MS";"Sul";"Colisão lateral no sentido contrário";0;0;1;0;1;0;0;0;0;0;2;14;2;0;0
"27/11/2015";"03:35:00";"355";"sem vítima";"520.5";"BR-163/MS";"Norte";"Colisão com veículos (traseira)";0;0;0;0;0;0;0;0;0;2;17;0;0;0;0
"28/11/2015";"10:12:00";"196";"sem vítima";"490";"BR-163/MS";"Sul";"Tombamento";0;0;1;0;0;0;0;0;0;0;1;0;0;0;0
"28/11/2015";"07:36:00";"367";"sem vítima";"134.87";"BR-163/MS";"Sul";"Saídas de pista";1;0;0;0;0;0;0;0;0;0;4;0;0;0;0
"28/11/2015";"10:15:00";"396";"com vítima";"603.5";"BR-163/MS";"Sul";"Tombamento";0;0;1;0;0;0;0;0;0;0;3;1;0;0;0
"28/11/2015";"11:45:00";"412";"com vítima";"840";"BR-163/MS";"Norte";"Colisão com veículos (traseira)";0;0;0;1;0;1;0;0;0;0;1;0;0;0;1
"29/11/2015";"06:51:00";"48";"sem vítima";"559";"BR-163/MS";"Norte";"Colisão lateral no mesmo sentido";0;0;0;0;0;0;0;0;0;1;2;0;0;0;0
"29/11/2015";"04:57:00";"241";"com vítima";"260";"BR-163/MS";"Norte";"Atropelamento - Pedestre";0;1;0;1;0;0;0;0;0;0;0;0;0;2;0
"29/11/2015";"10:20:00";"317";"sem vítima";"342";"BR-163/MS";"Sul";"Colisão com veículos (traseira)";2;0;0;0;0;0;0;0;0;0;2;0;0;0;0
"30/11/2015";"05:43:00";"282";"com vítima";"283.85";"BR-163/MS";"Norte";"Colisão com veículos (traseira)";1;0;1;0;0;0;0;0;0;0;2;1;0;0;0
"01/12/2015";"02:08:00";"37";"sem vítima";"107";"BR-163/MS";"Norte";"Colisão lateral no mesmo sentido";0;0;1;0;0;1;0;0;0;0;2;0;0;0;0
"01/12/2015";"08:48:00";"189";"sem vítima";"396";"BR-163/MS";"Norte";"Colisão com veículos (traseira)";0;0;2;0;0;0;0;0;0;0;3;0;0;0;0
"01/12/2015";"04:40:00";"360";"sem vítima";"103";"BR-163/MS";"Sul";"Tombamento";0;0;1;0;0;0;0;0;0;0;1;0;0;0;0
"01/12/2015";"05:27:00";"368";"com vítima";"260";"BR-163/MS";"Norte";"Atropelamento - Pedestre";1;0;0;1;0;0;0;0;0;0;1;1;0;1;0
"01/12/2015";"07:01:00";"390";"sem vítima";"485";"BR-163/MS";"Norte";"Colisão lateral no mesmo sentido";1;0;0;1;0;0;0;0;0;0;2;0;0;0;0
"02/12/2015";"01:34:00";"11";"sem vítima";"563";"BR-163/MS";"Norte";"Atropelamento - Animal";1;0;0;0;0;0;0;0;0;0;2;0;0;0;0
"02/12/2015";"05:06:00";"36";"sem vítima";"822.9";"BR-163/MS";"Norte";"Saídas de pista";0;0;1;0;0;0;0;0;0;0;1;0;0;0;0
"02/12/2015";"05:36:00";"44";"com vítima";"123";"BR-163/MS";"Sul";"Colisão c/ obstáculos";0;0;0;1;0;0;0;0;0;0;0;1;0;0;0
"02/12/2015";"03:20:00";"269";"sem vítima";"159.45";"BR-163/MS";"Norte";"Colisão com veículos (traseira)";1;0;1;0;0;0;0;0;0;0;5;0;0;0;0
"03/12/2015";"01:16:00";"10";"sem vítima";"20";"BR-163/MS";"Norte";"Capotamento";1;0;0;0;0;0;0;0;0;0;1;0;0;0;0
"03/12/2015";"01:55:00";"245";"com vítima";"658";"BR-163/MS";"Sul";"Saídas de pista";0;0;0;0;0;0;0;0;0;1;0;1;0;0;0
"03/12/2015";"01:57:00";"247";"com vítima";"645";"BR-163/MS";"Norte";"Tombamento";0;0;1;0;0;0;0;0;0;0;0;1;0;0;0
"04/12/2015";"12:26:00";"3";"sem vítima";"363.5";"BR-163/MS";"Sul";"Atropelamento - Animal";1;0;0;0;0;0;0;0;0;0;1;0;0;0;0
"04/12/2015";"02:59:00";"27";"sem vítima";"620";"BR-163/MS";"Norte";"Saídas de pista";0;0;1;0;0;0;0;0;0;0;1;0;0;0;0
"04/12/2015";"06:11:00";"52";"com vítima";"77";"BR-163/MS";"Sul";"Colisão com veículos (frontal)";0;0;0;1;0;0;0;0;0;1;2;0;0;2;0
"04/12/2015";"12:33:00";"239";"com vítima";"471";"BR-163/MS";"Sul";"Colisão com veículos (frontal)";1;0;1;0;0;0;0;0;0;0;1;0;0;1;0
"04/12/2015";"02:42:00";"291";"sem vítima";"101";"BR-163/MS";"Sul";"Saídas de pista";1;0;0;0;0;0;0;0;0;0;3;0;0;0;0
"04/12/2015";"02:50:00";"294";"sem vítima";"383";"BR-163/MS";"Sul";"Colisão com veículos (traseira)";0;0;2;0;0;0;0;0;0;0;2;0;0;0;0
"04/12/2015";"05:26:00";"333";"com vítima";"80";"BR-163/MS";"Norte";"Colisão com veículos (frontal)";2;0;1;0;0;0;0;0;0;0;4;0;0;0;1