data;horario;n_da_ocorrencia;tipo_de_ocorrencia;km;trecho;sentido;tipo_de_acidente;automovel;bicicleta;caminhao;moto;onibus;outros;tracao_animal;transporte_de_cargas_especiais;trator_maquinas;utilitarios;ilesos;levemente_feridos;moderadamente_feridos;gravemente_feridos;mortos
"17/12/2016";"09:00:00";"388";"com vítima";"78.353";"BR-163/MS";"Norte";"Atropelamento de pedestre";0;0;0;0;0;1;0;0;0;0;1;0;0;1;0
"17/12/2016";"11:11:00";"403";"sem vítima";"226.56";"BR-163/MS";"Sul";"Atropelamento de animais";1;0;0;0;0;0;0;0;0;0;1;0;0;0;0
"17/12/2016";"11:21:00";"404";"com vítima";"256.963";"BR-163/MS";"Norte";"Colisão c/ obstáculos";0;1;0;0;0;0;0;0;0;0;0;0;1;0;0
"18/12/2016";"07:06:00";"55";"com vítima";"11";"BR-163/MS";"Norte";"Capotamento";1;0;0;0;0;0;0;0;0;0;0;1;0;0;0
"18/12/2016";"10:03:00";"143";"com vítima";"500.3";"BR-163/MS";"Norte";"Colisão lateral no mesmo sentido";1;0;1;0;0;0;0;0;0;0;1;0;1;0;0
"18/12/2016";"11:48:00";"174";"com vítima";"639";"BR-163/MS";"Norte";"Tombamento de moto";0;0;0;1;0;0;0;0;0;0;0;2;0;0;0
"18/12/2016";"06:51:00";"326";"com vítima";"605";"BR-163/MS";"Norte";"Atropelamento de pedestre";0;0;0;0;0;0;0;0;0;1;1;0;1;0;0
"18/12/2016";"07:19:00";"339";"sem vítima";"765";"BR-163/MS";"Norte";"Saídas de pista";1;0;0;0;0;0;0;0;0;0;1;0;0;0;0
"19/12/2016";"07:53:00";"93";"sem vítima";"476";"BR-163/MS";"Norte";"Colisão lateral no mesmo sentido";0;0;2;0;0;0;0;0;0;0;2;0;0;0;0
"19/12/2016";"01:06:00";"229";"sem vítima";"499";"BR-163/MS";"Sul";"Colisão lateral no mesmo sentido";0;0;1;0;0;0;0;0;0;1;2;0;0;0;0
"19/12/2016";"01:41:00";"242";"sem vítima";"502.6";"BR-163/MS";"Norte";"Saídas de pista";1;0;0;0;0;0;0;0;0;1;3;0;0;0;0
"19/12/2016";"04:40:00";"300";"sem vítima";"466";"BR-163/MS";"Norte";"Colisão lateral no mesmo sentido";0;0;1;0;1;0;0;0;0;0;4;0;0;0;0
"19/12/2016";"05:23:00";"316";"sem vítima";"398.68";"BR-163/MS";"Sul";"Saídas de pista";1;0;0;0;0;0;0;0;0;0;2;0;0;0;0
"20/12/2016";"01:07:00";"6";"sem vítima";"605.766";"BR-163/MS";"Sul";"Tombamento";0;0;0;0;0;0;0;0;0;1;2;0;0;0;0
"20/12/2016";"09:10:00";"140";"sem vítima";"28";"BR-163/MS";"Norte";"Colisão com veículos (traseira)";0;0;2;0;0;0;0;0;0;0;2;0;0;0;0
"20/12/2016";"09:27:00";"148";"com vítima";"485.65";"BR-163/MS";"Sul";"Colisão com veículos (traseira)";0;0;2;0;0;0;0;0;0;0;2;1;0;0;0
"20/12/2016";"11:55:00";"198";"sem vítima";"233";"BR-163/MS";"Norte";"Saídas de pista";1;0;0;0;0;0;0;0;0;0;1;0;0;0;0
"20/12/2016";"02:06:00";"236";"com vítima";"325";"BR-163/MS";"Norte";"Colisão com veículos (frontal)";1;0;1;0;0;0;0;0;0;0;1;0;0;2;0
"20/12/2016";"04:37:00";"285";"com vítima";"560.927";"BR-163/MS";"Sul";"Saídas de pista";0;0;0;0;0;0;0;0;0;1;0;1;0;0;0
"20/12/2016";"06:58:00";"321";"sem vítima";"276";"BR-163/MS";"Sul";"Colisão com veículos (traseira)";1;0;1;0;0;0;0;0;0;0;2;0;0;0;0
"21/12/2016";"12:54:00";"5";"sem vítima";"511.555";"BR-163/MS";"Sul";"Saídas de pista";1;0;0;0;0;0;0;0;0;0;3;0;0;0;0
"21/12/2016";"05:51:00";"29";"sem vítima";"647.295";"BR-163/MS";"Sul";"Saídas de pista";1;0;0;0;0;0;0;0;0;0;1;0;0;0;0
"21/12/2016";"11:40:00";"170";"sem vítima";"376";"BR-163/MS";"Norte";"Colisão com veículos (traseira)";0;0;0;0;0;0;0;0;0;2;2;0;0;0;0
"21/12/2016";"09:22:00";"316";"com vítima";"276.372";"BR-163/MS";"Sul";"Colisão c/ obstáculos";0;0;0;1;0;0;0;0;0;0;0;1;0;0;0
"22/12/2016";"12:13:00";"4";"sem vítima";"354.542";"BR-163/MS";"Norte";"Saídas de pista";0;0;1;0;0;0;0;0;0;0;1;0;0;0;0
"22/12/2016";"04:08:00";"23";"sem vítima";"316.64";"BR-163/MS";"Sul";"Colisão c/ obstáculos";1;0;0;0;0;0;0;0;0;0;1;0;0;0;0
"22/12/2016";"07:16:00";"61";"sem vítima";"6";"BR-163/MS";"Norte";"Colisão com veículos (traseira)";1;0;0;0;0;1;0;0;0;0;5;0;0;0;0
"22/12/2016";"09:14:00";"125";"sem vítima";"283";"BR-163/MS";"Sul";"Engavetamento";3;0;0;0;0;0;0;0;0;0;10;0;0;0;0
"22/12/2016";"01:12:00";"214";"com vítima";"376";"BR-163/MS";"Norte";"Capotamento";1;0;0;0;0;0;0;0;0;0;3;0;1;0;0
"22/12/2016";"03:52:00";"283";"sem vítima";"790";"BR-163/MS";"Sul";"Colisão lateral no mesmo sentido";1;0;0;0;0;0;0;0;0;1;4;0;0;0;0
"22/12/2016";"04:49:00";"304";"sem vítima";"20";"BR-163/MS";"Norte";"Colisão com veículos (traseira)";2;0;0;0;0;0;0;0;0;0;8;0;0;0;0
"22/12/2016";"05:04:00";"311";"com vítima";"654";"BR-163/MS";"Norte";"Colisão c/ obstáculos";0;0;0;0;0;0;0;0;0;1;2;1;0;0;0
"22/12/2016";"05:20:00";"320";"sem vítima";"606";"BR-163/MS";"Norte";"Colisão lateral no mesmo sentido";1;0;1;0;0;0;0;0;0;0;4;0;0;0;0
"22/12/2016";"10:14:00";"406";"sem vítima";"688";"BR-163/MS";"Sul";"Saídas de pista";1;0;0;0;0;0;0;0;0;0;3;0;0;0;0
"23/12/2016";"05:30:00";"65";"sem vítima";"81";"BR-163/MS";"Sul";"Colisão lateral no mesmo sentido";1;0;1;0;0;0;0;0;0;0;5;0;0;0;0
"23/12/2016";"09:15:00";"154";"sem vítima";"616";"BR-163/MS";"Norte";"Colisão com veículos (traseira)";2;0;0;0;0;0;0;0;0;1;5;0;0;0;0
"23/12/2016";"10:58:00";"185";"sem vítima";"42";"BR-163/MS";"Norte";"Engavetamento";3;0;0;0;0;0;0;0;0;0;10;0;0;0;0
"23/12/2016";"11:48:00";"206";"sem vítima";"533";"BR-163/MS";"Sul";"Colisão com veículos (traseira)";1;0;1;0;0;0;0;0;0;0;6;0;0;0;0
"23/12/2016";"12:35:00";"227";"com vítima";"507";"BR-163/MS";"Norte";"Colisão lateral no sentido contrário";0;0;1;0;0;0;0;0;0;1;1;0;1;1;1
"23/12/2016";"01:04:00";"239";"com vítima";"113";"BR-163/MS";"Sul";"Engavetamento";2;0;0;0;0;0;0;0;0;1;5;1;0;0;0
"23/12/2016";"03:04:00";"281";"sem vítima";"547";"BR-163/MS";"Norte";"Colisão com veículos (traseira)";2;0;0;0;0;0;0;0;0;0;2;0;0;0;0
"23/12/2016";"05:32:00";"327";"sem vítima";"20.19";"BR-163/MS";"Sul";"Colisão com veículos (traseira)";1;0;0;0;0;0;0;0;0;1;2;0;0;0;0
"23/12/2016";"06:55:00";"346";"com vítima";"209.5";"BR-163/MS";"Sul";"Colisão lateral no mesmo sentido";1;0;1;0;0;0;0;0;0;0;1;1;0;0;0
"23/12/2016";"10:14:00";"408";"com vítima";"481";"BR-163/MS";"Norte";"Atropelamento de pedestre";0;0;0;1;0;0;0;0;0;0;0;0;1;1;0
"24/12/2016";"08:51:00";"127";"com vítima";"124";"BR-163/MS";"Norte";"Colisão lateral no mesmo sentido";1;0;0;1;0;0;0;0;0;0;2;1;0;0;0
"24/12/2016";"09:45:00";"355";"com vítima";"256.13";"BR-163/MS";"Sul";"Colisão com veículos (traseira)";0;0;1;1;0;0;0;0;0;0;1;0;0;1;0
"25/12/2016";"04:21:00";"32";"com vítima";"487.621";"BR-163/MS";"Sul";"Atropelamento de pedestre";0;0;0;0;1;0;0;0;0;0;1;0;0;1;0
"25/12/2016";"07:07:00";"54";"sem vítima";"787.874";"BR-163/MS";"Norte";"Colisão c/ obstáculos";0;0;0;0;0;0;0;0;0;1;2;0;0;0;0
"25/12/2016";"06:23:00";"238";"sem vítima";"364.198";"BR-163/MS";"Norte";"Capotamento";1;0;0;0;0;0;0;0;0;0;3;0;0;0;0
"25/12/2016";"07:32:00";"257";"com vítima";"543.571";"BR-163/MS";"Sul";"Saídas de pista";1;0;0;0;0;0;0;0;0;0;0;1;0;0;0
"26/12/2016";"01:20:00";"11";"sem vítima";"68.906";"BR-163/MS";"Norte";"Atropelamento de animais";1;0;0;0;0;0;0;0;0;0;1;0;0;0;0
"26/12/2016";"03:44:00";"26";"sem vítima";"251.798";"BR-163/MS";"Sul";"Atropelamento de animais";1;0;0;0;0;0;0;0;0;0;1;0;0;0;0
"26/12/2016";"05:38:00";"34";"com vítima";"485.63";"BR-163/MS";"Sul";"Colisão lateral no sentido contrário";0;0;0;1;0;0;0;0;0;1;5;1;0;0;0
"26/12/2016";"10:46:00";"143";"sem vítima";"21.9";"BR-163/MS";"Norte";"Colisão com veículos (traseira)";2;0;0;0;0;0;0;0;0;0;7;0;0;0;0
"26/12/2016";"01:59:00";"196";"com vítima";"492";"BR-163/MS";"Sul";"Colisão com veículos (traseira)";1;0;1;0;0;0;0;0;0;0;1;1;0;0;0
"26/12/2016";"04:16:00";"256";"sem vítima";"254";"BR-163/MS";"Norte";"Colisão lateral no mesmo sentido";1;0;1;0;0;0;0;0;0;0;5;0;0;0;0
"26/12/2016";"04:17:00";"259";"com vítima";"594.9";"BR-163/MS";"Sul";"Tombamento de moto";0;0;0;1;0;0;0;0;0;0;0;1;0;0;0
"27/12/2016";"03:05:00";"40";"com vítima";"46.5";"BR-163/MS";"Norte";"Tombamento de moto";0;0;0;1;0;0;0;0;0;0;0;1;0;0;0
"27/12/2016";"10:47:00";"184";"sem vítima";"523";"BR-163/MS";"Norte";"Colisão com veículos (traseira)";1;0;1;0;0;0;0;0;0;0;3;0;0;0;0
"27/12/2016";"11:52:00";"200";"sem vítima";"13";"BR-163/MS";"Sul";"Colisão com veículos (traseira)";1;0;0;0;0;0;0;0;0;1;6;0;0;0;0
"27/12/2016";"06:09:00";"338";"sem vítima";"113";"BR-163/MS";"Sul";"Colisão com veículos (traseira)";0;0;1;0;0;0;0;0;0;1;2;0;0;0;0
"27/12/2016";"08:34:00";"390";"com vítima";"259.9";"BR-163/MS";"Sul";"Atropelamento de pedestre";0;0;0;0;0;1;0;0;0;0;1;1;0;0;0
"28/12/2016";"06:10:00";"342";"com vítima";"486.633";"BR-163/MS";"Norte";"Colisão lateral no mesmo sentido";2;0;0;0;0;0;0;0;0;0;1;4;0;0;0
"28/12/2016";"07:42:00";"364";"sem vítima";"572.219";"BR-163/MS";"Norte";"Saídas de pista";0;0;0;0;0;0;0;0;0;1;1;0;0;0;0
"28/12/2016";"08:44:00";"373";"com vítima";"21.249";"BR-163/MS";"Norte";"Colisão c/ obstáculos";1;0;0;0;0;0;0;0;0;0;0;0;1;0;0
"28/12/2016";"10:45:00";"395";"sem vítima";"75.744";"BR-163/MS";"Sul";"Saídas de pista";1;0;0;0;0;0;0;0;0;0;1;0;0;0;0
"28/12/2016";"11:50:00";"407";"sem vítima";"455.165";"BR-163/MS";"Sul";"Saídas de pista";1;0;0;0;0;0;0;0;0;0;1;0;0;0;0
"29/12/2016";"12:51:00";"195";"sem vítima";"449";"BR-163/MS";"Norte";"Colisão com veículos (traseira)";0;0;0;1;0;0;0;0;0;1;2;0;0;0;0
"29/12/2016";"02:06:00";"216";"sem vítima";"365";"BR-163/MS";"Sul";"Colisão com veículos (traseira)";1;0;1;0;0;0;0;0;0;0;2;0;0;0;0
"29/12/2016";"03:30:00";"246";"sem vítima";"49";"BR-163/MS";"Sul";"Colisão c/ obstáculos";0;0;0;0;0;0;0;0;0;1;5;0;0;0;0
"29/12/2016";"06:02:00";"301";"sem vítima";"328.556";"BR-163/MS";"Sul";"Saídas de pista";0;0;0;0;0;0;0;0;0;1;1;0;0;0;0
"29/12/2016";"11:55:00";"350";"sem vítima";"319.195";"BR-163/MS";"Sul";"Colisão lateral no mesmo sentido";1;0;0;0;0;0;0;0;0;1;3;0;0;0;0
"30/12/2016";"08:06:00";"93";"sem vítima";"5";"BR-163/MS";"Norte";"Engavetamento";3;0;0;0;0;0;0;0;0;0;6;0;0;0;0
"30/12/2016";"09:45:00";"143";"com vítima";"432";"BR-163/MS";"Sul";"Colisão com veículos (traseira)";1;0;1;0;0;0;0;0;0;0;2;2;0;0;0
"30/12/2016";"10:47:00";"169";"sem vítima";"466";"BR-163/MS";"Sul";"Colisão lateral no mesmo sentido";0;0;2;0;0;0;0;0;0;0;2;0;0;0;0
"30/12/2016";"02:33:00";"241";"sem vítima";"21";"BR-163/MS";"Sul";"Colisão com veículos (traseira)";1;0;1;0;0;0;0;0;0;0;5;0;0;0;0
"30/12/2016";"04:50:00";"279";"sem vítima";"280";"BR-163/MS";"Norte";"Saídas de pista";1;0;0;0;0;0;0;0;0;0;1;0;0;0;0
"30/12/2016";"06:43:00";"319";"sem vítima";"192";"BR-163/MS";"Sul";"Colisão c/ obstáculos";1;0;0;0;0;0;0;0;0;0;1;0;0;0;0
"31/12/2016";"11:35:00";"149";"sem vítima";"54";"BR-163/MS";"Norte";"Colisão lateral no mesmo sentido";2;0;0;0;0;0;0;0;0;0;4;0;0;0;0
"31/12/2016";"01:47:00";"172";"com vítima";"484";"BR-163/MS";"Sul";"Tombamento de moto";0;0;0;1;0;0;0;0;0;0;1;1;0;0;0
"31/12/2016";"04:16:00";"211";"com vítima";"507";"BR-163/MS";"Norte";"Capotamento";1;0;0;0;0;0;0;0;0;0;2;1;0;1;0
"31/12/2016";"06:55:00";"244";"sem vítima";"265";"BR-163/MS";"Norte";"Tombamento de moto";0;0;0;1;0;0;0;0;0;0;1;0;0;0;0
"31/12/2016";"07:56:00";"260";"com vítima";"794";"BR-163/MS";"Norte";"Capotamento";1;0;0;0;0;0;0;0;0;0;0;4;1;0;0
"31/12/2016";"09:27:00";"278";"com vítima";"678.483";"BR-163/MS";"Sul";"Tombamento de moto";0;0;1;1;0;0;0;0;0;0;1;0;0;1;0
"31/12/2016";"10:01:00";"287";"sem vítima";"485.509";"BR-163/MS";"Norte";"Colisão lateral no sentido contrário";2;0;0;0;0;0;0;0;0;0;4;0;0;0;0
"01/01/2017";"01:25:00";"9";"com vítima";"488.71";"BR-163/MS";"Norte";"Saídas de pista";0;0;0;0;0;0;0;0;0;1;0;0;1;0;0
"01/01/2017";"08:28:00";"69";"com vítima";"484.5";"BR-163/MS";"Sul";"Tombamento de moto";0;0;0;1;0;0;0;0;0;0;0;1;0;0;0
"01/01/2017";"11:46:00";"117";"sem vítima";"421.25";"BR-163/MS";"Norte";"Colisão lateral no sentido contrário";2;0;0;0;0;0;0;0;0;0;3;0;0;0;0
"01/01/2017";"12:45:00";"125";"com vítima";"575";"BR-163/MS";"Norte";"Capotamento";2;0;0;0;0;0;0;0;0;0;3;1;0;0;0
"01/01/2017";"05:40:00";"193";"com vítima";"311.276";"BR-163/MS";"Norte";"Colisão lateral no mesmo sentido";2;0;0;0;0;0;0;0;0;0;6;1;0;0;0
"01/01/2017";"07:53:00";"221";"sem vítima";"313.722";"BR-163/MS";"Sul";"Capotamento";1;0;0;0;0;0;0;0;0;0;2;0;0;0;0
"01/01/2017";"09:31:00";"237";"sem vítima";"12.11";"BR-163/MS";"Norte";"Atropelamento de animais";1;0;0;0;0;0;0;0;0;0;1;0;0;0;0
"01/01/2017";"11:23:00";"252";"sem vítima";"574.33";"BR-163/MS";"Norte";"Capotamento";1;0;0;0;0;1;0;0;0;0;3;0;0;0;0
"01/01/2017";"11:47:00";"256";"sem vítima";"576.961";"BR-163/MS";"Sul";"Colisão c/ obstáculos";1;0;0;0;0;0;0;0;0;0;1;0;0;0;0
"02/01/2017";"06:23:00";"36";"sem vítima";"614.632";"BR-163/MS";"Norte";"Colisão com veículos (traseira)";0;0;0;0;0;0;0;0;0;2;4;0;0;0;0
"02/01/2017";"11:31:00";"138";"sem vítima";"5";"BR-163/MS";"Norte";"Engavetamento";0;0;0;0;0;0;0;0;0;3;8;0;0;0;0
"02/01/2017";"05:31:00";"253";"com vítima";"253";"BR-163/MS";"Norte";"Colisão com veículos (traseira)";0;0;0;1;0;0;0;0;0;1;1;0;0;1;0
"02/01/2017";"07:27:00";"284";"sem vítima";"456";"BR-163/MS";"Sul";"Colisão com veículos (traseira)";0;0;2;0;0;0;0;0;0;0;6;0;0;0;0
"03/01/2017";"09:58:00";"156";"sem vítima";"616";"BR-163/MS";"Norte";"Colisão com veículos (traseira)";2;0;0;0;0;0;0;0;0;0;4;0;0;0;0
"03/01/2017";"10:04:00";"158";"sem vítima";"453";"BR-163/MS";"Norte";"Saídas de pista";1;0;0;0;0;0;0;0;0;0;2;0;0;0;0
"03/01/2017";"10:16:00";"163";"com vítima";"61.5";"BR-163/MS";"Norte";"Colisão lateral no mesmo sentido";1;0;1;0;0;0;0;0;0;1;3;1;0;0;0
"03/01/2017";"01:33:00";"225";"sem vítima";"668";"BR-163/MS";"Norte";"Saídas de pista";0;0;0;0;0;0;0;0;0;1;1;0;0;0;0
"03/01/2017";"02:33:00";"256";"com vítima";"683";"BR-163/MS";"Norte";"Colisão com veículos (traseira)";2;0;0;0;0;0;0;0;0;0;2;1;0;0;0
"03/01/2017";"03:32:00";"276";"sem vítima";"186";"BR-163/MS";"Norte";"Saídas de pista";1;0;0;0;0;0;0;0;0;0;4;0;0;0;0
"03/01/2017";"07:30:00";"357";"com vítima";"344.5";"BR-163/MS";"Norte";"Colisão com veículos (frontal)";2;0;0;0;0;0;0;0;0;0;2;4;0;0;0
"03/01/2017";"08:25:00";"369";"com vítima";"50";"BR-163/MS";"Sul";"Tombamento de moto";0;0;0;1;0;0;0;0;0;0;0;1;0;0;0
"04/01/2017";"12:23:00";"211";"com vítima";"727";"BR-163/MS";"Norte";"Colisão lateral no mesmo sentido";2;0;0;0;0;0;0;0;0;0;1;8;0;0;0
"04/01/2017";"01:55:00";"241";"sem vítima";"481.65";"BR-163/MS";"Norte";"Tombamento";0;0;1;0;0;0;0;0;0;0;2;0;0;0;0
"05/01/2017";"02:50:00";"25";"sem vítima";"134.8";"BR-163/MS";"Norte";"Saídas de pista";0;0;1;0;0;0;0;0;0;0;2;0;0;0;0
"05/01/2017";"04:30:00";"278";"com vítima";"144.4";"BR-163/MS";"Norte";"Atropelamento de pedestre";0;0;1;0;0;1;0;0;0;0;3;0;0;0;1
"05/01/2017";"07:26:00";"342";"sem vítima";"487.5";"BR-163/MS";"Norte";"Colisão lateral no mesmo sentido";1;0;1;0;0;0;0;0;0;0;2;0;0;0;0
"05/01/2017";"09:57:00";"372";"sem vítima";"516";"BR-163/MS";"Sul";"Atropelamento de animais";1;0;0;0;0;0;0;0;0;0;1;0;0;0;0
"06/01/2017";"04:06:00";"282";"com vítima";"481";"BR-163/MS";"Sul";"Tombamento de moto";0;0;0;1;0;0;0;0;0;0;0;2;0;0;0
"06/01/2017";"04:55:00";"294";"sem vítima";"495.5";"BR-163/MS";"Norte";"Colisão com veículos (traseira)";2;0;0;0;0;0;0;0;0;0;9;0;0;0;0
"06/01/2017";"05:49:00";"306";"sem vítima";"25.5";"BR-163/MS";"Norte";"Colisão com veículos (traseira)";2;0;0;0;0;0;0;0;0;0;6;0;0;0;0
"06/01/2017";"06:32:00";"314";"sem vítima";"331.71";"BR-163/MS";"Sul";"Capotamento";1;0;0;0;0;0;0;0;0;0;1;0;0;0;0
"06/01/2017";"06:43:00";"317";"sem vítima";"520.18";"BR-163/MS";"Sul";"Colisão com veículos (traseira)";2;0;0;0;0;0;0;0;0;0;2;0;0;0;0
"07/01/2017";"07:24:00";"59";"com vítima";"664.67";"BR-163/MS";"Norte";"Colisão com veículos (frontal)";1;0;1;0;0;0;0;0;0;0;0;0;0;1;4
"07/01/2017";"08:14:00";"74";"sem vítima";"420";"BR-163/MS";"Sul";"Colisão lateral no mesmo sentido";1;0;0;0;0;0;0;0;0;1;3;0;0;0;0
"07/01/2017";"11:14:00";"138";"com vítima";"496";"BR-163/MS";"Norte";"Colisão lateral no mesmo sentido";1;0;1;0;0;0;0;0;0;0;2;2;0;1;0
"07/01/2017";"06:43:00";"252";"sem vítima";"476.701";"BR-163/MS";"Norte";"Colisão lateral no sentido contrário";2;0;0;0;0;0;0;0;0;0;6;0;0;0;0
"07/01/2017";"07:22:00";"267";"sem vítima";"552.2";"BR-163/MS";"Norte";"Saídas de pista";1;0;0;0;0;0;0;0;0;0;1;0;0;0;0
"07/01/2017";"11:23:00";"321";"sem vítima";"527";"BR-163/MS";"Norte";"Atropelamento de animais";1;0;0;0;0;0;0;0;0;0;2;0;0;0;0
"08/01/2017";"03:16:00";"25";"com vítima";"258";"BR-163/MS";"Norte";"Atropelamento de pedestre";0;1;0;1;0;1;0;0;0;0;2;1;0;0;0
"08/01/2017";"05:23:00";"33";"sem vítima";"42";"BR-163/MS";"Sul";"Colisão c/ obstáculos";1;0;0;0;0;0;0;0;0;0;4;0;0;0;0
"08/01/2017";"07:24:00";"60";"sem vítima";"505";"BR-163/MS";"Norte";"Saídas de pista";1;0;0;0;0;0;0;0;0;0;3;0;0;0;0
"08/01/2017";"05:50:00";"263";"com vítima";"77";"BR-163/MS";"Norte";"Tombamento de moto";0;0;0;1;0;0;0;0;0;0;0;0;1;0;0
"08/01/2017";"11:20:00";"341";"sem vítima";"666.4";"BR-163/MS";"Norte";"Saídas de pista";1;0;0;0;0;0;0;0;0;0;1;0;0;0;0
"09/01/2017";"03:50:00";"29";"sem vítima";"228";"BR-163/MS";"Norte";"Atropelamento de animais";0;0;0;0;0;0;0;0;0;1;8;0;0;0;0
"09/01/2017";"07:55:00";"94";"com vítima";"394.5";"BR-163/MS";"Sul";"Tombamento de moto";0;0;0;1;0;0;0;0;0;0;0;1;0;0;0
"09/01/2017";"07:58:00";"96";"sem vítima";"6";"BR-163/MS";"Sul";"Colisão c/ obstáculos";0;0;0;0;0;0;0;0;0;1;2;0;0;0;0
"09/01/2017";"01:02:00";"235";"com vítima";"465";"BR-163/MS";"Sul";"Tombamento de moto";0;0;0;1;0;0;0;0;0;0;0;2;0;0;0
"10/01/2017";"01:29:00";"8";"sem vítima";"821.92";"BR-163/MS";"Sul";"Tombamento";0;0;1;0;0;2;0;0;0;0;3;0;0;0;0
"10/01/2017";"02:41:00";"11";"sem vítima";"432.8";"BR-163/MS";"Sul";"Colisão com veículos (traseira)";2;0;0;0;0;0;0;0;0;0;2;0;0;0;0
"10/01/2017";"12:15:00";"193";"sem vítima";"499.2";"BR-163/MS";"Sul";"Saídas de pista";1;0;0;0;0;0;0;0;0;0;2;0;0;0;0
"10/01/2017";"03:40:00";"275";"com vítima";"417";"BR-163/MS";"Norte";"Atropelamento de pedestre";0;0;1;0;0;0;0;0;0;0;1;1;0;0;0
"10/01/2017";"04:47:00";"297";"com vítima";"105.902";"BR-163/MS";"Norte";"Colisão com veículos (traseira)";1;0;0;0;0;1;0;0;0;0;1;3;0;0;0
"11/01/2017";"09:52:00";"426";"sem vítima";"215";"BR-163/MS";"Sul";"Tombamento";0;0;0;0;0;0;0;0;0;1;1;0;0;0;0
"12/01/2017";"02:15:00";"258";"sem vítima";"669.3";"BR-163/MS";"Norte";"Colisão com veículos (traseira)";1;0;0;0;0;0;0;0;0;1;4;0;0;0;0
"12/01/2017";"03:59:00";"290";"sem vítima";"507";"BR-163/MS";"Norte";"Saídas de pista";1;0;0;0;0;0;0;0;0;0;3;0;0;0;0
"12/01/2017";"05:05:00";"313";"sem vítima";"349";"BR-163/MS";"Norte";"Saídas de pista";1;0;0;0;0;0;0;0;0;0;1;0;0;0;0
"12/01/2017";"08:20:00";"378";"sem vítima";"431.7";"BR-163/MS";"Norte";"Colisão c/ obstáculos";1;0;1;0;0;0;0;0;0;0;3;0;0;0;0
"13/01/2017";"07:05:00";"48";"com vítima";"661.1";"BR-163/MS";"Sul";"Saídas de pista";1;0;0;0;0;0;0;0;0;0;4;1;0;0;0
"13/01/2017";"07:49:00";"373";"com vítima";"490.5";"BR-163/MS";"Sul";"Atropelamento de pedestre";0;0;0;0;0;1;0;0;0;1;1;0;0;1;0
"14/01/2017";"06:09:00";"39";"sem vítima";"705";"BR-163/MS";"Norte";"Atropelamento de animais";0;0;1;0;0;0;0;0;0;0;1;0;0;0;0
"14/01/2017";"08:43:00";"325";"com vítima";"258.303";"BR-163/MS";"Norte";"Tombamento de moto";0;0;0;1;0;0;0;0;0;0;0;0;1;0;0
"14/01/2017";"10:22:00";"343";"com vítima";"75.904";"BR-163/MS";"Norte";"Colisão com veículos (traseira)";1;0;0;1;0;0;0;0;0;0;1;2;0;0;0
"15/01/2017";"02:01:00";"14";"sem vítima";"601.45";"BR-163/MS";"Sul";"Atropelamento de animais";0;0;0;0;1;0;0;0;0;0;1;0;0;0;0
"15/01/2017";"02:52:00";"17";"com vítima";"481.6";"BR-163/MS";"Sul";"Tombamento de moto";0;0;0;1;0;0;0;0;0;0;0;0;1;0;0
"15/01/2017";"03:10:00";"20";"sem vítima";"183.686";"BR-163/MS";"Norte";"Saídas de pista";0;0;0;0;0;0;0;0;0;1;1;0;0;0;0
"15/01/2017";"08:01:00";"62";"sem vítima";"682";"BR-163/MS";"Norte";"Colisão com veículos (traseira)";1;0;1;0;0;0;0;0;0;0;5;0;0;0;0
"15/01/2017";"01:20:00";"154";"com vítima";"216";"BR-163/MS";"Norte";"Capotamento";1;0;0;0;0;0;0;0;0;0;0;3;0;0;0
"15/01/2017";"06:08:00";"245";"com vítima";"309.9";"BR-163/MS";"Sul";"Capotamento";1;0;0;0;0;0;0;0;0;0;0;2;0;0;0
"15/01/2017";"07:08:00";"264";"com vítima";"147";"BR-163/MS";"Norte";"Tombamento de moto";0;0;0;1;0;0;0;0;0;0;0;2;0;0;0
"16/01/2017";"06:56:00";"53";"sem vítima";"526";"BR-163/MS";"Sul";"Colisão com veículos (traseira)";1;0;0;0;0;0;0;0;0;1;2;0;0;0;0
"16/01/2017";"07:44:00";"73";"sem vítima";"265";"BR-163/MS";"Sul";"Colisão com veículos (traseira)";1;0;0;0;0;1;0;0;0;1;3;0;0;0;0
"16/01/2017";"03:25:00";"292";"sem vítima";"272";"BR-163/MS";"Norte";"Colisão com veículos (traseira)";0;0;2;0;0;0;0;0;0;0;2;0;0;0;0
"16/01/2017";"05:25:00";"324";"com vítima";"484.495";"BR-163/MS";"Norte";"Colisão lateral no sentido contrário";1;0;0;1;0;0;0;0;0;0;1;0;1;0;0
"16/01/2017";"06:21:00";"335";"com vítima";"484.109";"BR-163/MS";"Sul";"Colisão com veículos (frontal)";0;0;0;1;0;0;0;0;0;1;4;1;1;0;0
"17/01/2017";"05:48:00";"35";"sem vítima";"426";"BR-163/MS";"Norte";"Saídas de pista";1;0;0;0;0;0;0;0;0;0;1;0;0;0;0
"17/01/2017";"06:25:00";"307";"com vítima";"39.9";"BR-163/MS";"Norte";"Colisão lateral no sentido contrário";0;1;1;0;0;0;0;0;0;0;1;0;1;0;0
"18/01/2017";"01:17:00";"10";"com vítima";"791.589";"BR-163/MS";"Sul";"Capotamento";1;0;0;0;0;0;0;0;0;0;0;4;0;0;0