data;horario;n_da_ocorrencia;tipo_de_ocorrencia;km;trecho;sentido;tipo_de_acidente;automovel;bicicleta;caminhao;moto;onibus;outros;tracao_animal;transporte_de_cargas_especiais;trator_maquinas;utilitarios;ilesos;levemente_feridos;moderadamente_feridos;gravemente_feridos;mortos
"18/10/2017";"03:42:00";"292";"sem vítima";"471";"BR-163/MS";"Sul";"Colisão lateral no mesmo sentido";0;0;2;0;0;2;0;0;0;0;6;0;0;0;0
"19/10/2017";"07:47:00";"93";"com vítima";"490";"BR-163/MS";"Sul";"Tombamento de moto";0;0;0;1;0;0;0;0;0;0;0;1;0;0;0
"19/10/2017";"09:36:00";"140";"com vítima";"820";"BR-163/MS";"Sul";"Tombamento de moto";0;0;0;1;0;0;0;0;0;0;1;1;0;0;0
"19/10/2017";"02:24:00";"229";"com vítima";"61.3";"BR-163/MS";"Sul";"Tombamento de moto";0;0;0;1;0;0;0;0;0;0;1;0;1;0;0
"19/10/2017";"04:05:00";"262";"sem vítima";"270";"BR-163/MS";"Norte";"Colisão c/ obstáculos";0;0;0;0;0;0;0;0;0;1;1;0;0;0;0
"19/10/2017";"04:15:00";"265";"com vítima";"476.281";"BR-163/MS";"Sul";"Colisão lateral no sentido contrário";0;0;1;1;0;1;0;0;0;0;2;1;0;0;0
"20/10/2017";"03:54:00";"51";"com vítima";"19.9";"BR-163/MS";"Sul";"Colisão c/ obstáculos";1;0;0;0;0;0;0;0;0;0;3;0;0;1;0
"20/10/2017";"05:44:00";"60";"com vítima";"815.164";"BR-163/MS";"Norte";"Colisão com veículos (frontal)";1;0;1;0;0;0;0;0;0;0;2;0;1;0;0
"20/10/2017";"06:48:00";"70";"com vítima";"490";"BR-163/MS";"Norte";"Colisão com veículos (traseira)";1;0;0;1;0;0;0;0;0;0;1;1;0;0;0
"20/10/2017";"11:52:00";"194";"com vítima";"491";"BR-163/MS";"Norte";"Colisão lateral no mesmo sentido";0;0;1;0;0;1;0;0;0;1;4;1;0;0;0
"20/10/2017";"06:53:00";"328";"com vítima";"511.19";"BR-163/MS";"Norte";"Colisão lateral no mesmo sentido";1;0;0;0;0;0;0;0;0;1;1;1;0;0;0
"20/10/2017";"07:48:00";"346";"sem vítima";"302.386";"BR-163/MS";"Norte";"Atropelamento de animais";2;0;0;0;0;0;0;0;0;0;4;0;0;0;0
"20/10/2017";"08:01:00";"351";"com vítima";"457.6";"BR-163/MS";"Norte";"Colisão lateral no mesmo sentido";0;1;0;0;0;1;0;0;0;0;1;0;1;0;0
"20/10/2017";"11:58:00";"388";"com vítima";"496.85";"BR-163/MS";"Sul";"Colisão lateral no mesmo sentido";0;0;1;0;0;0;0;0;0;1;2;1;0;0;0
"21/10/2017";"09:22:00";"84";"sem vítima";"649";"BR-163/MS";"Norte";"Colisão com veículos (traseira)";0;0;1;0;0;0;0;0;0;1;2;0;0;0;0
"21/10/2017";"11:54:00";"126";"sem vítima";"267";"BR-163/MS";"Sul";"Colisão com veículos (traseira)";1;0;0;0;0;0;0;0;0;1;4;0;0;0;0
"21/10/2017";"11:19:00";"316";"com vítima";"730.5";"BR-163/MS";"Norte";"Colisão lateral no sentido contrário";1;0;0;1;0;0;0;0;0;0;2;1;0;0;0
"22/10/2017";"08:51:00";"262";"com vítima";"730";"BR-163/MS";"Norte";"Colisão lateral no sentido contrário";0;0;0;2;0;0;0;0;0;0;1;1;0;0;0
"23/10/2017";"07:23:00";"76";"com vítima";"478.759";"BR-163/MS";"Sul";"Colisão com veículos (traseira)";1;0;0;1;0;0;0;0;0;0;1;0;1;0;0
"23/10/2017";"07:23:00";"80";"com vítima";"478.69";"BR-163/MS";"Norte";"Colisão com veículos (traseira)";1;0;0;1;0;0;0;0;0;0;1;0;1;0;0
"23/10/2017";"10:03:00";"147";"sem vítima";"162.9";"BR-163/MS";"Norte";"Tombamento";0;0;1;0;0;0;0;0;0;0;1;0;0;0;0
"23/10/2017";"12:36:00";"187";"com vítima";"204.4";"BR-163/MS";"Sul";"Capotamento";0;0;0;0;0;0;0;0;0;1;1;1;0;0;0
"24/10/2017";"04:34:00";"247";"sem vítima";"179";"BR-163/MS";"Sul";"Capotamento";0;0;1;0;0;0;0;0;0;1;6;0;0;0;0
"25/10/2017";"05:55:00";"50";"sem vítima";"152.424";"BR-163/MS";"Norte";"Tombamento";0;0;1;0;0;1;0;0;0;0;2;0;0;0;0
"25/10/2017";"09:01:00";"349";"sem vítima";"316.508";"BR-163/MS";"Norte";"Colisão c/ obstáculos";0;0;0;0;0;0;0;0;0;1;1;0;0;0;0
"26/10/2017";"08:30:00";"337";"com vítima";"458.72";"BR-163/MS";"Sul";"Colisão com veículos (frontal)";0;0;0;0;0;0;0;0;0;2;1;1;1;1;0
"27/10/2017";"05:06:00";"45";"sem vítima";"197.31";"BR-163/MS";"Norte";"Atropelamento de animais";1;0;0;0;0;0;0;0;0;0;1;0;0;0;0
"27/10/2017";"07:05:00";"67";"sem vítima";"209.5";"BR-163/MS";"Norte";"Tombamento de moto";0;0;0;1;0;0;0;0;0;0;1;0;0;0;0
"27/10/2017";"08:32:00";"359";"sem vítima";"743.434";"BR-163/MS";"Sul";"Atropelamento de animais";0;0;0;0;0;1;0;0;0;1;4;0;0;0;0
"28/10/2017";"05:19:00";"41";"com vítima";"647.191";"BR-163/MS";"Sul";"Colisão c/ obstáculos";0;0;0;0;0;0;0;0;0;1;1;1;0;0;0
"28/10/2017";"05:31:00";"45";"sem vítima";"451.445";"BR-163/MS";"Norte";"Tombamento";0;0;1;0;0;3;0;0;0;0;2;0;0;0;0
"28/10/2017";"04:20:00";"241";"sem vítima";"281.16";"BR-163/MS";"Norte";"Colisão c/ obstáculos";1;0;0;0;0;0;0;0;0;0;1;0;0;0;0
"29/10/2017";"02:10:00";"14";"com vítima";"291";"BR-163/MS";"Norte";"Tombamento de moto";0;0;0;1;0;0;0;0;0;0;0;0;0;1;0
"29/10/2017";"03:56:00";"22";"com vítima";"503.206";"BR-163/MS";"Norte";"Colisão c/ obstáculos";0;0;0;0;0;0;0;0;0;1;0;1;0;0;0
"29/10/2017";"06:30:00";"229";"com vítima";"253.9";"BR-163/MS";"Norte";"Tombamento de moto";0;0;0;1;0;0;0;0;0;0;1;0;0;1;0
"29/10/2017";"07:13:00";"236";"com vítima";"251.652";"BR-163/MS";"Sul";"Colisão lateral no mesmo sentido";0;0;0;2;0;0;0;0;0;0;0;0;1;2;0
"29/10/2017";"08:03:00";"246";"com vítima";"731.937";"BR-163/MS";"Sul";"Atropelamento de pedestre";0;1;0;0;0;1;0;0;0;0;2;1;0;0;0
"29/10/2017";"09:13:00";"256";"sem vítima";"475.753";"BR-163/MS";"Sul";"Colisão c/ obstáculos";1;0;0;0;0;0;0;0;0;0;1;0;0;0;0
"29/10/2017";"11:32:00";"280";"sem vítima";"194.29";"BR-163/MS";"Sul";"Colisão c/ obstáculos";0;0;0;0;0;0;0;0;0;1;1;0;0;0;0
"30/10/2017";"04:05:00";"39";"sem vítima";"0";"BR-163/MS";"Sul";"Colisão c/ obstáculos";1;0;0;0;0;0;0;0;0;0;1;0;0;0;0
"30/10/2017";"06:32:00";"57";"sem vítima";"11";"BR-163/MS";"Norte";"Capotamento";1;0;0;0;0;0;0;0;0;0;1;0;0;0;0
"30/10/2017";"11:41:00";"180";"sem vítima";"225";"BR-163/MS";"Norte";"Colisão com veículos (traseira)";1;0;0;0;0;0;0;0;0;1;5;0;0;0;0
"30/10/2017";"01:35:00";"211";"sem vítima";"177.528";"BR-163/MS";"Sul";"Capotamento";0;0;1;0;0;0;0;0;0;0;2;0;0;0;0
"30/10/2017";"02:59:00";"245";"sem vítima";"350";"BR-163/MS";"Norte";"Capotamento";1;0;0;0;0;0;0;0;0;0;5;0;0;0;0
"30/10/2017";"07:00:00";"319";"com vítima";"661.8";"BR-163/MS";"Sul";"Tombamento de moto";0;0;0;1;0;0;0;0;0;0;0;1;0;0;0
"31/10/2017";"12:59:00";"4";"sem vítima";"70.8";"BR-163/MS";"Norte";"Atropelamento de animais";0;0;1;0;1;1;0;0;0;0;3;0;0;0;0
"31/10/2017";"06:59:00";"61";"com vítima";"738";"BR-163/MS";"Norte";"Capotamento";1;0;0;0;0;0;0;0;0;0;0;4;0;0;0
"31/10/2017";"08:01:00";"314";"sem vítima";"388.392";"BR-163/MS";"Norte";"Colisão com veículos (traseira)";1;0;1;0;0;2;0;0;0;0;5;0;0;0;0
"01/11/2017";"04:59:00";"43";"com vítima";"444.28";"BR-163/MS";"Norte";"Tombamento";0;0;1;0;0;0;0;0;0;0;0;1;0;0;0
"01/11/2017";"07:45:00";"357";"com vítima";"263";"BR-163/MS";"Norte";"Tombamento de moto";0;0;0;1;0;0;0;0;0;0;0;1;0;0;0
"02/11/2017";"11:07:00";"159";"sem vítima";"355";"BR-163/MS";"Sul";"Atropelamento de animais";1;0;0;0;0;0;0;0;0;0;5;0;0;0;0
"02/11/2017";"09:30:00";"332";"com vítima";"48.771";"BR-163/MS";"Norte";"Capotamento";1;0;0;0;0;0;0;0;0;1;1;1;2;1;0
"03/11/2017";"06:40:00";"20";"sem vítima";"76.9";"BR-163/MS";"Sul";"Atropelamento de animais";1;0;0;0;0;0;0;0;0;0;1;0;0;0;0
"03/11/2017";"06:49:00";"28";"sem vítima";"470.752";"BR-163/MS";"Norte";"Colisão lateral no sentido contrário";1;0;0;0;0;0;0;0;0;1;4;0;0;0;0
"03/11/2017";"10:24:00";"317";"com vítima";"136.202";"BR-163/MS";"Sul";"Tombamento de moto";0;0;0;1;0;0;0;0;0;0;0;1;0;0;0
"04/11/2017";"07:40:00";"70";"sem vítima";"461.94";"BR-163/MS";"Sul";"Tombamento";1;0;0;0;0;0;0;0;0;0;1;0;0;0;0
"04/11/2017";"12:21:00";"134";"sem vítima";"256";"BR-163/MS";"Sul";"Colisão com veículos (traseira)";1;0;0;0;0;0;0;0;0;1;2;0;0;0;0
"04/11/2017";"06:45:00";"241";"sem vítima";"189.63";"BR-163/MS";"Norte";"Atropelamento de animais";1;0;0;0;0;0;0;0;0;0;5;0;0;0;0
"05/11/2017";"01:49:00";"16";"com vítima";"834.169";"BR-163/MS";"Sul";"Saídas de pista";1;0;0;0;0;0;0;0;0;0;2;1;0;0;0
"05/11/2017";"04:36:00";"26";"com vítima";"131.3";"BR-163/MS";"Sul";"Capotamento";1;0;0;0;0;0;0;0;0;0;4;1;0;0;0
"05/11/2017";"10:49:00";"122";"sem vítima";"412";"BR-163/MS";"Norte";"Colisão lateral no sentido contrário";2;0;0;0;0;0;0;0;0;0;7;0;0;0;0
"05/11/2017";"06:22:00";"254";"com vítima";"452.572";"BR-163/MS";"Norte";"Colisão c/ obstáculos";1;0;1;0;0;0;0;0;0;0;1;1;0;0;0
"05/11/2017";"06:24:00";"256";"sem vítima";"622.37";"BR-163/MS";"Sul";"Colisão c/ obstáculos";0;0;0;0;0;0;0;0;0;1;2;0;0;0;0
"05/11/2017";"06:41:00";"261";"sem vítima";"572.978";"BR-163/MS";"Norte";"Saídas de pista";1;0;0;0;0;0;0;0;0;0;4;0;0;0;0
"05/11/2017";"09:11:00";"291";"sem vítima";"477.725";"BR-163/MS";"Sul";"Colisão lateral no mesmo sentido";0;0;1;1;0;2;0;0;0;0;4;0;0;0;0
"06/11/2017";"05:00:00";"25";"sem vítima";"819";"BR-163/MS";"Sul";"Atropelamento de animais";1;0;0;0;0;0;0;0;0;0;1;0;0;0;0
"06/11/2017";"09:51:00";"103";"com vítima";"259";"BR-163/MS";"Norte";"Tombamento de moto";0;0;0;1;0;0;0;0;0;0;0;1;0;0;0
"06/11/2017";"10:24:00";"114";"sem vítima";"21.3";"BR-163/MS";"Sul";"Engavetamento";1;0;1;0;0;0;0;0;0;2;6;0;0;0;0
"06/11/2017";"08:06:00";"261";"com vítima";"272.5";"BR-163/MS";"Norte";"Colisão com veículos (traseira)";1;0;0;0;0;0;0;0;0;1;1;1;0;0;0
"07/11/2017";"12:38:00";"6";"sem vítima";"151.95";"BR-163/MS";"Sul";"Atropelamento de animais";0;0;1;0;0;0;0;0;0;0;1;0;0;0;0
"07/11/2017";"11:56:00";"173";"com vítima";"429";"BR-163/MS";"Norte";"Capotamento";1;0;0;0;0;0;0;0;0;0;0;0;2;0;0
"07/11/2017";"06:29:00";"306";"com vítima";"486.646";"BR-163/MS";"Norte";"Colisão c/ obstáculos";2;0;0;0;0;0;0;0;0;0;3;2;0;0;0
"08/11/2017";"05:24:00";"21";"sem vítima";"485.246";"BR-163/MS";"Sul";"Colisão com veículos (traseira)";0;0;2;0;0;4;0;0;0;0;6;0;0;0;0
"08/11/2017";"06:51:00";"32";"com vítima";"481";"BR-163/MS";"Norte";"Colisão com veículos (frontal)";2;0;0;0;0;0;0;0;0;0;0;2;0;0;0
"08/11/2017";"06:20:00";"287";"com vítima";"260.827";"BR-163/MS";"Sul";"Colisão lateral no sentido contrário";0;1;1;0;0;0;0;0;0;0;1;0;0;1;0
"08/11/2017";"07:23:00";"303";"sem vítima";"97.287";"BR-163/MS";"Sul";"Colisão lateral no mesmo sentido";1;0;1;0;0;1;0;0;0;0;6;0;0;0;0
"08/11/2017";"07:41:00";"308";"sem vítima";"36.9";"BR-163/MS";"Sul";"Colisão c/ obstáculos";0;0;1;0;0;4;0;0;0;0;5;0;0;0;0
"08/11/2017";"10:44:00";"345";"sem vítima";"278.895";"BR-163/MS";"Sul";"Atropelamento de animais";1;0;0;0;0;0;0;0;0;0;2;0;0;0;0
"09/11/2017";"01:27:00";"200";"com vítima";"651";"BR-163/MS";"Norte";"Colisão lateral no mesmo sentido";0;0;0;1;0;1;0;0;0;0;1;1;0;0;0
"09/11/2017";"02:23:00";"221";"com vítima";"186";"BR-163/MS";"Sul";"Saídas de pista";1;0;0;0;0;1;0;0;0;0;1;1;0;0;0
"09/11/2017";"03:21:00";"242";"com vítima";"0.7";"BR-163/MS";"Norte";"Tombamento";0;0;1;0;0;2;0;0;0;0;2;1;0;0;0
"09/11/2017";"04:35:00";"267";"com vítima";"476";"BR-163/MS";"Sul";"Colisão lateral no mesmo sentido";0;0;0;1;0;0;0;0;0;1;2;1;0;0;0
"09/11/2017";"09:41:00";"343";"sem vítima";"267.441";"BR-163/MS";"Sul";"Colisão c/ obstáculos";1;0;0;0;0;0;0;0;0;0;2;0;0;0;0
"10/11/2017";"04:16:00";"276";"sem vítima";"272";"BR-163/MS";"Sul";"Colisão c/ obstáculos";0;0;1;0;0;0;0;0;0;0;1;0;0;0;0
"10/11/2017";"08:53:00";"336";"com vítima";"408.21";"BR-163/MS";"Norte";"Colisão lateral no sentido contrário";1;0;1;0;0;1;0;0;0;0;2;0;0;0;1
"12/11/2017";"10:19:00";"119";"sem vítima";"56.9";"BR-163/MS";"Norte";"Capotamento";1;0;0;0;0;0;0;0;0;0;3;0;0;0;0
"12/11/2017";"12:00:00";"143";"com vítima";"595";"BR-163/MS";"Norte";"Capotamento";1;0;0;0;0;0;0;0;0;0;0;2;0;0;0
"12/11/2017";"07:54:00";"255";"com vítima";"393.588";"BR-163/MS";"Norte";"Colisão com veículos (traseira)";0;1;0;1;0;0;0;0;0;0;0;0;1;1;0
"12/11/2017";"08:53:00";"272";"sem vítima";"159.489";"BR-163/MS";"Sul";"Colisão com veículos (traseira)";0;0;2;0;0;2;0;0;0;0;4;0;0;0;0
"12/11/2017";"10:49:00";"288";"com vítima";"266.869";"BR-163/MS";"Norte";"Colisão c/ obstáculos";0;0;0;1;0;0;0;0;0;0;0;1;0;0;0
"13/11/2017";"08:50:00";"314";"com vítima";"458.916";"BR-163/MS";"Sul";"Colisão com veículos (traseira)";1;0;0;1;0;0;0;0;0;0;1;0;1;0;0
"14/11/2017";"12:38:00";"5";"com vítima";"799.8";"BR-163/MS";"Sul";"Capotamento";1;0;0;0;0;0;0;0;0;0;0;1;0;0;0
"14/11/2017";"08:05:00";"96";"com vítima";"480.771";"BR-163/MS";"Norte";"Colisão com veículos (traseira)";0;0;1;0;0;0;0;0;0;1;10;1;0;0;0
"14/11/2017";"11:47:00";"167";"com vítima";"574";"BR-163/MS";"Sul";"Capotamento";0;0;0;0;0;0;0;0;0;1;0;2;0;0;0
"14/11/2017";"03:57:00";"241";"com vítima";"117";"BR-163/MS";"Sul";"Colisão lateral no sentido contrário";1;0;1;0;0;2;0;0;0;0;3;1;1;0;0
"14/11/2017";"09:52:00";"334";"com vítima";"451.646";"BR-163/MS";"Norte";"Colisão com veículos (traseira)";0;1;0;0;0;0;0;0;0;1;1;0;0;0;1
"15/11/2017";"12:39:00";"7";"sem vítima";"274";"BR-163/MS";"Norte";"Atropelamento de animais";1;0;0;0;0;0;0;0;0;0;2;0;0;0;0
"15/11/2017";"06:53:00";"61";"com vítima";"378.937";"BR-163/MS";"Sul";"Tombamento";0;0;1;0;0;1;0;0;0;0;1;1;0;0;0
"15/11/2017";"09:01:00";"111";"sem vítima";"6";"BR-163/MS";"Norte";"Colisão com veículos (traseira)";2;0;0;0;0;0;0;0;0;0;2;0;0;0;0
"16/11/2017";"02:06:00";"36";"com vítima";"703.736";"BR-163/MS";"Sul";"Colisão c/ obstáculos";0;0;0;0;0;0;0;0;0;1;0;1;0;0;0
"17/11/2017";"12:45:00";"25";"sem vítima";"343";"BR-163/MS";"Sul";"Colisão c/ obstáculos";0;0;0;0;0;0;0;0;0;1;5;0;0;0;0
"17/11/2017";"06:40:00";"72";"com vítima";"38.7";"BR-163/MS";"Norte";"Tombamento de moto";0;0;0;1;0;0;0;0;0;0;0;0;1;0;0
"17/11/2017";"09:40:00";"385";"com vítima";"77.968";"BR-163/MS";"Norte";"Colisão lateral no sentido contrário";1;0;0;0;0;0;0;0;0;1;2;1;0;0;0
"17/11/2017";"09:59:00";"388";"sem vítima";"265";"BR-163/MS";"Norte";"Colisão c/ obstáculos";1;0;0;0;0;0;0;0;0;0;1;0;0;0;0
"18/11/2017";"01:03:00";"15";"sem vítima";"18.14";"BR-163/MS";"Norte";"Colisão c/ obstáculos";1;0;0;0;0;1;0;0;0;0;2;0;0;0;0
"18/11/2017";"05:36:00";"43";"com vítima";"217.687";"BR-163/MS";"Norte";"Capotamento";1;0;0;0;0;0;0;0;0;0;0;1;0;0;0
"18/11/2017";"07:21:00";"77";"sem vítima";"670";"BR-163/MS";"Norte";"Colisão c/ obstáculos";1;0;0;0;0;0;0;0;0;0;4;0;0;0;0
"18/11/2017";"10:54:00";"157";"com vítima";"301";"BR-163/MS";"Sul";"Capotamento";1;0;0;0;0;0;0;0;0;0;0;0;2;0;0
"18/11/2017";"11:14:00";"162";"sem vítima";"348";"BR-163/MS";"Norte";"Colisão c/ obstáculos";1;0;0;0;0;0;0;0;0;0;4;0;0;0;0
"18/11/2017";"03:51:00";"236";"sem vítima";"714";"BR-163/MS";"Norte";"Colisão com veículos (traseira)";0;0;2;0;0;1;0;0;0;0;3;0;0;0;0
"18/11/2017";"08:39:00";"297";"com vítima";"725.258";"BR-163/MS";"Sul";"Colisão lateral no sentido contrário";1;0;1;0;0;1;0;0;0;0;3;1;0;0;0
"19/11/2017";"01:08:00";"9";"sem vítima";"268.821";"BR-163/MS";"Sul";"Tombamento de moto";0;0;0;1;0;0;0;0;0;0;1;0;0;0;0
"19/11/2017";"02:44:00";"15";"com vítima";"446.557";"BR-163/MS";"Norte";"Capotamento";1;0;0;0;0;0;0;0;0;0;0;1;0;0;0
"19/11/2017";"04:48:00";"28";"sem vítima";"261";"BR-163/MS";"Norte";"Capotamento";1;0;0;0;0;1;0;0;0;0;2;0;0;0;0
"19/11/2017";"07:14:00";"49";"sem vítima";"705.2";"BR-163/MS";"Norte";"Colisão c/ obstáculos";0;0;2;0;0;0;0;0;0;0;2;0;0;0;0
"19/11/2017";"04:11:00";"212";"com vítima";"539.691";"BR-163/MS";"Sul";"Capotamento";1;0;0;0;0;0;0;0;0;0;0;1;3;0;0
"19/11/2017";"04:42:00";"220";"com vítima";"256.765";"BR-163/MS";"Norte";"Colisão c/ obstáculos";0;0;0;0;0;0;0;0;0;1;2;1;0;0;0
"19/11/2017";"05:07:00";"225";"sem vítima";"790";"BR-163/MS";"Norte";"Colisão com veículos (traseira)";1;0;1;0;0;0;0;0;0;0;3;0;0;0;0
"19/11/2017";"11:58:00";"316";"com vítima";"346.115";"BR-163/MS";"Norte";"Tombamento de moto";0;0;0;1;0;0;0;0;0;0;0;0;2;0;0
"20/11/2017";"01:32:00";"202";"sem vítima";"785";"BR-163/MS";"Norte";"Colisão c/ obstáculos";0;0;1;0;0;1;0;0;0;0;2;0;0;0;0
"20/11/2017";"09:38:00";"332";"sem vítima";"300";"BR-163/MS";"Norte";"Atropelamento de animais";1;0;0;0;0;0;0;0;0;0;3;0;0;0;0
"21/11/2017";"02:15:00";"241";"sem vítima";"826.95";"BR-163/MS";"Norte";"Colisão c/ obstáculos";1;0;0;0;0;0;0;0;0;0;4;0;0;0;0
"21/11/2017";"08:05:00";"340";"com vítima";"270";"BR-163/MS";"Sul";"Colisão lateral no sentido contrário";0;0;0;1;0;0;0;0;0;1;1;1;0;0;0
"21/11/2017";"11:40:00";"375";"sem vítima";"261";"BR-163/MS";"Sul";"Atropelamento de animais";1;0;0;0;0;0;0;0;0;0;2;0;0;0;0
"22/11/2017";"02:12:00";"11";"com vítima";"188";"BR-163/MS";"Sul";"Atropelamento de animais";0;0;0;1;0;0;0;0;0;0;0;1;0;0;0
"22/11/2017";"04:32:00";"22";"com vítima";"679";"BR-163/MS";"Sul";"Capotamento";0;0;0;0;0;0;0;0;0;1;0;1;1;1;0
"22/11/2017";"01:43:00";"169";"com vítima";"656.23";"BR-163/MS";"Sul";"Colisão com veículos (traseira)";0;0;2;0;0;1;0;0;0;0;2;1;0;0;0
"22/11/2017";"10:59:00";"302";"com vítima";"383.132";"BR-163/MS";"Sul";"Capotamento";1;0;0;0;0;0;0;0;0;0;0;2;0;0;0
"22/11/2017";"11:31:00";"306";"sem vítima";"602.657";"BR-163/MS";"Norte";"Colisão c/ obstáculos";0;0;2;0;0;0;0;0;0;0;2;0;0;0;0
"23/11/2017";"04:57:00";"17";"sem vítima";"782.561";"BR-163/MS";"Sul";"Colisão com veículos (traseira)";1;0;1;0;0;2;0;0;0;0;4;0;0;0;0
"23/11/2017";"07:25:00";"77";"sem vítima";"654.353";"BR-163/MS";"Sul";"Tombamento";0;0;1;0;0;1;0;0;0;0;2;0;0;0;0
"23/11/2017";"09:21:00";"118";"com vítima";"172";"BR-163/MS";"Norte";"Colisão com veículos (traseira)";1;0;0;1;0;0;0;0;0;0;1;1;0;0;0
"23/11/2017";"05:08:00";"265";"sem vítima";"263";"BR-163/MS";"Norte";"Colisão lateral no mesmo sentido";0;0;0;2;0;0;0;0;0;0;2;0;0;0;0
"23/11/2017";"05:36:00";"274";"sem vítima";"188.34";"BR-163/MS";"Norte";"Colisão com veículos (traseira)";0;0;2;0;0;4;0;0;0;0;6;0;0;0;0
"23/11/2017";"05:37:00";"275";"sem vítima";"478.892";"BR-163/MS";"Sul";"Colisão com veículos (traseira)";0;0;0;1;0;0;0;0;0;0;1;0;0;0;0
"24/11/2017";"06:31:00";"374";"com vítima";"447.52";"BR-163/MS";"Sul";"Tombamento de moto";0;0;0;1;0;0;0;0;0;0;1;1;0;0;0
"25/11/2017";"07:33:00";"73";"sem vítima";"271";"BR-163/MS";"Sul";"Colisão c/ obstáculos";0;0;0;0;0;0;0;0;0;1;1;0;0;0;0
"25/11/2017";"08:48:00";"94";"sem vítima";"6";"BR-163/MS";"Sul";"Colisão lateral no sentido contrário";1;0;1;0;0;0;0;0;0;0;4;0;0;0;0
"25/11/2017";"02:18:00";"189";"com vítima";"505.562";"BR-163/MS";"Sul";"Tombamento de moto";0;0;0;1;0;0;0;0;0;0;0;2;0;0;0
"26/11/2017";"03:27:00";"21";"com vítima";"681.11";"BR-163/MS";"Norte";"Colisão c/ obstáculos";1;0;0;0;0;0;0;0;0;0;0;1;0;0;0
"26/11/2017";"08:03:00";"86";"com vítima";"423.89";"BR-163/MS";"Norte";"Tombamento de moto";0;0;0;1;0;0;0;0;0;0;0;1;0;0;0
"26/11/2017";"05:21:00";"247";"sem vítima";"193";"BR-163/MS";"Norte";"Colisão lateral no mesmo sentido";1;0;2;0;0;0;0;0;0;0;6;0;0;0;0
"26/11/2017";"05:45:00";"253";"com vítima";"490";"BR-163/MS";"Sul";"Colisão lateral no mesmo sentido";1;0;1;0;0;0;0;0;0;0;1;2;1;0;0
"27/11/2017";"09:04:00";"304";"sem vítima";"376.96";"BR-163/MS";"Norte";"Tombamento";0;0;0;0;0;0;0;0;0;1;3;0;0;0;0
"27/11/2017";"09:33:00";"312";"sem vítima";"480.533";"BR-163/MS";"Sul";"Atropelamento de animais";0;0;0;0;0;0;0;0;0;1;2;0;0;0;0
"27/11/2017";"10:30:00";"319";"sem vítima";"464.338";"BR-163/MS";"Sul";"Colisão com veículos (traseira)";1;0;0;0;0;0;0;0;0;1;3;0;0;0;0
"28/11/2017";"03:18:00";"28";"sem vítima";"213.977";"BR-163/MS";"Sul";"Atropelamento de animais";0;0;0;0;0;0;0;0;0;1;1;0;0;0;0
"28/11/2017";"08:13:00";"112";"sem vítima";"675";"BR-163/MS";"Sul";"Colisão c/ obstáculos";1;0;0;0;0;0;0;0;0;0;3;0;0;0;0
"28/11/2017";"10:23:00";"158";"com vítima";"478.461";"BR-163/MS";"Sul";"Tombamento de moto";0;0;0;1;0;0;0;0;0;0;0;1;0;0;0
"29/11/2017";"12:38:00";"5";"sem vítima";"405.375";"BR-163/MS";"Norte";"Atropelamento de animais";1;0;0;0;0;0;0;0;0;0;2;0;0;0;0
"29/11/2017";"03:34:00";"15";"sem vítima";"439.698";"BR-163/MS";"Sul";"Atropelamento de animais";0;0;1;0;0;1;0;0;0;0;2;0;0;0;0
"30/11/2017";"08:04:00";"91";"com vítima";"150";"BR-163/MS";"Norte";"Colisão c/ obstáculos";1;0;0;0;0;0;0;0;0;0;1;1;0;0;0
"30/11/2017";"10:35:00";"162";"com vítima";"382.3";"BR-163/MS";"Sul";"Colisão c/ obstáculos";0;0;0;0;0;0;0;0;0;1;1;1;0;0;0
"30/11/2017";"11:18:00";"176";"com vítima";"356.4";"BR-163/MS";"Sul";"Capotamento";1;0;0;0;0;0;0;0;0;0;0;2;0;0;0
"30/11/2017";"05:38:00";"310";"com vítima";"704.4";"BR-163/MS";"Norte";"Colisão com veículos (frontal)";0;0;1;0;0;0;0;0;0;1;0;2;0;0;2
"01/12/2017";"05:31:00";"54";"com vítima";"468.78";"BR-163/MS";"Sul";"Colisão com veículos (frontal)";1;0;1;0;0;1;0;0;0;0;2;0;0;0;1
"01/12/2017";"11:07:00";"171";"com vítima";"272.937";"BR-163/MS";"Norte";"Tombamento de moto";0;0;0;1;0;0;0;0;0;0;0;1;0;0;0
"01/12/2017";"03:51:00";"246";"sem vítima";"172";"BR-163/MS";"Sul";"Colisão com veículos (traseira)";0;0;2;0;0;0;0;0;0;0;2;0;0;0;0
"01/12/2017";"11:33:00";"352";"com vítima";"618.87";"BR-163/MS";"Norte";"Colisão com veículos (traseira)";1;0;0;0;0;0;0;0;0;1;3;1;0;0;0
"02/12/2017";"12:06:00";"1";"sem vítima";"316.313";"BR-163/MS";"Norte";"Colisão lateral no mesmo sentido";2;0;0;0;0;0;0;0;0;0;4;0;0;0;0
"02/12/2017";"12:37:00";"5";"com vítima";"270.271";"BR-163/MS";"Norte";"Colisão c/ obstáculos";0;0;0;1;0;0;0;0;0;0;0;0;0;1;0
"03/12/2017";"02:07:00";"17";"com vítima";"19.9";"BR-163/MS";"Sul";"Tombamento de moto";0;0;0;1;0;0;0;0;0;0;0;1;1;0;0