data;horario;n_da_ocorrencia;tipo_de_ocorrencia;km;trecho;sentido;tipo_de_acidente;automovel;bicicleta;caminhao;moto;onibus;outros;tracao_animal;transporte_de_cargas_especiais;trator_maquinas;utilitarios;ilesos;levemente_feridos;moderadamente_feridos;gravemente_feridos;mortos
"09/07/2018";"05:19:00";"257";"com vítima";"728.922";"BR-163/MS";"Sul";"Colisão lateral no mesmo sentido";1;0;0;1;0;0;0;0;0;0;2;1;0;0;0
"09/07/2018";"07:29:00";"284";"sem vítima";"490";"BR-163/MS";"Norte";"Colisão com veículos (traseira)";1;0;0;1;0;0;0;0;0;0;2;0;0;0;0
"09/07/2018";"09:03:00";"300";"com vítima";"258.379";"BR-163/MS";"Sul";"Tombamento de moto";0;0;0;1;0;0;0;0;0;0;0;1;0;0;0
"09/07/2018";"11:27:00";"316";"sem vítima";"267.948";"BR-163/MS";"Norte";"Tombamento de moto";0;0;0;1;0;0;0;0;0;0;1;0;0;0;0
"10/07/2018";"03:50:00";"33";"com vítima";"350.433";"BR-163/MS";"Sul";"Tombamento";0;0;1;0;0;0;0;0;0;0;0;1;0;0;0
"10/07/2018";"02:04:00";"206";"sem vítima";"154.7";"BR-163/MS";"Norte";"Colisão com veículos (traseira)";0;0;2;0;0;3;0;0;0;0;5;0;0;0;0
"10/07/2018";"04:57:00";"259";"sem vítima";"147.915";"BR-163/MS";"Sul";"Capotamento";1;0;0;0;0;1;0;0;0;0;3;0;0;0;0
"11/07/2018";"05:25:00";"50";"com vítima";"844";"BR-163/MS";"Norte";"Tombamento de moto";0;0;0;1;0;0;0;0;0;0;1;1;0;0;0
"11/07/2018";"10:19:00";"168";"com vítima";"113.308";"BR-163/MS";"Sul";"Colisão com veículos (traseira)";0;0;2;0;0;4;0;0;0;0;5;1;0;0;0
"11/07/2018";"03:54:00";"308";"com vítima";"476.902";"BR-163/MS";"Sul";"Engavetamento";0;0;2;0;0;2;0;0;0;1;4;1;0;0;0
"11/07/2018";"07:07:00";"380";"com vítima";"238";"BR-163/MS";"Norte";"Tombamento de moto";0;0;1;1;0;0;0;0;0;0;1;1;0;0;0
"11/07/2018";"07:11:00";"381";"com vítima";"731.656";"BR-163/MS";"Norte";"Tombamento de moto";0;0;0;1;0;0;0;0;0;0;1;1;0;0;0
"11/07/2018";"08:37:00";"396";"sem vítima";"56";"BR-163/MS";"Norte";"Tombamento";0;0;2;0;0;0;0;0;0;0;2;0;0;0;0
"11/07/2018";"10:49:00";"410";"com vítima";"256.7";"BR-163/MS";"Norte";"Colisão lateral no mesmo sentido";0;1;0;1;0;0;0;0;0;0;0;2;0;0;0
"12/07/2018";"12:00:00";"1";"com vítima";"286";"BR-163/MS";"Norte";"Tombamento de moto";0;0;0;1;0;0;0;0;0;0;0;1;1;0;0
"12/07/2018";"01:10:00";"12";"sem vítima";"362";"BR-163/MS";"Norte";"Colisão c/ obstáculos";0;0;0;0;0;0;0;0;0;1;1;0;0;0;0
"12/07/2018";"01:21:00";"13";"sem vítima";"444.6";"BR-163/MS";"Norte";"Atropelamento de animais";0;0;0;0;0;0;0;0;0;1;2;0;0;0;0
"12/07/2018";"01:57:00";"266";"sem vítima";"227";"BR-163/MS";"Sul";"Colisão lateral no mesmo sentido";0;0;2;0;0;3;0;0;0;0;5;0;0;0;0
"13/07/2018";"03:43:00";"268";"com vítima";"485.451";"BR-163/MS";"Sul";"Colisão lateral no sentido contrário";0;0;0;1;0;0;0;0;0;1;0;3;0;0;0
"13/07/2018";"05:26:00";"289";"com vítima";"251";"BR-163/MS";"Norte";"Colisão lateral no mesmo sentido";1;0;0;1;0;0;0;0;0;0;2;0;0;1;0
"13/07/2018";"08:51:00";"335";"sem vítima";"259";"BR-163/MS";"Sul";"Colisão com veículos (traseira)";1;0;0;0;0;0;0;0;0;1;2;0;0;0;0
"13/07/2018";"10:23:00";"350";"com vítima";"313";"BR-163/MS";"Norte";"Colisão com veículos (frontal)";1;0;0;1;0;0;0;0;0;0;1;0;0;1;0
"14/07/2018";"09:23:00";"72";"sem vítima";"323.518";"BR-163/MS";"Sul";"Colisão c/ obstáculos";1;0;0;0;0;0;0;0;0;0;1;0;0;0;0
"14/07/2018";"10:45:00";"104";"com vítima";"492.289";"BR-163/MS";"Sul";"Colisão lateral no sentido contrário";1;0;0;1;0;0;0;0;0;0;0;1;0;0;1
"14/07/2018";"11:15:00";"112";"com vítima";"485.178";"BR-163/MS";"Sul";"Tombamento de moto";0;0;0;1;0;0;0;0;0;0;0;2;0;0;0
"14/07/2018";"12:57:00";"146";"com vítima";"427.252";"BR-163/MS";"Norte";"Capotamento";1;0;0;0;0;0;0;0;0;0;3;1;0;0;0
"14/07/2018";"08:37:00";"266";"com vítima";"341.858";"BR-163/MS";"Norte";"Colisão com veículos (traseira)";1;0;0;0;0;0;0;0;0;1;1;1;1;0;0
"14/07/2018";"09:01:00";"271";"sem vítima";"229.393";"BR-163/MS";"Sul";"Atropelamento de animais";1;0;0;0;0;0;0;0;0;0;1;0;0;0;0
"14/07/2018";"09:05:00";"273";"sem vítima";"229.4";"BR-163/MS";"Sul";"Atropelamento de animais";0;0;1;0;0;1;0;0;0;0;2;0;0;0;0
"14/07/2018";"09:15:00";"276";"sem vítima";"228.576";"BR-163/MS";"Sul";"Colisão c/ obstáculos";0;0;0;0;0;0;0;0;0;1;1;0;0;0;0
"14/07/2018";"09:23:00";"278";"sem vítima";"228.578";"BR-163/MS";"Sul";"Colisão c/ obstáculos";0;0;0;0;0;0;0;0;0;1;5;0;0;0;0
"14/07/2018";"10:06:00";"282";"sem vítima";"360.93";"BR-163/MS";"Sul";"Atropelamento de animais";0;0;1;0;0;2;0;0;0;0;3;0;0;0;0
"14/07/2018";"11:14:00";"289";"sem vítima";"363.904";"BR-163/MS";"Sul";"Colisão c/ obstáculos";1;0;0;0;0;0;0;0;0;0;3;0;0;0;0
"14/07/2018";"11:30:00";"291";"com vítima";"39.762";"BR-163/MS";"Norte";"Colisão lateral no sentido contrário";1;0;0;1;0;0;0;0;0;0;2;0;1;0;0
"15/07/2018";"12:09:00";"2";"com vítima";"229.781";"BR-163/MS";"Norte";"Atropelamento de animais";0;0;0;0;0;0;0;0;0;1;1;1;0;0;0
"15/07/2018";"12:22:00";"3";"sem vítima";"658.474";"BR-163/MS";"Sul";"Atropelamento de animais";1;0;0;0;0;0;0;0;0;0;5;0;0;0;0
"15/07/2018";"09:27:00";"103";"sem vítima";"702";"BR-163/MS";"Sul";"Colisão c/ obstáculos";1;0;1;0;0;0;0;0;0;0;3;0;0;0;0
"15/07/2018";"11:48:00";"143";"com vítima";"369.955";"BR-163/MS";"Norte";"Capotamento";1;0;0;0;0;0;0;0;0;0;0;1;0;0;1
"15/07/2018";"03:39:00";"193";"com vítima";"14";"BR-163/MS";"Sul";"Tombamento de moto";0;0;0;1;0;0;0;0;0;0;0;1;0;0;0
"15/07/2018";"03:56:00";"198";"com vítima";"245.45";"BR-163/MS";"Norte";"Capotamento";0;0;0;0;0;0;0;0;0;1;0;0;0;2;0
"15/07/2018";"07:33:00";"250";"sem vítima";"418.646";"BR-163/MS";"Norte";"Colisão com veículos (traseira)";1;0;0;0;0;1;0;0;0;0;5;0;0;0;0
"16/07/2018";"01:12:00";"186";"sem vítima";"55";"BR-163/MS";"Sul";"Capotamento";1;0;0;0;0;0;0;0;0;0;1;0;0;0;0
"16/07/2018";"01:29:00";"195";"sem vítima";"365";"BR-163/MS";"Sul";"Colisão com veículos (traseira)";2;0;0;0;0;0;0;0;0;0;3;0;0;0;0
"16/07/2018";"03:58:00";"231";"sem vítima";"270";"BR-163/MS";"Norte";"Colisão lateral no mesmo sentido";0;0;1;0;0;0;0;0;0;1;3;0;0;0;0
"16/07/2018";"06:13:00";"271";"com vítima";"557.734";"BR-163/MS";"Norte";"Tombamento de moto";0;0;0;1;0;1;0;0;0;0;1;1;0;0;0
"17/07/2018";"05:50:00";"48";"sem vítima";"834.717";"BR-163/MS";"Norte";"Atropelamento de animais";0;0;1;0;0;0;0;0;0;0;1;0;0;0;0
"17/07/2018";"01:49:00";"198";"com vítima";"662.9";"BR-163/MS";"Norte";"Capotamento";1;0;0;0;0;0;0;0;0;0;0;1;0;0;0
"17/07/2018";"03:47:00";"231";"com vítima";"808";"BR-163/MS";"Sul";"Colisão lateral no sentido contrário";1;0;1;0;0;0;0;0;0;0;0;7;0;0;0
"17/07/2018";"05:15:00";"260";"com vítima";"572.571";"BR-163/MS";"Norte";"Tombamento de moto";0;0;0;1;0;0;0;0;0;0;0;2;0;0;0
"17/07/2018";"05:26:00";"264";"sem vítima";"525";"BR-163/MS";"Norte";"Colisão c/ obstáculos";1;0;0;0;0;1;0;0;0;0;2;0;0;0;0
"17/07/2018";"11:06:00";"315";"sem vítima";"349";"BR-163/MS";"Norte";"Saídas de pista";0;0;1;0;0;0;0;0;0;0;2;0;0;0;0
"18/07/2018";"02:11:00";"241";"sem vítima";"99";"BR-163/MS";"Norte";"Colisão com veículos (traseira)";2;0;0;0;0;1;0;0;0;0;5;0;0;0;0
"18/07/2018";"07:22:00";"353";"sem vítima";"238.711";"BR-163/MS";"Sul";"Capotamento";0;0;0;0;0;0;0;0;0;1;3;0;0;0;0
"19/07/2018";"11:06:00";"188";"sem vítima";"155.401";"BR-163/MS";"Norte";"Colisão com veículos (traseira)";0;0;1;0;0;2;0;0;0;1;4;0;0;0;0
"19/07/2018";"06:52:00";"343";"sem vítima";"447.372";"BR-163/MS";"Norte";"Atropelamento de animais";1;0;0;0;0;0;0;0;0;0;2;0;0;0;0
"20/07/2018";"01:28:00";"16";"sem vítima";"557.556";"BR-163/MS";"Sul";"Atropelamento de animais";1;0;0;0;0;0;0;0;0;0;1;0;0;0;0
"20/07/2018";"05:36:00";"42";"com vítima";"313.421";"BR-163/MS";"Norte";"Colisão com veículos (traseira)";1;0;1;0;0;1;0;0;0;0;4;1;0;0;0
"20/07/2018";"11:16:00";"197";"com vítima";"810.89";"BR-163/MS";"Norte";"Colisão com veículos (traseira)";0;0;2;0;0;0;0;0;0;0;1;0;0;1;0
"20/07/2018";"03:11:00";"264";"com vítima";"563.44";"BR-163/MS";"Sul";"Colisão c/ obstáculos";0;0;0;0;0;0;0;0;0;1;1;1;0;0;0
"21/07/2018";"02:38:00";"18";"sem vítima";"105";"BR-163/MS";"Sul";"Atropelamento de animais";0;0;0;0;0;0;0;0;0;1;1;0;0;0;0
"21/07/2018";"08:13:00";"69";"com vítima";"192";"BR-163/MS";"Sul";"Colisão com veículos (traseira)";1;0;1;0;0;0;0;0;0;0;2;1;0;0;0
"21/07/2018";"11:26:00";"135";"com vítima";"124.8";"BR-163/MS";"Norte";"Tombamento";0;0;1;0;0;2;0;0;0;0;2;0;1;0;0
"21/07/2018";"04:53:00";"247";"sem vítima";"207";"BR-163/MS";"Sul";"Colisão com veículos (traseira)";0;0;2;0;0;0;0;0;0;0;4;0;0;0;0
"22/07/2018";"07:33:00";"70";"com vítima";"205.7";"BR-163/MS";"Sul";"Capotamento";1;0;0;0;0;0;0;0;0;0;0;3;0;0;0
"22/07/2018";"02:59:00";"188";"com vítima";"484.42";"BR-163/MS";"Sul";"Colisão lateral no sentido contrário";1;0;0;1;0;0;0;0;0;0;3;1;0;0;0
"22/07/2018";"09:14:00";"263";"sem vítima";"98";"BR-163/MS";"Sul";"Atropelamento de animais";0;0;1;0;0;0;0;0;0;0;1;0;0;0;0
"23/07/2018";"07:06:00";"63";"com vítima";"269.418";"BR-163/MS";"Norte";"Colisão com veículos (traseira)";1;0;0;1;0;0;0;0;0;0;1;0;1;0;0
"23/07/2018";"05:29:00";"283";"com vítima";"302.3";"BR-163/MS";"Sul";"Tombamento de moto";0;0;0;1;0;0;0;0;0;0;0;2;0;0;0
"23/07/2018";"05:49:00";"287";"com vítima";"260.968";"BR-163/MS";"Sul";"Tombamento de moto";0;0;0;1;0;0;0;0;0;0;0;1;1;0;0
"24/07/2018";"06:11:00";"281";"sem vítima";"676.283";"BR-163/MS";"Norte";"Atropelamento de animais";0;0;1;0;0;2;0;0;0;0;4;0;0;0;0
"25/07/2018";"11:50:00";"201";"sem vítima";"487";"BR-163/MS";"Sul";"Colisão lateral no mesmo sentido";1;0;1;0;0;1;0;0;0;0;4;0;0;0;0
"25/07/2018";"12:18:00";"211";"sem vítima";"556.784";"BR-163/MS";"Sul";"Colisão c/ obstáculos";0;0;0;0;0;0;0;0;0;2;7;0;0;0;0
"25/07/2018";"12:22:00";"212";"com vítima";"475";"BR-163/MS";"Sul";"Colisão lateral no sentido contrário";1;0;1;0;0;2;0;0;0;0;3;1;0;1;0
"25/07/2018";"01:53:00";"239";"sem vítima";"85";"BR-163/MS";"Sul";"Tombamento";0;0;1;0;0;2;0;0;0;0;3;0;0;0;0
"25/07/2018";"03:01:00";"265";"com vítima";"647";"BR-163/MS";"Norte";"Saídas de pista";1;0;0;0;0;0;0;0;0;0;2;1;0;0;0
"25/07/2018";"09:51:00";"375";"sem vítima";"204";"BR-163/MS";"Sul";"Tombamento";0;0;1;0;0;0;0;0;0;0;2;0;0;0;0
"26/07/2018";"02:47:00";"17";"com vítima";"240";"BR-163/MS";"Sul";"Colisão c/ obstáculos";0;0;0;0;0;0;0;0;0;1;0;1;0;0;0
"26/07/2018";"06:53:00";"63";"com vítima";"486.68";"BR-163/MS";"Norte";"Tombamento de moto";0;0;0;1;0;0;0;0;0;0;0;4;0;0;0
"26/07/2018";"01:00:00";"210";"com vítima";"564.613";"BR-163/MS";"Norte";"Tombamento";0;0;1;0;0;2;0;0;0;0;2;1;0;0;0
"26/07/2018";"05:04:00";"293";"sem vítima";"263.554";"BR-163/MS";"Norte";"Colisão com veículos (traseira)";0;0;1;0;0;1;0;0;0;1;3;0;0;0;0
"26/07/2018";"06:21:00";"314";"sem vítima";"568";"BR-163/MS";"Norte";"Saídas de pista";0;0;1;0;0;0;0;0;0;0;3;0;0;0;0
"26/07/2018";"07:34:00";"332";"com vítima";"536";"BR-163/MS";"Sul";"Tombamento de moto";0;0;0;1;0;0;0;0;0;0;0;2;0;0;0
"26/07/2018";"07:59:00";"334";"sem vítima";"810.445";"BR-163/MS";"Sul";"Atropelamento de animais";0;0;1;0;0;0;0;0;0;0;1;0;0;0;0
"26/07/2018";"08:08:00";"335";"com vítima";"445.251";"BR-163/MS";"Norte";"Tombamento de moto";0;0;0;1;0;0;0;0;0;0;0;1;0;0;0
"27/07/2018";"02:41:00";"236";"com vítima";"765";"BR-163/MS";"Norte";"Saídas de pista";1;0;0;0;0;0;0;0;0;0;0;1;0;0;0
"27/07/2018";"03:18:00";"243";"com vítima";"277";"BR-163/MS";"Sul";"Colisão com veículos (traseira)";1;0;1;0;0;2;0;0;0;0;3;1;1;0;0
"27/07/2018";"07:55:00";"320";"sem vítima";"443.314";"BR-163/MS";"Norte";"Colisão c/ obstáculos";0;0;0;0;0;0;0;0;0;1;1;0;0;0;0
"27/07/2018";"10:27:00";"343";"sem vítima";"577.942";"BR-163/MS";"Sul";"Colisão c/ obstáculos";1;0;0;0;0;0;0;0;0;0;1;0;0;0;0
"28/07/2018";"05:29:00";"45";"sem vítima";"323.48";"BR-163/MS";"Norte";"Colisão c/ obstáculos";1;0;0;0;0;0;0;0;0;0;1;0;0;0;0
"28/07/2018";"06:22:00";"50";"com vítima";"819.36";"BR-163/MS";"Norte";"Colisão c/ obstáculos";1;0;0;0;0;0;0;0;0;0;0;1;0;0;0
"28/07/2018";"09:00:00";"96";"sem vítima";"542.641";"BR-163/MS";"Sul";"Colisão lateral no sentido contrário";0;0;0;0;0;1;0;0;0;1;2;0;0;0;0
"28/07/2018";"10:40:00";"120";"sem vítima";"636.5";"BR-163/MS";"Norte";"Engavetamento";1;0;2;0;0;0;0;0;0;0;4;0;0;0;0
"28/07/2018";"10:44:00";"121";"com vítima";"376.248";"BR-163/MS";"Sul";"Tombamento";0;0;1;0;0;2;0;0;0;0;2;1;0;0;0
"28/07/2018";"01:03:00";"157";"sem vítima";"60.256";"BR-163/MS";"Norte";"Colisão com veículos (traseira)";1;0;0;0;0;0;0;0;0;1;2;0;0;0;0
"28/07/2018";"03:38:00";"194";"com vítima";"345.417";"BR-163/MS";"Sul";"Capotamento";1;0;0;0;0;0;0;0;0;0;2;2;1;0;0
"29/07/2018";"12:48:00";"8";"sem vítima";"208.755";"BR-163/MS";"Norte";"Colisão com veículos (traseira)";0;0;0;1;0;1;0;0;0;0;2;0;0;0;0
"29/07/2018";"10:08:00";"106";"com vítima";"141.774";"BR-163/MS";"Norte";"Tombamento de moto";0;0;0;1;0;0;0;0;0;0;0;1;0;0;0
"29/07/2018";"01:47:00";"154";"com vítima";"477.456";"BR-163/MS";"Norte";"Capotamento";1;0;0;0;0;0;0;0;0;0;1;2;1;0;0
"29/07/2018";"01:57:00";"161";"com vítima";"477.647";"BR-163/MS";"Norte";"Colisão com veículos (traseira)";0;0;1;0;0;1;0;0;0;1;4;1;1;0;0
"29/07/2018";"07:29:00";"245";"com vítima";"728.489";"BR-163/MS";"Norte";"Colisão com veículos (traseira)";1;0;0;1;0;0;0;0;0;0;3;1;0;0;0
"30/07/2018";"05:27:00";"53";"sem vítima";"526.857";"BR-163/MS";"Norte";"Colisão lateral no mesmo sentido";0;0;0;0;0;1;0;0;0;1;2;0;0;0;0
"30/07/2018";"07:26:00";"84";"sem vítima";"479";"BR-163/MS";"Norte";"Colisão lateral no sentido contrário";2;0;0;0;0;0;0;0;0;0;4;0;0;0;0
"30/07/2018";"09:41:00";"139";"com vítima";"88";"BR-163/MS";"Norte";"Capotamento";1;0;0;0;0;0;0;0;0;0;0;1;0;0;0
"30/07/2018";"07:28:00";"310";"com vítima";"840.195";"BR-163/MS";"Norte";"Tombamento de moto";0;0;0;1;0;0;0;0;0;0;0;0;1;0;0
"30/07/2018";"07:41:00";"314";"com vítima";"19.3";"BR-163/MS";"Norte";"Colisão com veículos (frontal)";1;0;0;1;0;0;0;0;0;0;1;1;0;0;0
"31/07/2018";"04:30:00";"28";"sem vítima";"520.67";"BR-163/MS";"Sul";"Capotamento";1;0;0;0;0;0;0;0;0;0;1;0;0;0;0
"01/08/2018";"12:35:00";"195";"com vítima";"119.16";"BR-163/MS";"Norte";"Colisão com veículos (traseira)";1;0;1;0;0;2;0;0;0;0;5;1;0;0;0
"01/08/2018";"08:45:00";"320";"sem vítima";"123.397";"BR-163/MS";"Norte";"Atropelamento de animais";0;0;1;0;0;2;0;0;0;0;3;0;0;0;0
"02/08/2018";"03:58:00";"48";"sem vítima";"383.581";"BR-163/MS";"Norte";"Colisão c/ obstáculos";0;0;0;0;0;0;0;0;0;1;2;0;0;0;0
"02/08/2018";"02:10:00";"229";"com vítima";"434.392";"BR-163/MS";"Sul";"Tombamento";0;0;1;0;0;1;0;0;0;0;1;1;0;0;0
"03/08/2018";"06:58:00";"76";"sem vítima";"356";"BR-163/MS";"Sul";"Colisão c/ obstáculos";1;0;0;0;0;0;0;0;0;0;3;0;0;0;0
"03/08/2018";"08:20:00";"109";"com vítima";"746";"BR-163/MS";"Norte";"Atropelamento de animais";0;0;0;0;0;0;0;0;0;1;1;1;0;0;0
"03/08/2018";"12:03:00";"188";"com vítima";"425.723";"BR-163/MS";"Norte";"Capotamento";1;0;0;0;0;0;0;0;0;0;0;1;0;0;0
"03/08/2018";"03:50:00";"257";"sem vítima";"258";"BR-163/MS";"Sul";"Colisão com veículos (traseira)";1;0;1;0;0;0;0;0;0;0;2;0;0;0;0
"03/08/2018";"05:45:00";"291";"sem vítima";"366.5";"BR-163/MS";"Sul";"Colisão com veículos (traseira)";1;0;0;0;0;0;0;0;0;1;4;0;0;0;0
"04/08/2018";"07:12:00";"28";"com vítima";"241";"BR-163/MS";"Sul";"Capotamento";0;0;0;0;0;0;0;0;0;1;0;0;0;3;0
"04/08/2018";"09:16:00";"61";"com vítima";"548";"BR-163/MS";"Norte";"Colisão lateral no sentido contrário";0;0;0;1;0;1;0;0;0;0;1;1;0;0;0
"04/08/2018";"09:23:00";"66";"sem vítima";"308";"BR-163/MS";"Sul";"Colisão lateral no mesmo sentido";0;0;0;0;0;0;0;0;0;2;5;0;0;0;0
"05/08/2018";"12:30:00";"3";"com vítima";"265";"BR-163/MS";"Norte";"Colisão c/ obstáculos";1;0;0;0;0;0;0;0;0;0;0;0;1;0;0
"05/08/2018";"11:29:00";"107";"sem vítima";"450.189";"BR-163/MS";"Norte";"Saídas de pista";1;0;0;0;0;0;0;0;0;0;2;0;0;0;0
"05/08/2018";"04:54:00";"210";"sem vítima";"453";"BR-163/MS";"Sul";"Saídas de pista";0;0;0;0;0;1;0;0;0;1;5;0;0;0;0
"05/08/2018";"06:13:00";"228";"sem vítima";"466";"BR-163/MS";"Norte";"Colisão c/ obstáculos";1;0;0;0;0;1;0;0;0;0;2;0;0;0;0
"06/08/2018";"04:11:00";"333";"com vítima";"474.733";"BR-163/MS";"Sul";"Colisão lateral no sentido contrário";0;0;1;0;0;1;0;0;0;1;2;1;0;0;0
"06/08/2018";"06:23:00";"382";"com vítima";"280.276";"BR-163/MS";"Sul";"Colisão c/ obstáculos";0;0;0;1;0;0;0;0;0;0;0;0;1;0;0
"06/08/2018";"10:47:00";"417";"sem vítima";"241.472";"BR-163/MS";"Sul";"Colisão c/ obstáculos";0;0;0;0;0;0;0;0;0;1;2;0;0;0;0
"07/08/2018";"01:02:00";"10";"sem vítima";"490.145";"BR-163/MS";"Norte";"Atropelamento de animais";1;0;0;0;0;0;0;0;0;0;1;0;0;0;0
"07/08/2018";"01:19:00";"11";"sem vítima";"490.145";"BR-163/MS";"Norte";"Colisão c/ obstáculos";1;0;0;0;0;0;0;0;0;0;1;0;0;0;0
"07/08/2018";"02:32:00";"242";"com vítima";"483.85";"BR-163/MS";"Norte";"Tombamento de moto";0;0;0;1;0;0;0;0;0;0;0;1;0;0;0
"07/08/2018";"02:50:00";"252";"sem vítima";"679.5";"BR-163/MS";"Norte";"Tombamento";0;0;1;0;0;3;0;0;0;0;4;0;0;0;0
"07/08/2018";"08:00:00";"368";"sem vítima";"722.267";"BR-163/MS";"Norte";"Atropelamento de animais";1;0;0;0;0;0;0;0;0;0;4;0;0;0;0
"08/08/2018";"04:43:00";"242";"com vítima";"726.893";"BR-163/MS";"Norte";"Colisão lateral no sentido contrário";1;0;1;0;0;2;0;0;0;0;5;1;0;0;0
"08/08/2018";"06:13:00";"264";"com vítima";"614.468";"BR-163/MS";"Norte";"Atropelamento de pedestre";0;0;0;1;0;0;0;0;0;0;0;2;0;0;0
"09/08/2018";"05:47:00";"294";"sem vítima";"227";"BR-163/MS";"Norte";"Colisão c/ obstáculos";1;0;0;0;0;1;0;0;0;0;2;0;0;0;0
"09/08/2018";"05:50:00";"296";"sem vítima";"15";"BR-163/MS";"Sul";"Atropelamento de animais";1;0;0;0;0;0;0;0;0;0;4;0;0;0;0
"09/08/2018";"10:18:00";"340";"sem vítima";"511.512";"BR-163/MS";"Norte";"Colisão c/ obstáculos";1;0;0;0;0;0;0;0;0;0;2;0;0;0;0
"10/08/2018";"02:04:00";"7";"sem vítima";"319.615";"BR-163/MS";"Sul";"Saídas de pista";0;0;0;0;0;0;0;0;0;1;1;0;0;0;0
"10/08/2018";"06:36:00";"43";"com vítima";"12";"BR-163/MS";"Norte";"Colisão c/ obstáculos";1;0;0;0;0;0;0;0;0;0;0;2;0;0;0
"10/08/2018";"08:52:00";"94";"com vítima";"476.618";"BR-163/MS";"Norte";"Colisão com veículos (traseira)";1;0;0;1;0;0;0;0;0;0;1;1;0;0;0
"10/08/2018";"10:00:00";"118";"sem vítima";"36.3";"BR-163/MS";"Sul";"Colisão lateral no mesmo sentido";1;0;0;0;0;0;0;0;0;1;4;0;0;0;0
"10/08/2018";"11:22:00";"344";"sem vítima";"506.54";"BR-163/MS";"Norte";"Atropelamento de animais";0;0;0;0;0;0;0;0;0;1;2;0;0;0;0
"11/08/2018";"01:44:00";"21";"sem vítima";"432.97";"BR-163/MS";"Norte";"Colisão c/ obstáculos";0;0;1;0;0;1;0;0;0;0;4;0;0;0;0
"11/08/2018";"02:31:00";"30";"sem vítima";"463.318";"BR-163/MS";"Norte";"Atropelamento de animais";0;0;0;0;0;0;0;0;0;1;1;0;0;0;0
"11/08/2018";"05:54:00";"57";"com vítima";"677.822";"BR-163/MS";"Sul";"Colisão lateral no mesmo sentido";1;0;0;0;0;1;0;0;0;0;5;1;0;0;0
"11/08/2018";"06:57:00";"76";"com vítima";"658.232";"BR-163/MS";"Norte";"Capotamento";0;0;0;0;0;0;0;0;0;1;0;3;2;0;0
"11/08/2018";"02:05:00";"209";"com vítima";"260.367";"BR-163/MS";"Norte";"Colisão lateral no sentido contrário";0;1;0;0;0;0;0;0;0;1;3;0;1;0;0
"11/08/2018";"04:26:00";"249";"sem vítima";"52.467";"BR-163/MS";"Norte";"Colisão com veículos (traseira)";1;0;1;0;0;2;0;0;0;0;5;0;0;0;0
"11/08/2018";"07:01:00";"296";"sem vítima";"616";"BR-163/MS";"Norte";"Colisão lateral no sentido contrário";0;0;0;1;0;0;0;0;0;1;2;0;0;0;0
"11/08/2018";"08:36:00";"314";"sem vítima";"388.386";"BR-163/MS";"Norte";"Atropelamento de animais";0;0;0;0;0;0;0;0;0;1;2;0;0;0;0
"12/08/2018";"07:44:00";"65";"com vítima";"484.403";"BR-163/MS";"Sul";"Colisão lateral no sentido contrário";0;0;0;1;0;1;0;0;0;0;1;1;0;0;0
"12/08/2018";"12:08:00";"148";"com vítima";"488.809";"BR-163/MS";"Norte";"Capotamento";1;0;0;0;0;1;0;0;0;0;1;2;0;0;0
"12/08/2018";"03:16:00";"200";"sem vítima";"80.2";"BR-163/MS";"Norte";"Capotamento";0;0;0;0;0;0;0;0;0;1;5;0;0;0;0
"12/08/2018";"06:13:00";"255";"com vítima";"274.465";"BR-163/MS";"Norte";"Tombamento de moto";0;0;0;1;0;1;0;0;0;0;1;1;0;0;0
"12/08/2018";"06:14:00";"256";"sem vítima";"742";"BR-163/MS";"Norte";"Colisão c/ obstáculos";1;0;0;0;0;0;0;0;0;0;1;0;0;0;0
"12/08/2018";"08:08:00";"287";"com vítima";"721.5";"BR-163/MS";"Sul";"Atropelamento de animais";1;0;0;0;0;0;0;0;0;0;2;1;0;0;0
"13/08/2018";"03:55:00";"33";"sem vítima";"255.831";"BR-163/MS";"Norte";"Capotamento";1;0;0;0;0;0;0;0;0;0;1;0;0;0;0
"13/08/2018";"06:50:00";"55";"com vítima";"267";"BR-163/MS";"Sul";"Colisão com veículos (traseira)";1;0;0;1;0;0;0;0;0;0;2;1;0;0;0
"13/08/2018";"07:21:00";"67";"sem vítima";"443";"BR-163/MS";"Norte";"Atropelamento de animais";1;0;0;0;0;0;0;0;0;0;1;0;0;0;0
"13/08/2018";"01:22:00";"194";"sem vítima";"277";"BR-163/MS";"Sul";"Colisão c/ obstáculos";1;0;0;0;0;0;0;0;0;0;2;0;0;0;0
"13/08/2018";"06:29:00";"289";"com vítima";"480.875";"BR-163/MS";"Sul";"Tombamento de moto";0;0;0;1;0;0;0;0;0;0;0;1;0;0;0
"13/08/2018";"08:28:00";"308";"sem vítima";"650";"BR-163/MS";"Sul";"Tombamento";0;0;1;0;0;1;0;0;0;0;2;0;0;0;0
"14/08/2018";"01:34:00";"201";"com vítima";"466.3";"BR-163/MS";"Sul";"Tombamento";0;0;1;0;0;1;0;0;0;0;1;1;0;0;0