data;horario;n_da_ocorrencia;tipo_de_ocorrencia;km;trecho;sentido;tipo_de_acidente;automovel;bicicleta;caminhao;moto;onibus;outros;tracao_animal;transporte_de_cargas_especiais;trator_maquinas;utilitarios;ilesos;levemente_feridos;moderadamente_feridos;gravemente_feridos;mortos
"14/08/2018";"03:37:00";"250";"sem vítima";"206";"BR-163/MS";"Sul";"Colisão c/ obstáculos";0;0;1;0;0;1;0;0;0;0;2;0;0;0;0
"14/08/2018";"07:47:00";"310";"sem vítima";"169.179";"BR-163/MS";"Norte";"Atropelamento de animais";1;0;0;0;0;0;0;0;0;0;2;0;0;0;0
"15/08/2018";"04:38:00";"19";"com vítima";"804.129";"BR-163/MS";"Norte";"Capotamento";0;0;0;0;0;0;0;0;0;1;0;2;1;0;0
"15/08/2018";"06:48:00";"292";"sem vítima";"293.3";"BR-163/MS";"Norte";"Atropelamento de animais";0;0;0;0;0;0;0;0;0;1;2;0;0;0;0
"15/08/2018";"07:40:00";"301";"com vítima";"413.429";"BR-163/MS";"Sul";"Colisão lateral no mesmo sentido";0;0;1;1;0;0;0;0;0;0;1;0;1;0;0
"15/08/2018";"11:50:00";"322";"sem vítima";"328.8";"BR-163/MS";"Sul";"Atropelamento de animais";0;0;0;0;0;0;0;0;0;1;1;0;0;0;0
"16/08/2018";"12:53:00";"7";"com vítima";"607.274";"BR-163/MS";"Norte";"Colisão c/ obstáculos";0;0;1;0;0;0;0;0;0;0;0;0;1;0;0
"16/08/2018";"06:37:00";"51";"sem vítima";"65";"BR-163/MS";"Sul";"Colisão lateral no mesmo sentido";0;0;2;0;0;4;0;0;0;0;6;0;0;0;0
"16/08/2018";"06:59:00";"59";"com vítima";"485.63";"BR-163/MS";"Norte";"Engavetamento";3;0;0;0;0;0;0;0;0;0;6;1;0;0;0
"16/08/2018";"02:08:00";"214";"com vítima";"479.969";"BR-163/MS";"Sul";"Colisão com veículos (traseira)";0;0;1;1;0;0;0;0;0;0;3;1;0;0;0
"16/08/2018";"10:27:00";"324";"com vítima";"264.869";"BR-163/MS";"Sul";"Tombamento de moto";0;0;0;1;0;0;0;0;0;0;0;1;0;0;0
"17/08/2018";"03:50:00";"38";"sem vítima";"278.792";"BR-163/MS";"Sul";"Atropelamento de animais";1;0;0;0;0;0;0;0;0;0;1;0;0;0;0
"17/08/2018";"01:39:00";"220";"com vítima";"260";"BR-163/MS";"Norte";"Tombamento de moto";0;0;0;1;0;0;0;0;0;0;0;1;0;0;0
"17/08/2018";"03:32:00";"258";"sem vítima";"317";"BR-163/MS";"Norte";"Colisão com veículos (traseira)";2;0;0;0;0;0;0;0;0;0;7;0;0;0;0
"17/08/2018";"03:47:00";"264";"com vítima";"555";"BR-163/MS";"Sul";"Capotamento";1;0;0;0;0;0;0;0;0;0;0;1;1;0;0
"17/08/2018";"07:27:00";"321";"com vítima";"219";"BR-163/MS";"Norte";"Tombamento de moto";0;0;0;1;0;0;0;0;0;0;1;1;0;0;0
"17/08/2018";"11:49:00";"369";"sem vítima";"815";"BR-163/MS";"Norte";"Atropelamento de animais";0;0;0;0;0;0;0;0;0;1;1;0;0;0;0
"18/08/2018";"04:41:00";"21";"sem vítima";"766.94";"BR-163/MS";"Norte";"Atropelamento de animais";1;0;0;0;0;0;0;0;0;0;2;0;0;0;0
"18/08/2018";"03:56:00";"204";"sem vítima";"57.9";"BR-163/MS";"Sul";"Capotamento";1;0;0;0;0;0;0;0;0;0;2;0;0;0;0
"18/08/2018";"04:22:00";"208";"com vítima";"495";"BR-163/MS";"Sul";"Colisão com veículos (traseira)";0;0;0;1;0;0;0;0;0;1;1;0;0;0;1
"18/08/2018";"09:43:00";"262";"com vítima";"412.339";"BR-163/MS";"Sul";"Tombamento de moto";0;0;0;1;0;1;0;0;0;0;1;1;0;0;0
"19/08/2018";"05:14:00";"36";"com vítima";"471.337";"BR-163/MS";"Sul";"Tombamento de moto";0;0;0;1;0;0;0;0;0;0;0;1;0;0;0
"19/08/2018";"05:43:00";"42";"com vítima";"477";"BR-163/MS";"Norte";"Colisão c/ obstáculos";2;0;1;0;0;2;0;0;0;0;7;1;0;0;0
"19/08/2018";"07:18:00";"55";"sem vítima";"172.69";"BR-163/MS";"Sul";"Colisão lateral no mesmo sentido";1;0;0;0;0;0;0;0;0;1;4;0;0;0;0
"19/08/2018";"07:58:00";"273";"sem vítima";"716.951";"BR-163/MS";"Norte";"Atropelamento de animais";1;0;0;0;0;0;0;0;0;0;3;0;0;0;0
"20/08/2018";"01:09:00";"7";"sem vítima";"263.1";"BR-163/MS";"Sul";"Tombamento de moto";0;0;0;1;0;0;0;0;0;0;2;0;0;0;0
"20/08/2018";"11:52:00";"184";"sem vítima";"190.667";"BR-163/MS";"Sul";"Colisão com veículos (traseira)";0;0;0;0;1;0;0;0;0;1;45;0;0;0;0
"21/08/2018";"08:06:00";"343";"sem vítima";"6.847";"BR-163/MS";"Sul";"Colisão c/ obstáculos";0;0;2;0;0;3;0;0;0;0;5;0;0;0;0
"21/08/2018";"08:55:00";"349";"sem vítima";"835";"BR-163/MS";"Norte";"Atropelamento de animais";0;0;0;0;0;0;0;0;0;1;2;0;0;0;0
"22/08/2018";"10:08:00";"132";"com vítima";"371.2";"BR-163/MS";"Sul";"Saídas de pista";1;0;0;0;0;0;0;0;0;0;0;1;0;0;0
"22/08/2018";"01:32:00";"182";"sem vítima";"155";"BR-163/MS";"Norte";"Tombamento";0;0;1;0;0;0;0;0;0;0;1;0;0;0;0
"22/08/2018";"02:13:00";"187";"sem vítima";"277";"BR-163/MS";"Sul";"Capotamento";1;0;0;0;0;0;0;0;0;0;1;0;0;0;0
"22/08/2018";"07:29:00";"266";"sem vítima";"530.34";"BR-163/MS";"Sul";"Tombamento";0;0;1;0;0;1;0;0;0;0;2;0;0;0;0
"22/08/2018";"07:45:00";"269";"sem vítima";"225";"BR-163/MS";"Sul";"Colisão c/ obstáculos";1;0;0;0;0;0;0;0;0;0;1;0;0;0;0
"23/08/2018";"04:12:00";"264";"com vítima";"250";"BR-163/MS";"Sul";"Engavetamento";0;0;1;0;0;0;0;0;0;3;5;1;0;0;0
"23/08/2018";"09:26:00";"331";"sem vítima";"678.875";"BR-163/MS";"Norte";"Colisão c/ obstáculos";0;0;1;0;0;0;0;0;0;0;1;0;0;0;0
"24/08/2018";"04:46:00";"35";"com vítima";"265";"BR-163/MS";"Norte";"Colisão lateral no mesmo sentido";0;1;0;2;0;0;0;0;0;0;1;2;0;0;0
"25/08/2018";"09:36:00";"126";"sem vítima";"644";"BR-163/MS";"Sul";"Atropelamento de animais";1;0;0;0;0;0;0;0;0;0;1;0;0;0;0
"25/08/2018";"09:54:00";"134";"sem vítima";"568.553";"BR-163/MS";"Norte";"Engavetamento";1;0;2;0;0;4;0;0;0;0;10;0;0;0;0
"25/08/2018";"11:28:00";"168";"sem vítima";"3.5";"BR-163/MS";"Sul";"Capotamento";1;0;0;0;0;0;0;0;0;0;1;0;0;0;0
"25/08/2018";"10:43:00";"311";"sem vítima";"463.455";"BR-163/MS";"Sul";"Atropelamento de animais";1;0;0;0;0;0;0;0;0;0;2;0;0;0;0
"26/08/2018";"02:14:00";"166";"sem vítima";"439.587";"BR-163/MS";"Sul";"Colisão lateral no mesmo sentido";0;0;2;0;0;4;0;0;0;0;6;0;0;0;0
"26/08/2018";"03:11:00";"187";"com vítima";"292.478";"BR-163/MS";"Sul";"Colisão c/ obstáculos";0;0;0;1;0;0;0;0;0;0;0;1;0;0;0
"26/08/2018";"06:01:00";"230";"sem vítima";"503.106";"BR-163/MS";"Sul";"Colisão c/ obstáculos";1;0;0;0;0;1;0;0;0;0;4;0;0;0;0
"26/08/2018";"06:28:00";"232";"com vítima";"251.741";"BR-163/MS";"Sul";"Colisão lateral no sentido contrário";1;0;0;1;0;0;0;0;0;0;2;0;0;1;0
"26/08/2018";"07:00:00";"240";"com vítima";"251.867";"BR-163/MS";"Norte";"Colisão com veículos (traseira)";2;0;0;0;0;0;0;0;0;0;3;3;0;0;0
"26/08/2018";"10:04:00";"275";"sem vítima";"262.941";"BR-163/MS";"Sul";"Tombamento de moto";0;0;0;1;0;0;0;0;0;0;1;0;0;0;0
"26/08/2018";"10:07:00";"276";"sem vítima";"237.444";"BR-163/MS";"Norte";"Colisão c/ obstáculos";1;0;0;0;0;0;0;0;0;0;1;0;0;0;0
"26/08/2018";"11:06:00";"281";"sem vítima";"113.635";"BR-163/MS";"Sul";"Colisão c/ obstáculos";1;0;0;0;0;0;0;0;0;0;1;0;0;0;0
"27/08/2018";"03:31:00";"44";"sem vítima";"443.63";"BR-163/MS";"Sul";"Atropelamento de animais";0;0;1;0;0;0;0;0;0;0;1;0;0;0;0
"27/08/2018";"07:55:00";"92";"sem vítima";"477.953";"BR-163/MS";"Norte";"Colisão lateral no sentido contrário";2;0;0;0;0;0;0;0;0;0;3;0;0;0;0
"27/08/2018";"08:23:00";"105";"com vítima";"258.252";"BR-163/MS";"Norte";"Colisão lateral no sentido contrário";0;1;0;0;0;0;0;0;0;1;1;1;0;0;0
"27/08/2018";"11:34:00";"167";"sem vítima";"227";"BR-163/MS";"Norte";"Colisão c/ obstáculos";0;0;1;0;0;0;0;0;0;0;1;0;0;0;0
"27/08/2018";"09:23:00";"337";"sem vítima";"701.251";"BR-163/MS";"Norte";"Atropelamento de animais";1;0;0;0;0;0;0;0;0;0;1;0;0;0;0
"28/08/2018";"06:45:00";"64";"com vítima";"288";"BR-163/MS";"Norte";"Engavetamento";2;0;0;0;0;0;0;0;0;1;0;9;0;0;0
"28/08/2018";"10:43:00";"183";"sem vítima";"168.858";"BR-163/MS";"Sul";"Colisão lateral no mesmo sentido";0;0;1;0;0;2;0;0;0;1;4;0;0;0;0
"28/08/2018";"11:26:00";"380";"sem vítima";"537.365";"BR-163/MS";"Norte";"Atropelamento de animais";1;0;0;0;0;0;0;0;0;0;3;0;0;0;0
"29/08/2018";"07:51:00";"80";"com vítima";"480.581";"BR-163/MS";"Norte";"Tombamento de moto";0;0;0;1;0;0;0;0;0;0;0;2;0;0;0
"29/08/2018";"02:10:00";"203";"sem vítima";"506.8";"BR-163/MS";"Norte";"Colisão com veículos (traseira)";0;0;2;0;0;3;0;0;0;0;5;0;0;0;0
"29/08/2018";"05:27:00";"267";"sem vítima";"259.312";"BR-163/MS";"Norte";"Capotamento";1;0;0;0;0;0;0;0;0;0;1;0;0;0;0
"29/08/2018";"08:19:00";"297";"sem vítima";"432";"BR-163/MS";"Sul";"Colisão c/ obstáculos";0;0;0;0;0;1;0;0;0;1;2;0;0;0;0
"30/08/2018";"07:01:00";"74";"com vítima";"616.744";"BR-163/MS";"Norte";"Colisão lateral no sentido contrário";1;0;0;1;0;0;0;0;0;0;1;1;0;0;0
"30/08/2018";"03:16:00";"253";"sem vítima";"655.293";"BR-163/MS";"Sul";"Tombamento";0;0;1;0;0;2;0;0;0;0;3;0;0;0;0
"30/08/2018";"04:22:00";"280";"sem vítima";"533.804";"BR-163/MS";"Norte";"Colisão com veículos (traseira)";1;0;0;0;0;0;0;0;0;1;5;0;0;0;0
"30/08/2018";"09:04:00";"351";"sem vítima";"453";"BR-163/MS";"Norte";"Atropelamento de animais";0;0;1;0;0;0;0;0;0;0;2;0;0;0;0
"31/08/2018";"02:57:00";"271";"com vítima";"433.4";"BR-163/MS";"Norte";"Colisão com veículos (traseira)";1;0;0;0;0;0;0;0;0;1;3;1;0;0;0
"31/08/2018";"03:00:00";"272";"sem vítima";"245";"BR-163/MS";"Sul";"Colisão com veículos (traseira)";1;0;0;0;0;0;0;0;0;1;4;0;0;0;0
"31/08/2018";"04:51:00";"309";"sem vítima";"88";"BR-163/MS";"Sul";"Colisão com veículos (traseira)";1;0;0;0;0;0;0;0;0;1;3;0;0;0;0
"31/08/2018";"05:37:00";"323";"com vítima";"68";"BR-163/MS";"Sul";"Colisão lateral no mesmo sentido";0;0;2;0;0;0;0;0;0;0;1;1;1;0;0
"31/08/2018";"09:47:00";"367";"sem vítima";"367";"BR-163/MS";"Sul";"Saídas de pista";1;0;0;0;0;0;0;0;0;0;1;0;0;0;0
"01/09/2018";"11:52:00";"160";"sem vítima";"40.45";"BR-163/MS";"Norte";"Capotamento";1;0;0;0;0;0;0;0;0;0;1;0;0;0;0
"01/09/2018";"11:59:00";"162";"sem vítima";"6";"BR-163/MS";"Norte";"Outros";0;0;2;0;0;4;0;0;0;0;6;0;0;0;0
"02/09/2018";"02:39:00";"23";"com vítima";"486.49";"BR-163/MS";"Norte";"Colisão com veículos (traseira)";2;0;1;0;0;1;0;0;0;0;3;1;0;0;1
"02/09/2018";"03:28:00";"150";"com vítima";"533.9";"BR-163/MS";"Sul";"Colisão com veículos (traseira)";0;0;0;1;0;0;0;0;0;1;2;1;0;0;0
"03/09/2018";"05:35:00";"30";"sem vítima";"494.932";"BR-163/MS";"Sul";"Colisão c/ obstáculos";1;0;0;0;0;0;0;0;0;0;1;0;0;0;0
"03/09/2018";"10:12:00";"138";"sem vítima";"258";"BR-163/MS";"Norte";"Tombamento de moto";0;0;0;1;0;0;0;0;0;0;1;0;0;0;0
"03/09/2018";"01:18:00";"183";"com vítima";"264";"BR-163/MS";"Norte";"Tombamento de moto";0;0;0;1;0;0;0;0;0;0;0;1;0;0;0
"03/09/2018";"02:59:00";"204";"sem vítima";"383";"BR-163/MS";"Norte";"Colisão com veículos (traseira)";1;0;1;0;0;1;0;0;0;0;3;0;0;0;0
"03/09/2018";"08:35:00";"282";"sem vítima";"502.5";"BR-163/MS";"Norte";"Atropelamento de animais";1;0;0;0;0;0;0;0;0;0;4;0;0;0;0
"04/09/2018";"01:10:00";"218";"com vítima";"316";"BR-163/MS";"Norte";"Tombamento";0;0;1;0;0;1;0;0;0;0;1;1;0;0;0
"04/09/2018";"02:56:00";"252";"sem vítima";"447.634";"BR-163/MS";"Norte";"Tombamento";0;0;1;0;0;3;0;0;0;0;4;0;0;0;0
"04/09/2018";"03:29:00";"263";"com vítima";"0.816";"BR-163/MS";"Sul";"Colisão com veículos (traseira)";1;0;1;0;0;1;0;0;0;0;2;1;0;0;0
"04/09/2018";"05:46:00";"290";"com vítima";"748.536";"BR-163/MS";"Norte";"Capotamento";1;0;0;0;0;0;0;0;0;0;0;4;1;0;0
"04/09/2018";"08:23:00";"321";"sem vítima";"437.278";"BR-163/MS";"Sul";"Atropelamento de animais";0;0;0;0;0;0;0;0;0;1;1;0;0;0;0
"05/09/2018";"10:04:00";"153";"sem vítima";"179";"BR-163/MS";"Sul";"Colisão com veículos (traseira)";0;0;2;0;0;3;0;0;0;0;5;0;0;0;0
"05/09/2018";"08:41:00";"341";"com vítima";"624.29";"BR-163/MS";"Norte";"Tombamento";0;0;0;1;0;1;0;0;0;1;3;0;1;0;0
"06/09/2018";"05:31:00";"50";"com vítima";"682";"BR-163/MS";"Norte";"Colisão com veículos (traseira)";1;0;0;0;0;1;0;0;0;0;2;2;0;0;0
"06/09/2018";"05:42:00";"52";"sem vítima";"359";"BR-163/MS";"Norte";"Capotamento";0;0;1;0;0;2;0;0;0;0;3;0;0;0;0
"06/09/2018";"04:19:00";"249";"sem vítima";"499";"BR-163/MS";"Sul";"Colisão lateral no mesmo sentido";1;0;0;0;0;1;0;0;0;0;2;0;0;0;0
"06/09/2018";"09:50:00";"336";"com vítima";"534.744";"BR-163/MS";"Norte";"Engavetamento";0;0;0;0;0;0;0;0;0;3;9;0;1;0;0
"07/09/2018";"06:33:00";"46";"sem vítima";"537.937";"BR-163/MS";"Sul";"Capotamento";0;0;0;0;0;0;0;0;0;1;5;0;0;0;0
"07/09/2018";"06:57:00";"54";"sem vítima";"490.667";"BR-163/MS";"Sul";"Colisão com veículos (traseira)";2;0;0;0;0;0;0;0;0;0;3;0;0;0;0
"08/09/2018";"06:40:00";"307";"sem vítima";"819.954";"BR-163/MS";"Norte";"Atropelamento de animais";1;0;0;0;0;0;0;0;0;0;1;0;0;0;0
"08/09/2018";"09:16:00";"340";"sem vítima";"4.346";"BR-163/MS";"Sul";"Tombamento";1;0;0;0;0;0;0;0;0;0;1;0;0;0;0
"08/09/2018";"11:03:00";"359";"sem vítima";"249.382";"BR-163/MS";"Norte";"Colisão c/ obstáculos";1;0;0;0;0;0;0;0;0;0;1;0;0;0;0
"08/09/2018";"11:53:00";"362";"com vítima";"580";"BR-163/MS";"Norte";"Capotamento";1;0;0;0;0;0;0;0;0;0;0;1;2;0;1
"09/09/2018";"03:32:00";"16";"sem vítima";"207.238";"BR-163/MS";"Sul";"Colisão c/ obstáculos";1;0;0;0;0;0;0;0;0;0;2;0;0;0;0
"09/09/2018";"06:06:00";"32";"sem vítima";"18";"BR-163/MS";"Norte";"Tombamento";0;0;1;0;0;1;0;0;0;0;2;0;0;0;0
"09/09/2018";"06:14:00";"35";"com vítima";"175.743";"BR-163/MS";"Sul";"Tombamento de moto";0;0;0;1;0;0;0;0;0;0;0;1;0;0;0
"09/09/2018";"07:38:00";"60";"com vítima";"469.927";"BR-163/MS";"Sul";"Colisão c/ obstáculos";0;0;0;1;0;0;0;0;0;0;0;0;0;1;0
"09/09/2018";"12:58:00";"155";"com vítima";"731.848";"BR-163/MS";"Norte";"Atropelamento de animais";1;0;0;0;0;0;0;0;0;0;4;1;0;0;0
"09/09/2018";"03:51:00";"211";"com vítima";"498.48";"BR-163/MS";"Sul";"Capotamento";0;0;0;0;0;0;0;0;0;1;0;2;0;0;0
"09/09/2018";"04:31:00";"231";"sem vítima";"198.5";"BR-163/MS";"Sul";"Colisão c/ obstáculos";1;0;0;0;0;0;0;0;0;0;1;0;0;0;0
"09/09/2018";"08:28:00";"291";"sem vítima";"268.506";"BR-163/MS";"Sul";"Colisão c/ obstáculos";0;0;0;0;0;0;0;0;0;1;1;0;0;0;0
"10/09/2018";"02:26:00";"30";"sem vítima";"392.231";"BR-163/MS";"Norte";"Atropelamento de animais";1;0;0;0;0;0;0;0;0;0;5;0;0;0;0
"10/09/2018";"06:47:00";"57";"com vítima";"478";"BR-163/MS";"Norte";"Colisão lateral no mesmo sentido";1;0;0;1;0;0;0;0;0;0;1;0;2;0;0
"10/09/2018";"03:14:00";"242";"com vítima";"311";"BR-163/MS";"Sul";"Colisão lateral no sentido contrário";1;1;0;0;0;0;0;0;0;0;5;0;0;1;0
"10/09/2018";"05:13:00";"291";"sem vítima";"225";"BR-163/MS";"Sul";"Colisão lateral no mesmo sentido";0;0;1;0;0;1;0;0;0;1;3;0;0;0;0
"10/09/2018";"10:15:00";"345";"sem vítima";"585.813";"BR-163/MS";"Sul";"Colisão c/ obstáculos";1;0;1;0;0;1;0;0;0;0;6;0;0;0;0
"11/09/2018";"01:23:00";"9";"sem vítima";"11.8";"BR-163/MS";"Sul";"Atropelamento de animais";0;0;0;0;0;0;0;0;0;1;1;0;0;0;0
"11/09/2018";"01:32:00";"10";"sem vítima";"266";"BR-163/MS";"Norte";"Outros";0;0;0;1;0;0;0;0;0;0;1;0;0;0;0
"11/09/2018";"11:26:00";"158";"com vítima";"828";"BR-163/MS";"Norte";"Tombamento de moto";0;0;0;1;0;0;0;0;0;0;0;0;1;0;0
"11/09/2018";"12:29:00";"177";"sem vítima";"548.35";"BR-163/MS";"Norte";"Colisão lateral no sentido contrário";1;0;0;0;0;0;0;0;0;1;4;0;0;0;0
"12/09/2018";"06:03:00";"48";"sem vítima";"183";"BR-163/MS";"Sul";"Colisão com veículos (traseira)";1;0;1;0;0;2;0;0;0;0;4;0;0;0;0
"12/09/2018";"08:33:00";"131";"com vítima";"703";"BR-163/MS";"Sul";"Colisão com veículos (traseira)";0;0;1;0;0;1;0;0;0;0;1;1;0;0;0
"12/09/2018";"01:04:00";"230";"com vítima";"568.451";"BR-163/MS";"Sul";"Colisão com veículos (frontal)";0;0;1;1;0;1;0;0;0;0;1;1;0;0;1
"12/09/2018";"01:32:00";"239";"com vítima";"190.494";"BR-163/MS";"Sul";"Capotamento";0;0;0;0;0;0;0;0;0;1;0;0;0;0;2
"12/09/2018";"06:39:00";"341";"com vítima";"680";"BR-163/MS";"Norte";"Colisão lateral no mesmo sentido";0;0;0;1;0;1;0;0;0;0;1;1;0;0;0
"12/09/2018";"06:51:00";"345";"sem vítima";"255.943";"BR-163/MS";"Sul";"Colisão c/ obstáculos";1;0;0;0;0;0;0;0;0;0;1;0;0;0;0
"12/09/2018";"07:19:00";"351";"sem vítima";"251.559";"BR-163/MS";"Sul";"Colisão lateral no mesmo sentido";1;0;1;0;0;1;0;0;0;0;5;0;0;0;0
"13/09/2018";"01:21:00";"17";"com vítima";"260.347";"BR-163/MS";"Sul";"Atropelamento de animais";0;0;0;1;0;0;0;0;0;0;1;1;0;0;0
"13/09/2018";"02:42:00";"34";"sem vítima";"140.937";"BR-163/MS";"Norte";"Tombamento";0;0;1;0;0;1;0;0;0;0;3;0;0;0;0
"13/09/2018";"06:59:00";"65";"com vítima";"252";"BR-163/MS";"Norte";"Tombamento de moto";0;0;0;1;0;0;0;0;0;0;0;1;0;0;0
"13/09/2018";"09:21:00";"347";"com vítima";"478";"BR-163/MS";"Sul";"Colisão com veículos (traseira)";0;0;0;1;0;1;0;0;0;0;1;0;0;1;0
"14/09/2018";"06:16:00";"54";"com vítima";"216";"BR-163/MS";"Norte";"Tombamento";0;0;0;0;1;0;0;0;0;0;18;5;0;0;0
"14/09/2018";"08:44:00";"99";"com vítima";"485";"BR-163/MS";"Norte";"Colisão lateral no sentido contrário";2;0;0;0;0;0;0;0;0;0;2;1;0;0;0
"14/09/2018";"04:36:00";"254";"sem vítima";"40";"BR-163/MS";"Sul";"Colisão c/ obstáculos";0;0;1;0;0;0;0;0;0;0;1;0;0;0;0
"15/09/2018";"01:42:00";"8";"sem vítima";"247.253";"BR-163/MS";"Norte";"Colisão c/ obstáculos";1;0;0;0;0;0;0;0;0;0;1;0;0;0;0
"15/09/2018";"02:07:00";"11";"sem vítima";"741.313";"BR-163/MS";"Norte";"Atropelamento de animais";1;0;0;0;0;0;0;0;0;0;3;0;0;0;0
"15/09/2018";"03:52:00";"28";"sem vítima";"767.899";"BR-163/MS";"Norte";"Atropelamento de animais";1;0;0;0;0;0;0;0;0;0;4;0;0;0;0
"15/09/2018";"07:03:00";"58";"sem vítima";"270.8";"BR-163/MS";"Norte";"Colisão lateral no sentido contrário";1;0;0;0;0;0;0;0;0;1;3;0;0;0;0
"15/09/2018";"10:47:00";"137";"sem vítima";"316";"BR-163/MS";"Sul";"Tombamento";0;0;1;0;0;2;0;0;0;0;3;0;0;0;0
"15/09/2018";"12:40:00";"172";"sem vítima";"239";"BR-163/MS";"Sul";"Capotamento";0;0;0;0;0;0;0;0;0;1;1;0;0;0;0
"15/09/2018";"12:46:00";"173";"sem vítima";"404.84";"BR-163/MS";"Sul";"Capotamento";1;0;0;0;0;0;0;0;0;1;2;0;0;0;0
"15/09/2018";"06:20:00";"277";"com vítima";"483.115";"BR-163/MS";"Norte";"Atropelamento de pedestre";0;0;0;1;0;1;0;0;0;0;1;0;1;0;0
"15/09/2018";"06:33:00";"281";"sem vítima";"257.258";"BR-163/MS";"Sul";"Atropelamento de animais";0;0;0;0;0;0;0;0;0;1;1;0;0;0;0
"15/09/2018";"07:15:00";"292";"com vítima";"257.188";"BR-163/MS";"Norte";"Atropelamento de pedestre";0;0;0;0;0;1;0;0;0;0;1;1;0;0;0
"16/09/2018";"12:46:00";"4";"sem vítima";"726";"BR-163/MS";"Norte";"Outros";1;0;0;0;0;0;0;0;0;0;1;0;0;0;0
"16/09/2018";"04:32:00";"30";"sem vítima";"60";"BR-163/MS";"Sul";"Saídas de pista";1;0;0;0;0;0;0;0;0;0;3;0;0;0;0
"16/09/2018";"11:09:00";"115";"com vítima";"413.2";"BR-163/MS";"Sul";"Tombamento";0;0;1;0;0;2;0;0;0;0;2;1;0;0;0
"16/09/2018";"11:34:00";"120";"com vítima";"487";"BR-163/MS";"Norte";"Atropelamento de pedestre";1;0;0;0;0;0;0;0;0;0;5;0;0;0;1
"16/09/2018";"09:43:00";"229";"sem vítima";"18";"BR-163/MS";"Norte";"Colisão lateral no mesmo sentido";0;0;1;0;0;0;0;0;0;1;4;0;0;0;0
"17/09/2018";"03:19:00";"14";"sem vítima";"520.956";"BR-163/MS";"Norte";"Atropelamento de animais";1;0;0;0;0;0;0;0;0;0;2;0;0;0;0
"17/09/2018";"04:45:00";"35";"sem vítima";"556.247";"BR-163/MS";"Sul";"Saídas de pista";1;0;0;0;0;0;0;0;0;0;3;0;0;0;0
"17/09/2018";"07:11:00";"71";"com vítima";"484.408";"BR-163/MS";"Norte";"Colisão lateral no sentido contrário";1;0;0;1;0;0;0;0;0;0;1;1;0;0;0
"17/09/2018";"12:45:00";"202";"com vítima";"436.2";"BR-163/MS";"Norte";"Saídas de pista";1;0;0;0;0;0;0;0;0;0;2;1;0;0;0
"17/09/2018";"05:56:00";"289";"sem vítima";"485.63";"BR-163/MS";"Sul";"Engavetamento";4;0;0;0;0;0;0;0;0;0;4;0;0;0;0
"18/09/2018";"09:49:00";"147";"com vítima";"475.741";"BR-163/MS";"Norte";"Colisão lateral no sentido contrário";0;0;1;1;0;1;0;0;0;0;2;1;0;0;0
"18/09/2018";"06:10:00";"339";"com vítima";"481";"BR-163/MS";"Norte";"Atropelamento de pedestre";1;0;0;0;0;0;0;0;0;0;1;0;1;0;0
"19/09/2018";"07:49:00";"99";"com vítima";"251.143";"BR-163/MS";"Norte";"Colisão com veículos (frontal)";0;0;1;0;0;0;0;0;0;1;1;0;1;1;1
"19/09/2018";"11:48:00";"215";"com vítima";"146.511";"BR-163/MS";"Sul";"Engavetamento";1;0;3;0;0;2;0;0;0;0;8;2;0;0;0
"19/09/2018";"12:37:00";"229";"com vítima";"21";"BR-163/MS";"Norte";"Outros";0;0;0;2;0;0;0;0;0;0;1;0;0;1;0
"19/09/2018";"11:06:00";"391";"sem vítima";"347";"BR-163/MS";"Sul";"Capotamento";1;0;0;0;0;0;0;0;0;0;1;0;0;0;0
"20/09/2018";"02:49:00";"17";"com vítima";"256.2";"BR-163/MS";"Norte";"Atropelamento de pedestre";0;0;0;0;0;1;0;0;0;0;1;1;0;0;0
"20/09/2018";"05:53:00";"46";"sem vítima";"599.915";"BR-163/MS";"Sul";"Colisão c/ obstáculos";0;0;0;0;0;0;0;0;0;1;1;0;0;0;0
"20/09/2018";"09:57:00";"137";"sem vítima";"446";"BR-163/MS";"Norte";"Saídas de pista";1;0;0;0;0;0;0;0;0;0;1;0;0;0;0
"20/09/2018";"10:25:00";"147";"sem vítima";"825.754";"BR-163/MS";"Norte";"Saídas de pista";1;0;0;0;0;0;0;0;0;0;1;0;0;0;0
"20/09/2018";"03:49:00";"266";"com vítima";"675.298";"BR-163/MS";"Sul";"Saídas de pista";1;0;0;0;0;0;0;0;0;0;0;1;0;0;0
"20/09/2018";"05:37:00";"301";"com vítima";"404";"BR-163/MS";"Sul";"Tombamento";0;0;1;0;0;2;0;0;0;0;2;1;0;0;0
"20/09/2018";"11:34:00";"345";"sem vítima";"249";"BR-163/MS";"Sul";"Saídas de pista";1;0;0;0;0;0;0;0;0;0;2;0;0;0;0
"21/09/2018";"04:15:00";"12";"com vítima";"786.63";"BR-163/MS";"Sul";"Colisão com veículos (traseira)";0;0;1;0;0;1;0;0;0;1;2;1;0;0;0
"21/09/2018";"06:07:00";"38";"com vítima";"555.352";"BR-163/MS";"Norte";"Tombamento";0;0;1;0;0;2;0;0;0;0;2;1;0;0;0
"21/09/2018";"05:06:00";"310";"com vítima";"490.546";"BR-163/MS";"Sul";"Colisão com veículos (traseira)";1;0;0;0;0;0;0;0;0;1;1;1;0;0;0