data;horario;n_da_ocorrencia;tipo_de_ocorrencia;km;trecho;sentido;tipo_de_acidente;automovel;bicicleta;caminhao;moto;onibus;outros;tracao_animal;transporte_de_cargas_especiais;trator_maquinas;utilitarios;ilesos;levemente_feridos;moderadamente_feridos;gravemente_feridos;mortos
"25/04/2019";"07:41:00";"354";"sem vítima";"259.47";"BR-163/MS";"Sul";"Colisão c/ obstáculos";1;0;0;1;0;0;0;0;0;1;3;0;0;0;0
"26/04/2019";"02:21:00";"260";"sem vítima";"39.529";"BR-163/MS";"Norte";"Colisão com veículos (traseira)";1;0;0;1;0;0;0;0;0;0;2;0;0;0;0
"26/04/2019";"05:47:00";"337";"com vítima";"182.519";"BR-163/MS";"Sul";"Colisão lateral no mesmo sentido";1;0;0;0;0;1;0;0;0;0;1;1;0;0;0
"26/04/2019";"07:30:00";"366";"sem vítima";"817.687";"BR-163/MS";"Norte";"Colisão c/ obstáculos";1;0;0;0;0;1;0;0;0;0;4;0;0;0;0
"26/04/2019";"10:46:00";"403";"com vítima";"9.338";"BR-163/MS";"Sul";"Colisão com veículos (traseira)";1;0;0;0;0;1;0;0;0;0;1;1;0;0;0
"26/04/2019";"11:24:00";"406";"sem vítima";"819.708";"BR-163/MS";"Sul";"Tombamento";0;0;1;0;0;2;0;0;0;0;3;0;0;0;0
"27/04/2019";"01:03:00";"5";"sem vítima";"187.46";"BR-163/MS";"Norte";"Saídas de pista";1;0;0;0;0;0;0;0;0;0;1;0;0;0;0
"27/04/2019";"06:36:00";"37";"sem vítima";"364";"BR-163/MS";"Norte";"Colisão lateral no mesmo sentido";0;0;0;1;0;0;0;0;0;1;2;0;0;0;0
"27/04/2019";"10:03:00";"129";"com vítima";"609";"BR-163/MS";"Sul";"Tombamento";0;0;1;0;0;2;0;0;0;0;2;0;1;0;0
"27/04/2019";"05:22:00";"260";"sem vítima";"253.9";"BR-163/MS";"Norte";"Colisão lateral no mesmo sentido";0;0;1;0;0;1;0;0;0;1;4;0;0;0;0
"27/04/2019";"11:47:00";"318";"com vítima";"16";"BR-163/MS";"Sul";"Tombamento de moto";0;0;0;1;0;0;0;0;0;0;0;0;0;1;0
"28/04/2019";"02:46:00";"13";"sem vítima";"499.2";"BR-163/MS";"Sul";"Saídas de pista";1;0;0;0;0;0;0;0;0;0;1;0;0;0;0
"28/04/2019";"03:23:00";"180";"com vítima";"253";"BR-163/MS";"Sul";"Tombamento de moto";0;0;0;1;0;0;0;0;0;0;0;2;0;0;0
"28/04/2019";"04:21:00";"195";"sem vítima";"258";"BR-163/MS";"Sul";"Tombamento de moto";0;0;0;1;0;0;0;0;0;0;1;0;0;0;0
"28/04/2019";"04:50:00";"204";"sem vítima";"29.5";"BR-163/MS";"Sul";"Tombamento";1;0;0;0;0;0;0;0;0;0;2;0;0;0;0
"29/04/2019";"05:30:00";"20";"sem vítima";"97.589";"BR-163/MS";"Sul";"Tombamento";1;0;0;0;0;0;0;0;0;0;1;0;0;0;0
"29/04/2019";"12:57:00";"196";"com vítima";"669";"BR-163/MS";"Norte";"Capotamento";0;0;1;0;0;0;0;0;0;0;0;2;0;0;0
"29/04/2019";"01:31:00";"203";"sem vítima";"484";"BR-163/MS";"Norte";"Colisão lateral no sentido contrário";1;0;0;1;0;0;0;0;0;0;2;0;0;0;0
"29/04/2019";"02:21:00";"223";"sem vítima";"669";"BR-163/MS";"Sul";"Colisão com veículos (traseira)";0;0;2;0;0;0;0;0;0;0;2;0;0;0;0
"29/04/2019";"05:44:00";"282";"com vítima";"478";"BR-163/MS";"Sul";"Tombamento de moto";0;0;0;1;0;0;0;0;0;0;0;1;0;0;0
"29/04/2019";"10:19:00";"324";"sem vítima";"501.32";"BR-163/MS";"Norte";"Saídas de pista";0;0;1;0;0;0;0;0;0;0;1;0;0;0;0
"30/04/2019";"06:09:00";"304";"com vítima";"680.164";"BR-163/MS";"Sul";"Atropelamento de pedestre";0;0;0;0;0;1;0;0;0;0;1;1;0;0;0
"30/04/2019";"07:23:00";"314";"sem vítima";"327";"BR-163/MS";"Sul";"Saídas de pista";1;0;0;0;0;0;0;0;0;0;1;0;0;0;0
"30/04/2019";"08:13:00";"323";"sem vítima";"258";"BR-163/MS";"Norte";"Colisão lateral no mesmo sentido";1;0;0;0;0;0;0;0;0;1;2;0;0;0;0
"30/04/2019";"09:05:00";"329";"sem vítima";"384.901";"BR-163/MS";"Sul";"Saídas de pista";0;0;0;0;0;0;0;0;0;1;2;0;0;0;0
"30/04/2019";"09:33:00";"333";"sem vítima";"453.146";"BR-163/MS";"Norte";"Capotamento";1;0;0;0;0;0;0;0;0;0;1;0;0;0;0
"01/05/2019";"06:01:00";"21";"sem vítima";"311.414";"BR-163/MS";"Norte";"Saídas de pista";1;0;0;0;0;0;0;0;0;0;1;0;0;0;0
"01/05/2019";"06:36:00";"26";"sem vítima";"446.352";"BR-163/MS";"Norte";"Colisão lateral no mesmo sentido";0;0;1;0;0;1;0;0;0;0;2;0;0;0;0
"01/05/2019";"12:03:00";"141";"sem vítima";"598.334";"BR-163/MS";"Norte";"Colisão c/ obstáculos";0;0;0;0;0;0;0;0;0;1;2;0;0;0;0
"01/05/2019";"04:16:00";"216";"com vítima";"837.85";"BR-163/MS";"Sul";"Colisão com veículos (traseira)";0;0;0;1;0;0;0;0;0;1;4;1;0;0;0
"01/05/2019";"06:49:00";"251";"sem vítima";"317.652";"BR-163/MS";"Sul";"Colisão com veículos (traseira)";1;0;0;0;0;0;0;0;0;1;2;0;0;0;0
"02/05/2019";"05:08:00";"12";"com vítima";"614.875";"BR-163/MS";"Sul";"Atropelamento de animais";0;0;0;1;0;0;0;0;0;0;0;1;0;0;0
"02/05/2019";"08:07:00";"61";"com vítima";"515";"BR-163/MS";"Sul";"Tombamento de moto";0;0;0;1;0;0;0;0;0;0;0;1;0;0;0
"02/05/2019";"06:44:00";"334";"com vítima";"264";"BR-163/MS";"Norte";"Colisão c/ obstáculos";0;0;0;1;0;0;0;0;0;0;0;1;0;0;0
"03/05/2019";"06:55:00";"45";"com vítima";"258";"BR-163/MS";"Sul";"Colisão lateral no mesmo sentido";0;1;0;1;0;0;0;0;0;0;0;2;0;0;0
"03/05/2019";"12:31:00";"190";"sem vítima";"401.294";"BR-163/MS";"Norte";"Colisão lateral no mesmo sentido";1;0;0;0;0;0;0;0;0;1;5;0;0;0;0
"03/05/2019";"01:04:00";"198";"sem vítima";"371";"BR-163/MS";"Sul";"Capotamento";1;0;0;0;0;0;0;0;0;0;2;0;0;0;0
"03/05/2019";"01:31:00";"209";"com vítima";"371.5";"BR-163/MS";"Norte";"Saídas de pista";1;0;0;0;0;0;0;0;0;0;0;2;0;0;0
"03/05/2019";"03:06:00";"224";"sem vítima";"456";"BR-163/MS";"Sul";"Saídas de pista";1;0;0;0;0;0;0;0;0;0;2;0;0;0;0
"03/05/2019";"06:13:00";"271";"sem vítima";"226.753";"BR-163/MS";"Norte";"Atropelamento de animais";1;0;0;0;0;0;0;0;0;0;1;0;0;0;0
"03/05/2019";"06:33:00";"280";"sem vítima";"569.5";"BR-163/MS";"Norte";"Atropelamento de animais";1;0;0;0;0;0;0;0;0;0;5;0;0;0;0
"04/05/2019";"08:00:00";"62";"com vítima";"640.638";"BR-163/MS";"Norte";"Colisão c/ obstáculos";0;0;1;0;0;2;0;0;0;0;2;1;0;0;0
"04/05/2019";"10:01:00";"106";"sem vítima";"151";"BR-163/MS";"Norte";"Colisão c/ obstáculos";0;0;0;0;0;0;0;0;0;1;5;0;0;0;0
"04/05/2019";"06:58:00";"240";"sem vítima";"295.644";"BR-163/MS";"Norte";"Atropelamento de animais";0;0;0;0;0;0;0;0;0;1;2;0;0;0;0
"04/05/2019";"08:48:00";"252";"sem vítima";"261.648";"BR-163/MS";"Sul";"Colisão c/ obstáculos";1;0;0;0;0;0;0;0;0;0;1;0;0;0;0
"06/05/2019";"03:54:00";"21";"sem vítima";"443.703";"BR-163/MS";"Sul";"Atropelamento de animais";1;0;0;0;0;0;0;0;0;0;1;0;0;0;0
"06/05/2019";"08:03:00";"85";"sem vítima";"124.815";"BR-163/MS";"Norte";"Tombamento";0;0;1;0;0;1;0;0;0;0;2;0;0;0;0
"06/05/2019";"02:05:00";"243";"sem vítima";"13";"BR-163/MS";"Norte";"Colisão lateral no mesmo sentido";2;0;0;0;0;0;0;0;0;0;4;0;0;0;0
"06/05/2019";"07:28:00";"340";"sem vítima";"88.894";"BR-163/MS";"Norte";"Saídas de pista";0;0;0;0;0;0;0;0;0;1;1;0;0;0;0
"06/05/2019";"10:08:00";"362";"com vítima";"651.191";"BR-163/MS";"Norte";"Colisão c/ obstáculos";1;0;0;0;0;0;0;0;0;0;0;1;0;0;0
"07/05/2019";"12:47:00";"2";"sem vítima";"492.293";"BR-163/MS";"Norte";"Colisão lateral no mesmo sentido";1;0;0;0;0;1;0;0;0;0;3;0;0;0;0
"07/05/2019";"02:26:00";"274";"sem vítima";"260";"BR-163/MS";"Sul";"Tombamento de moto";0;0;0;1;0;0;0;0;0;0;2;0;0;0;0
"07/05/2019";"04:03:00";"315";"com vítima";"492.376";"BR-163/MS";"Norte";"Colisão com veículos (traseira)";1;0;1;0;0;0;0;0;0;0;2;1;0;0;0
"07/05/2019";"06:55:00";"371";"sem vítima";"124.721";"BR-163/MS";"Norte";"Atropelamento de animais";0;0;1;0;0;1;0;0;0;0;3;0;0;0;0
"07/05/2019";"08:21:00";"386";"com vítima";"34.91";"BR-163/MS";"Sul";"Colisão com veículos (frontal)";1;0;2;0;0;2;0;0;0;0;2;0;0;3;0
"09/05/2019";"06:39:00";"35";"sem vítima";"273.886";"BR-163/MS";"Norte";"Colisão lateral no mesmo sentido";0;0;1;0;1;0;0;0;0;0;14;0;0;0;0
"09/05/2019";"07:22:00";"55";"sem vítima";"408";"BR-163/MS";"Sul";"Atropelamento de animais";0;0;0;0;0;0;0;0;0;1;1;0;0;0;0
"09/05/2019";"04:38:00";"316";"com vítima";"487";"BR-163/MS";"Norte";"Tombamento de moto";0;0;0;1;0;0;0;0;0;1;1;1;0;0;0
"09/05/2019";"06:13:00";"344";"sem vítima";"224.406";"BR-163/MS";"Norte";"Atropelamento de animais";1;0;0;0;0;0;0;0;0;0;4;0;0;0;0
"10/05/2019";"08:49:00";"134";"sem vítima";"485.489";"BR-163/MS";"Sul";"Colisão lateral no sentido contrário";0;0;0;0;0;0;0;0;0;3;3;0;0;0;0
"10/05/2019";"11:04:00";"200";"com vítima";"485";"BR-163/MS";"Sul";"Tombamento de moto";0;0;0;1;0;0;0;0;0;0;1;1;0;0;0
"10/05/2019";"02:15:00";"285";"com vítima";"542.172";"BR-163/MS";"Sul";"Colisão com veículos (frontal)";2;0;0;0;0;0;0;0;0;0;0;1;3;0;1
"10/05/2019";"02:16:00";"286";"sem vítima";"541";"BR-163/MS";"Norte";"Outros";1;0;0;0;0;0;0;0;0;0;1;0;0;0;0
"10/05/2019";"03:08:00";"302";"sem vítima";"346.52";"BR-163/MS";"Sul";"Capotamento";1;0;0;0;0;0;0;0;0;0;1;0;0;0;0
"10/05/2019";"06:32:00";"345";"com vítima";"484.429";"BR-163/MS";"Norte";"Colisão lateral no sentido contrário";0;0;0;2;0;0;0;0;0;0;0;2;0;0;0
"11/05/2019";"01:24:00";"218";"com vítima";"514.35";"BR-163/MS";"Norte";"Colisão c/ obstáculos";1;0;0;0;0;0;0;0;0;0;0;1;1;0;0
"11/05/2019";"02:15:00";"235";"sem vítima";"191";"BR-163/MS";"Norte";"Colisão com veículos (traseira)";0;0;2;0;0;1;0;0;0;0;4;0;0;0;0
"11/05/2019";"03:22:00";"258";"com vítima";"478.65";"BR-163/MS";"Sul";"Colisão com veículos (traseira)";1;0;1;0;0;2;0;0;0;0;3;1;1;0;0
"11/05/2019";"05:58:00";"302";"com vítima";"74.9";"BR-163/MS";"Norte";"Capotamento";0;0;1;0;0;1;0;0;0;0;1;1;0;0;0
"11/05/2019";"08:13:00";"333";"com vítima";"485.483";"BR-163/MS";"Norte";"Colisão c/ obstáculos";1;0;0;0;0;0;0;0;0;1;1;1;0;0;0
"11/05/2019";"11:41:00";"360";"sem vítima";"374.917";"BR-163/MS";"Norte";"Saídas de pista";1;0;0;0;0;0;0;0;0;0;1;0;0;0;0
"12/05/2019";"03:09:00";"15";"com vítima";"485.793";"BR-163/MS";"Sul";"Colisão com veículos (frontal)";1;0;0;0;0;0;0;0;0;1;2;1;0;3;0
"12/05/2019";"07:43:00";"53";"com vítima";"260";"BR-163/MS";"Norte";"Capotamento";1;1;0;0;0;0;0;0;0;0;1;1;0;0;0
"12/05/2019";"02:25:00";"173";"sem vítima";"617.143";"BR-163/MS";"Sul";"Colisão com veículos (traseira)";1;0;0;0;0;0;0;0;0;1;2;0;0;0;0
"12/05/2019";"07:52:00";"272";"com vítima";"149.52";"BR-163/MS";"Norte";"Colisão com veículos (frontal)";2;0;0;0;0;0;0;0;0;0;2;1;0;0;0
"12/05/2019";"09:52:00";"289";"sem vítima";"38.453";"BR-163/MS";"Sul";"Colisão c/ obstáculos";0;0;0;1;0;0;0;0;0;1;2;0;0;0;0
"13/05/2019";"02:29:00";"256";"sem vítima";"656";"BR-163/MS";"Sul";"Colisão c/ obstáculos";1;0;0;0;0;0;0;0;0;0;1;0;0;0;0
"13/05/2019";"03:31:00";"277";"sem vítima";"522.5";"BR-163/MS";"Norte";"Saídas de pista";1;0;0;0;0;0;0;0;0;0;1;0;0;0;0
"13/05/2019";"07:18:00";"334";"sem vítima";"375.765";"BR-163/MS";"Sul";"Colisão c/ obstáculos";0;0;1;0;0;0;0;0;0;0;1;0;0;0;0
"14/05/2019";"12:47:00";"4";"com vítima";"0";"BR-163/MS";"Sul";"Tombamento";0;0;1;0;0;1;0;0;0;0;1;1;0;0;0
"14/05/2019";"05:23:00";"292";"sem vítima";"327.855";"BR-163/MS";"Norte";"Atropelamento de animais";1;0;0;0;0;0;0;0;0;0;3;0;0;0;0
"14/05/2019";"06:18:00";"302";"sem vítima";"711.761";"BR-163/MS";"Norte";"Atropelamento de animais";0;0;0;1;0;0;0;0;0;0;1;0;0;0;0
"15/05/2019";"10:02:00";"162";"com vítima";"474";"BR-163/MS";"Sul";"Colisão lateral no sentido contrário";1;0;0;0;0;0;0;0;0;1;5;2;0;0;0
"15/05/2019";"11:19:00";"191";"sem vítima";"506.89";"BR-163/MS";"Norte";"Capotamento";0;0;0;0;0;0;0;0;0;1;1;0;0;0;0
"15/05/2019";"01:14:00";"228";"com vítima";"485";"BR-163/MS";"Norte";"Colisão lateral no mesmo sentido";1;0;0;1;0;0;0;0;0;0;1;2;0;0;0
"15/05/2019";"05:48:00";"334";"com vítima";"265";"BR-163/MS";"Sul";"Atropelamento de pedestre";1;0;0;1;0;0;0;0;0;0;1;1;0;1;0
"15/05/2019";"06:57:00";"358";"sem vítima";"264";"BR-163/MS";"Norte";"Colisão com veículos (traseira)";2;0;0;0;0;0;0;0;0;0;4;0;0;0;0
"15/05/2019";"07:22:00";"365";"sem vítima";"796.95";"BR-163/MS";"Sul";"Atropelamento de animais";0;0;0;0;0;0;0;0;0;1;2;0;0;0;0
"15/05/2019";"08:34:00";"382";"sem vítima";"248";"BR-163/MS";"Sul";"Tombamento de moto";0;0;0;1;0;0;0;0;0;0;1;0;0;0;0
"16/05/2019";"05:09:00";"27";"sem vítima";"17.544";"BR-163/MS";"Norte";"Colisão c/ obstáculos";0;0;0;0;0;0;0;0;0;1;1;0;0;0;0
"16/05/2019";"11:16:00";"193";"sem vítima";"469.287";"BR-163/MS";"Norte";"Colisão lateral no mesmo sentido";0;0;2;0;0;0;0;0;0;0;2;0;0;0;0
"16/05/2019";"05:11:00";"295";"sem vítima";"476.687";"BR-163/MS";"Sul";"Colisão com veículos (traseira)";0;0;2;0;0;0;0;0;0;0;2;0;0;0;0
"17/05/2019";"07:22:00";"70";"com vítima";"485";"BR-163/MS";"Norte";"Colisão lateral no mesmo sentido";0;0;0;2;0;0;0;0;0;0;2;1;0;0;0
"17/05/2019";"09:12:00";"142";"sem vítima";"258";"BR-163/MS";"Sul";"Colisão com veículos (traseira)";1;0;1;0;0;0;0;0;0;0;2;0;0;0;0
"17/05/2019";"02:16:00";"250";"com vítima";"384.5";"BR-163/MS";"Sul";"Saídas de pista";1;0;0;0;0;0;0;0;0;0;2;1;0;0;0
"17/05/2019";"09:13:00";"346";"com vítima";"486";"BR-163/MS";"Norte";"Colisão c/ obstáculos";1;0;0;1;0;0;0;0;0;0;2;1;0;0;0
"18/05/2019";"01:47:00";"13";"com vítima";"256.265";"BR-163/MS";"Sul";"Atropelamento de animais";1;0;0;0;0;0;0;0;0;0;0;1;0;0;0
"18/05/2019";"02:52:00";"14";"com vítima";"593";"BR-163/MS";"Norte";"Saídas de pista";0;0;1;0;0;2;0;0;0;0;2;1;0;0;0
"18/05/2019";"12:10:00";"188";"sem vítima";"178";"BR-163/MS";"Norte";"Saídas de pista";1;0;0;0;0;0;0;0;0;0;3;0;0;0;0
"18/05/2019";"01:06:00";"200";"com vítima";"676";"BR-163/MS";"Sul";"Colisão com veículos (traseira)";1;0;0;0;0;0;0;0;0;1;4;2;0;0;0
"18/05/2019";"06:55:00";"296";"com vítima";"490.504";"BR-163/MS";"Norte";"Colisão lateral no mesmo sentido";0;0;0;1;0;1;0;0;0;0;1;2;0;0;0
"19/05/2019";"07:05:00";"47";"sem vítima";"278";"BR-163/MS";"Sul";"Colisão c/ obstáculos";1;0;0;0;0;0;0;0;0;1;2;0;0;0;0
"19/05/2019";"09:19:00";"300";"com vítima";"172.383";"BR-163/MS";"Norte";"Colisão com veículos (traseira)";0;0;0;1;0;1;0;0;0;0;1;1;0;0;0
"19/05/2019";"10:35:00";"307";"com vítima";"843.628";"BR-163/MS";"Norte";"Colisão com veículos (frontal)";0;0;1;1;0;0;0;0;0;0;1;0;0;0;1
"20/05/2019";"07:06:00";"44";"com vítima";"476.701";"BR-163/MS";"Norte";"Colisão com veículos (frontal)";2;0;0;0;0;0;0;0;0;0;0;2;0;0;0
"20/05/2019";"01:26:00";"218";"com vítima";"258";"BR-163/MS";"Norte";"Colisão lateral no mesmo sentido";0;1;0;0;0;0;0;0;0;1;1;1;0;0;0
"20/05/2019";"02:52:00";"247";"com vítima";"53.9";"BR-163/MS";"Norte";"Atropelamento de pedestre";0;1;0;0;0;1;0;0;0;0;1;0;1;0;0
"20/05/2019";"05:46:00";"309";"com vítima";"488.809";"BR-163/MS";"Norte";"Colisão com veículos (traseira)";0;1;0;1;0;0;0;0;0;0;0;2;0;0;0
"20/05/2019";"05:52:00";"311";"sem vítima";"475.277";"BR-163/MS";"Norte";"Colisão lateral no sentido contrário";2;0;0;0;0;0;0;0;0;0;3;0;0;0;0
"20/05/2019";"06:29:00";"318";"com vítima";"152.463";"BR-163/MS";"Norte";"Capotamento";0;0;1;0;0;1;0;0;0;0;1;0;0;1;0
"21/05/2019";"04:23:00";"310";"com vítima";"650";"BR-163/MS";"Sul";"Capotamento";1;0;0;0;0;0;0;0;0;0;0;1;0;0;0
"21/05/2019";"05:32:00";"328";"com vítima";"484";"BR-163/MS";"Norte";"Colisão c/ obstáculos";1;0;0;1;0;0;0;0;0;0;1;2;0;0;0
"21/05/2019";"05:43:00";"330";"sem vítima";"486";"BR-163/MS";"Norte";"Atropelamento de animais";0;0;0;1;0;0;0;0;0;0;1;0;0;0;0
"22/05/2019";"04:00:00";"31";"sem vítima";"507.42";"BR-163/MS";"Sul";"Colisão c/ obstáculos";0;0;0;0;0;0;0;0;0;1;2;0;0;0;0
"22/05/2019";"03:09:00";"294";"com vítima";"107";"BR-163/MS";"Sul";"Colisão com veículos (traseira)";0;0;2;0;0;0;0;0;0;0;1;0;1;0;0
"22/05/2019";"06:56:00";"353";"com vítima";"336.308";"BR-163/MS";"Norte";"Engavetamento";1;0;1;0;0;2;0;0;0;1;6;0;1;0;0
"23/05/2019";"03:43:00";"15";"sem vítima";"661.867";"BR-163/MS";"Sul";"Atropelamento de animais";1;0;0;0;0;0;0;0;0;0;2;0;0;0;0
"23/05/2019";"04:38:00";"19";"sem vítima";"102.396";"BR-163/MS";"Sul";"Colisão c/ obstáculos";1;0;0;0;0;0;0;0;0;0;2;0;0;0;0
"23/05/2019";"02:38:00";"250";"sem vítima";"754";"BR-163/MS";"Sul";"Colisão com veículos (traseira)";0;0;2;0;0;2;0;0;0;0;4;0;0;0;0
"23/05/2019";"05:42:00";"301";"com vítima";"476.804";"BR-163/MS";"Sul";"Engavetamento";2;0;0;2;0;0;0;0;0;0;2;2;0;0;0
"23/05/2019";"07:27:00";"319";"sem vítima";"266.852";"BR-163/MS";"Sul";"Saídas de pista";1;0;0;0;0;0;0;0;0;0;1;0;0;0;0
"24/05/2019";"05:03:00";"262";"com vítima";"479.965";"BR-163/MS";"Sul";"Tombamento de moto";0;0;0;1;0;0;0;0;0;0;0;1;0;0;0
"24/05/2019";"08:01:00";"298";"sem vítima";"261.548";"BR-163/MS";"Norte";"Colisão c/ obstáculos";1;0;0;0;0;0;0;0;0;0;5;0;0;0;0
"26/05/2019";"04:05:00";"16";"sem vítima";"636.507";"BR-163/MS";"Sul";"Colisão c/ obstáculos";0;0;0;0;0;0;0;0;0;1;1;0;0;0;0
"27/05/2019";"11:55:00";"187";"com vítima";"492";"BR-163/MS";"Norte";"Capotamento";1;0;0;0;0;0;0;0;0;0;0;1;0;0;0
"27/05/2019";"12:59:00";"203";"sem vítima";"285.5";"BR-163/MS";"Sul";"Saídas de pista";1;0;0;0;0;0;0;0;0;0;2;0;0;0;0
"28/05/2019";"07:47:00";"340";"sem vítima";"6.441";"BR-163/MS";"Sul";"Colisão c/ obstáculos";0;0;0;0;0;0;0;0;0;1;1;0;0;0;0
"28/05/2019";"10:57:00";"366";"com vítima";"498.573";"BR-163/MS";"Sul";"Tombamento";0;0;1;0;0;0;0;0;0;0;1;1;0;0;0
"29/05/2019";"12:39:00";"4";"sem vítima";"258.253";"BR-163/MS";"Sul";"Colisão c/ obstáculos";1;0;0;0;0;0;0;0;0;0;1;0;0;0;0
"29/05/2019";"02:40:00";"280";"sem vítima";"462";"BR-163/MS";"Norte";"Colisão lateral no mesmo sentido";1;0;1;0;0;0;0;0;0;0;2;0;0;0;0
"29/05/2019";"06:14:00";"353";"com vítima";"809";"BR-163/MS";"Sul";"Tombamento de moto";0;0;0;1;0;1;0;0;0;0;1;0;1;0;0
"29/05/2019";"08:14:00";"380";"sem vítima";"10";"BR-163/MS";"Norte";"Atropelamento de animais";0;0;0;0;0;0;0;0;0;1;1;0;0;0;0
"29/05/2019";"09:31:00";"394";"com vítima";"330.338";"BR-163/MS";"Sul";"Tombamento de moto";0;0;0;1;0;0;0;0;0;0;1;1;0;0;0
"30/05/2019";"08:02:00";"117";"sem vítima";"313";"BR-163/MS";"Norte";"Colisão com veículos (traseira)";1;0;1;0;0;0;0;0;0;0;3;0;0;0;0
"30/05/2019";"05:41:00";"345";"com vítima";"7.45";"BR-163/MS";"Sul";"Colisão c/ obstáculos";0;0;0;0;0;0;0;0;0;1;0;1;0;0;0
"31/05/2019";"10:10:00";"169";"sem vítima";"666";"BR-163/MS";"Sul";"Outros";1;0;0;0;0;0;0;0;0;0;1;0;0;0;0
"31/05/2019";"04:19:00";"283";"sem vítima";"256.969";"BR-163/MS";"Norte";"Colisão c/ obstáculos";0;0;1;0;0;0;0;0;0;0;1;0;0;0;0
"31/05/2019";"08:36:00";"352";"sem vítima";"549";"BR-163/MS";"Sul";"Atropelamento de animais";1;0;0;0;0;0;0;0;0;0;2;0;0;0;0
"31/05/2019";"08:50:00";"353";"sem vítima";"93.767";"BR-163/MS";"Norte";"Colisão lateral no mesmo sentido";1;0;1;0;0;0;0;0;0;0;2;0;0;0;0
"31/05/2019";"08:54:00";"354";"sem vítima";"316.731";"BR-163/MS";"Norte";"Colisão c/ obstáculos";1;0;0;0;0;0;0;0;0;0;3;0;0;0;0
"31/05/2019";"09:55:00";"360";"com vítima";"264.887";"BR-163/MS";"Norte";"Colisão c/ obstáculos";0;0;0;1;0;0;0;0;0;0;1;1;0;0;0
"31/05/2019";"10:07:00";"361";"sem vítima";"842.842";"BR-163/MS";"Norte";"Tombamento";0;0;1;0;0;2;0;0;0;0;3;0;0;0;0
"01/06/2019";"05:12:00";"31";"com vítima";"492.476";"BR-163/MS";"Norte";"Colisão com veículos (frontal)";0;0;0;0;0;0;0;0;0;2;1;0;2;0;0
"01/06/2019";"07:52:00";"69";"com vítima";"479.2";"BR-163/MS";"Sul";"Colisão lateral no sentido contrário";1;0;1;1;0;0;0;0;0;0;2;0;1;0;0
"01/06/2019";"09:45:00";"117";"sem vítima";"484.412";"BR-163/MS";"Sul";"Colisão lateral no mesmo sentido";1;0;1;0;0;0;0;0;0;0;3;0;0;0;0
"01/06/2019";"05:46:00";"257";"sem vítima";"322.974";"BR-163/MS";"Sul";"Colisão lateral no sentido contrário";1;0;1;0;0;2;0;0;0;0;5;0;0;0;0
"02/06/2019";"12:16:00";"6";"com vítima";"466";"BR-163/MS";"Norte";"Tombamento de moto";0;0;0;1;0;0;0;0;0;0;0;0;0;1;0
"02/06/2019";"12:58:00";"10";"sem vítima";"163.591";"BR-163/MS";"Sul";"Colisão com veículos (traseira)";1;0;0;0;0;1;0;0;0;0;2;0;0;0;0
"02/06/2019";"02:26:00";"16";"sem vítima";"462.991";"BR-163/MS";"Sul";"Colisão com veículos (traseira)";1;0;0;0;0;0;0;0;0;1;2;0;0;0;0
"02/06/2019";"04:54:00";"25";"sem vítima";"331.26";"BR-163/MS";"Norte";"Saídas de pista";0;0;1;0;0;1;0;0;0;0;2;0;0;0;0
"02/06/2019";"04:06:00";"181";"sem vítima";"173";"BR-163/MS";"Sul";"Colisão lateral no mesmo sentido";1;0;0;1;0;0;0;0;0;0;3;0;0;0;0
"02/06/2019";"04:51:00";"192";"sem vítima";"535";"BR-163/MS";"Sul";"Colisão com veículos (traseira)";1;0;0;0;0;1;0;0;0;0;6;0;0;0;0
"02/06/2019";"06:16:00";"212";"com vítima";"485";"BR-163/MS";"Norte";"Colisão com veículos (traseira)";1;0;0;1;0;0;0;0;0;0;3;0;0;1;0
"02/06/2019";"06:43:00";"218";"com vítima";"240.15";"BR-163/MS";"Sul";"Colisão lateral no mesmo sentido";1;0;0;0;0;0;0;0;0;2;0;7;0;0;0
"03/06/2019";"02:18:00";"233";"com vítima";"603";"BR-163/MS";"Norte";"Colisão c/ obstáculos";0;0;1;0;0;0;0;0;0;0;0;1;0;0;0
"03/06/2019";"06:24:00";"303";"com vítima";"262.941";"BR-163/MS";"Norte";"Colisão com veículos (traseira)";1;0;0;1;0;0;0;0;0;0;5;1;0;0;0
"04/06/2019";"06:01:00";"332";"com vítima";"271";"BR-163/MS";"Norte";"Colisão c/ obstáculos";0;1;0;0;0;0;0;0;0;0;0;0;1;0;0
"04/06/2019";"06:21:00";"337";"sem vítima";"817.723";"BR-163/MS";"Norte";"Colisão c/ obstáculos";1;0;0;0;0;0;0;0;0;0;4;0;0;0;0
"04/06/2019";"11:28:00";"379";"com vítima";"405.52";"BR-163/MS";"Norte";"Atropelamento de animais";1;0;0;0;0;0;0;0;0;0;1;1;0;0;0
"05/06/2019";"03:00:00";"264";"sem vítima";"566.9";"BR-163/MS";"Norte";"Saídas de pista";1;0;1;0;0;0;0;0;0;0;2;0;0;0;0
"06/06/2019";"02:33:00";"253";"com vítima";"215";"BR-163/MS";"Sul";"Colisão com veículos (traseira)";1;0;1;0;0;0;0;0;0;0;0;6;0;0;0