data;horario;n_da_ocorrencia;tipo_de_ocorrencia;km;trecho;sentido;tipo_de_acidente;automovel;bicicleta;caminhao;moto;onibus;outros;tracao_animal;transporte_de_cargas_especiais;trator_maquinas;utilitarios;ilesos;levemente_feridos;moderadamente_feridos;gravemente_feridos;mortos
"06/06/2019";"05:08:00";"304";"sem vítima";"225.7";"BR-163/MS";"Sul";"Colisão lateral no mesmo sentido";0;0;1;0;0;0;0;0;0;1;3;0;0;0;0
"06/06/2019";"06:57:00";"327";"com vítima";"258";"BR-163/MS";"Norte";"Colisão com veículos (traseira)";1;0;0;1;0;0;0;0;0;0;1;0;1;0;0
"06/06/2019";"08:03:00";"339";"sem vítima";"287";"BR-163/MS";"Norte";"Atropelamento de animais";0;0;0;0;0;1;0;0;0;1;2;0;0;0;0
"07/06/2019";"05:03:00";"20";"sem vítima";"351";"BR-163/MS";"Sul";"Capotamento";0;0;0;0;0;0;0;0;0;1;1;0;0;0;0
"07/06/2019";"07:25:00";"64";"sem vítima";"477.98";"BR-163/MS";"Norte";"Colisão lateral no mesmo sentido";0;0;1;1;0;0;0;0;0;0;2;0;0;0;0
"07/06/2019";"01:19:00";"214";"sem vítima";"117.382";"BR-163/MS";"Sul";"Engavetamento";2;0;0;0;0;1;0;0;0;1;6;0;0;0;0
"07/06/2019";"10:18:00";"376";"sem vítima";"21.534";"BR-163/MS";"Norte";"Colisão c/ obstáculos";2;0;0;0;0;0;0;0;0;0;3;0;0;0;0
"08/06/2019";"03:40:00";"22";"com vítima";"556.945";"BR-163/MS";"Norte";"Atropelamento de pedestre";0;0;0;0;0;0;0;0;0;1;0;1;1;0;0
"08/06/2019";"04:40:00";"25";"sem vítima";"375.135";"BR-163/MS";"Norte";"Tombamento";0;0;1;0;0;2;0;0;0;0;3;0;0;0;0
"08/06/2019";"08:55:00";"93";"sem vítima";"690";"BR-163/MS";"Norte";"Colisão com veículos (traseira)";0;0;1;0;0;1;0;0;0;1;5;0;0;0;0
"08/06/2019";"12:42:00";"158";"com vítima";"351.291";"BR-163/MS";"Norte";"Colisão lateral no sentido contrário";1;0;0;1;1;0;0;0;0;0;3;1;0;0;0
"08/06/2019";"02:02:00";"182";"com vítima";"270";"BR-163/MS";"Sul";"Colisão com veículos (traseira)";2;0;0;0;0;0;0;0;0;0;3;1;0;0;0
"08/06/2019";"02:10:00";"184";"sem vítima";"41";"BR-163/MS";"Norte";"Colisão c/ obstáculos";1;0;0;0;0;0;0;0;0;0;1;0;0;0;0
"08/06/2019";"04:22:00";"226";"sem vítima";"3";"BR-163/MS";"Norte";"Colisão com veículos (traseira)";1;0;0;0;0;0;0;0;0;1;5;0;0;0;0
"08/06/2019";"05:55:00";"243";"sem vítima";"567.5";"BR-163/MS";"Norte";"Atropelamento de animais";0;0;1;0;0;0;0;0;0;0;1;0;0;0;0
"08/06/2019";"07:20:00";"260";"com vítima";"837.496";"BR-163/MS";"Norte";"Colisão c/ obstáculos";1;0;0;0;0;0;0;0;0;0;3;1;0;0;0
"09/06/2019";"08:36:00";"78";"sem vítima";"290.623";"BR-163/MS";"Norte";"Colisão c/ obstáculos";1;0;0;0;0;0;0;0;0;0;2;0;0;0;0
"09/06/2019";"11:18:00";"111";"com vítima";"460";"BR-163/MS";"Norte";"Tombamento de moto";0;0;0;1;0;0;0;0;0;0;0;1;1;0;0
"09/06/2019";"01:26:00";"144";"com vítima";"487.429";"BR-163/MS";"Norte";"Colisão lateral no sentido contrário";2;0;0;0;0;0;0;0;0;0;1;0;1;0;0
"09/06/2019";"09:00:00";"242";"sem vítima";"569";"BR-163/MS";"Sul";"Atropelamento de animais";0;0;0;0;0;0;0;0;0;1;6;0;0;0;0
"09/06/2019";"10:26:00";"250";"sem vítima";"251.823";"BR-163/MS";"Norte";"Colisão com veículos (frontal)";1;0;0;0;0;0;0;0;0;1;2;0;0;0;0
"10/06/2019";"05:06:00";"14";"sem vítima";"279.12";"BR-163/MS";"Sul";"Atropelamento de animais";0;0;0;1;0;0;0;0;0;0;1;0;0;0;0
"10/06/2019";"06:59:00";"40";"sem vítima";"533";"BR-163/MS";"Norte";"Colisão lateral no sentido contrário";2;0;0;0;0;0;0;0;0;0;6;0;0;0;0
"10/06/2019";"01:36:00";"210";"sem vítima";"12.1";"BR-163/MS";"Sul";"Colisão c/ obstáculos";0;0;1;0;0;0;0;0;0;0;2;0;0;0;0
"11/06/2019";"07:08:00";"55";"sem vítima";"265";"BR-163/MS";"Sul";"Colisão lateral no mesmo sentido";1;0;0;1;0;0;0;0;0;0;2;0;0;0;0
"11/06/2019";"03:14:00";"272";"sem vítima";"526";"BR-163/MS";"Norte";"Engavetamento";0;0;4;0;0;2;0;0;0;0;6;0;0;0;0
"11/06/2019";"08:50:00";"347";"com vítima";"131.478";"BR-163/MS";"Norte";"Colisão com veículos (frontal)";0;0;1;1;0;1;0;0;0;0;1;1;0;0;1
"12/06/2019";"07:48:00";"72";"sem vítima";"341.766";"BR-163/MS";"Norte";"Colisão com veículos (traseira)";0;0;2;0;0;0;0;0;0;0;2;0;0;0;0
"12/06/2019";"05:08:00";"357";"sem vítima";"289";"BR-163/MS";"Norte";"Atropelamento de animais";1;0;0;0;0;0;0;0;0;0;3;0;0;0;0
"12/06/2019";"05:42:00";"366";"com vítima";"485.76";"BR-163/MS";"Norte";"Atropelamento de pedestre";0;0;0;1;0;0;0;0;0;0;0;1;0;1;0
"12/06/2019";"06:54:00";"386";"sem vítima";"437.46";"BR-163/MS";"Norte";"Colisão com veículos (traseira)";1;0;0;0;0;0;0;0;0;1;3;0;0;0;0
"13/06/2019";"04:15:00";"25";"sem vítima";"603.458";"BR-163/MS";"Norte";"Atropelamento de animais";1;0;0;0;0;0;0;0;0;0;2;0;0;0;0
"13/06/2019";"07:13:00";"60";"com vítima";"615.396";"BR-163/MS";"Norte";"Colisão lateral no sentido contrário";1;0;0;0;0;0;0;0;0;1;3;2;0;0;0
"14/06/2019";"08:02:00";"97";"com vítima";"277";"BR-163/MS";"Norte";"Atropelamento de pedestre";0;0;1;0;0;0;0;0;0;0;1;1;0;0;0
"14/06/2019";"11:37:00";"213";"sem vítima";"413";"BR-163/MS";"Norte";"Colisão com veículos (traseira)";1;0;0;0;0;0;0;0;0;1;5;0;0;0;0
"14/06/2019";"03:51:00";"305";"sem vítima";"257.29";"BR-163/MS";"Sul";"Colisão com veículos (traseira)";1;0;0;0;0;0;0;0;0;1;3;0;0;0;0
"14/06/2019";"04:17:00";"313";"sem vítima";"256";"BR-163/MS";"Sul";"Colisão com veículos (traseira)";0;0;1;1;1;0;0;0;0;0;5;0;0;0;0
"14/06/2019";"09:47:00";"374";"sem vítima";"142.257";"BR-163/MS";"Sul";"Atropelamento de animais";1;0;0;0;0;0;0;0;0;0;4;0;0;0;0
"15/06/2019";"09:10:00";"113";"sem vítima";"301";"BR-163/MS";"Sul";"Colisão lateral no mesmo sentido";2;0;0;0;0;0;0;0;0;0;2;0;0;0;0
"15/06/2019";"02:21:00";"215";"com vítima";"2";"BR-163/MS";"Sul";"Colisão com veículos (traseira)";0;0;0;1;0;1;0;0;0;1;2;2;0;0;0
"15/06/2019";"07:56:00";"291";"sem vítima";"536.992";"BR-163/MS";"Norte";"Atropelamento de animais";0;0;0;0;0;0;0;0;0;1;2;0;0;0;0
"16/06/2019";"03:42:00";"15";"sem vítima";"720.29";"BR-163/MS";"Sul";"Saídas de pista";0;0;0;0;0;0;0;0;0;1;4;0;0;0;0
"16/06/2019";"08:12:00";"288";"com vítima";"416.812";"BR-163/MS";"Norte";"Colisão com veículos (traseira)";2;0;0;0;0;0;0;0;0;0;1;2;0;1;1
"16/06/2019";"11:27:00";"306";"sem vítima";"60.517";"BR-163/MS";"Sul";"Capotamento";1;0;0;0;0;0;0;0;0;0;1;0;0;0;0
"17/06/2019";"07:42:00";"69";"sem vítima";"428.705";"BR-163/MS";"Norte";"Colisão c/ obstáculos";0;0;1;0;0;0;0;0;0;1;4;0;0;0;0
"17/06/2019";"01:43:00";"233";"com vítima";"138.304";"BR-163/MS";"Sul";"Saídas de pista";0;0;1;0;0;0;0;0;0;0;0;2;0;0;0
"17/06/2019";"02:43:00";"258";"sem vítima";"445.15";"BR-163/MS";"Sul";"Colisão c/ obstáculos";0;0;1;0;1;1;0;0;0;0;16;0;0;0;0
"17/06/2019";"03:32:00";"273";"sem vítima";"181.506";"BR-163/MS";"Sul";"Tombamento";0;0;1;0;0;2;0;0;0;0;3;0;0;0;0
"17/06/2019";"11:02:00";"369";"com vítima";"111.7";"BR-163/MS";"Sul";"Saídas de pista";1;0;0;0;0;0;0;0;0;0;0;1;0;0;0
"18/06/2019";"08:26:00";"106";"sem vítima";"220.8";"BR-163/MS";"Norte";"Engavetamento";1;0;2;0;0;1;0;0;0;0;4;0;0;0;0
"18/06/2019";"11:40:00";"206";"sem vítima";"500.337";"BR-163/MS";"Sul";"Colisão c/ obstáculos";0;0;0;0;0;0;0;0;0;1;1;0;0;0;0
"18/06/2019";"11:51:00";"211";"com vítima";"501.11";"BR-163/MS";"Norte";"Tombamento de moto";0;0;0;1;0;0;0;0;0;0;0;2;0;0;0
"19/06/2019";"05:20:00";"25";"com vítima";"136";"BR-163/MS";"Norte";"Saídas de pista";0;0;0;0;1;0;0;0;0;0;8;1;0;4;0
"19/06/2019";"03:45:00";"245";"sem vítima";"236.742";"BR-163/MS";"Norte";"Capotamento";1;0;0;0;0;0;0;0;0;0;4;0;0;0;0
"19/06/2019";"05:35:00";"285";"com vítima";"260.125";"BR-163/MS";"Norte";"Tombamento de moto";0;0;0;1;0;0;0;0;0;0;1;1;0;0;0
"19/06/2019";"05:44:00";"288";"sem vítima";"124.742";"BR-163/MS";"Norte";"Atropelamento de animais";1;0;0;0;0;0;0;0;0;0;1;0;0;0;0
"19/06/2019";"06:00:00";"289";"sem vítima";"473";"BR-163/MS";"Norte";"Colisão com veículos (traseira)";0;0;1;0;0;1;0;0;0;1;5;0;0;0;0
"19/06/2019";"06:28:00";"294";"sem vítima";"17.216";"BR-163/MS";"Norte";"Colisão com veículos (traseira)";2;0;0;0;0;0;0;0;0;0;4;0;0;0;0
"19/06/2019";"07:36:00";"311";"com vítima";"158.636";"BR-163/MS";"Norte";"Colisão com veículos (frontal)";0;0;0;0;1;0;0;0;0;2;17;3;1;0;0
"20/06/2019";"05:17:00";"26";"com vítima";"697";"BR-163/MS";"Norte";"Saídas de pista";1;0;0;0;0;0;0;0;0;0;0;1;0;0;0
"20/06/2019";"05:52:00";"30";"sem vítima";"665.94";"BR-163/MS";"Sul";"Tombamento";0;0;1;0;0;2;0;0;0;0;3;0;0;0;0
"20/06/2019";"04:52:00";"193";"sem vítima";"152.103";"BR-163/MS";"Sul";"Colisão lateral no sentido contrário";1;0;1;0;0;2;0;0;0;0;5;0;0;0;0
"20/06/2019";"06:10:00";"215";"com vítima";"19.841";"BR-163/MS";"Sul";"Colisão c/ obstáculos";0;0;0;1;0;0;0;0;0;0;0;1;0;0;0
"21/06/2019";"02:23:00";"14";"sem vítima";"629";"BR-163/MS";"Norte";"Colisão c/ obstáculos";0;0;0;0;0;0;0;0;0;1;1;0;0;0;0
"21/06/2019";"08:04:00";"94";"com vítima";"212.858";"BR-163/MS";"Sul";"Colisão c/ obstáculos";1;0;0;0;0;0;0;0;0;0;0;1;0;0;0
"21/06/2019";"02:28:00";"259";"sem vítima";"242.107";"BR-163/MS";"Norte";"Saídas de pista";1;0;0;0;0;0;0;0;0;0;1;0;0;0;0
"21/06/2019";"03:42:00";"287";"sem vítima";"676.572";"BR-163/MS";"Norte";"Colisão com veículos (traseira)";0;0;2;0;0;2;0;0;0;0;4;0;0;0;0
"21/06/2019";"05:54:00";"326";"sem vítima";"220.348";"BR-163/MS";"Norte";"Engavetamento";2;0;0;0;0;0;0;0;0;2;6;0;0;0;0
"21/06/2019";"06:50:00";"338";"com vítima";"74";"BR-163/MS";"Sul";"Tombamento de moto";0;0;0;1;0;0;0;0;0;0;0;1;0;0;0
"22/06/2019";"03:21:00";"10";"sem vítima";"458.97";"BR-163/MS";"Norte";"Atropelamento de animais";0;0;1;0;0;0;0;0;0;0;2;0;0;0;0
"22/06/2019";"12:10:00";"196";"com vítima";"12.9";"BR-163/MS";"Norte";"Colisão lateral no mesmo sentido";0;0;1;0;0;1;0;0;0;1;3;1;0;0;0
"22/06/2019";"04:40:00";"281";"com vítima";"38";"BR-163/MS";"Norte";"Colisão lateral no sentido contrário";0;0;0;1;0;0;0;0;0;1;1;1;0;0;0
"23/06/2019";"04:38:00";"21";"com vítima";"681";"BR-163/MS";"Norte";"Colisão c/ obstáculos";0;0;0;1;0;0;0;0;0;0;0;1;0;0;0
"23/06/2019";"10:46:00";"119";"com vítima";"615.415";"BR-163/MS";"Norte";"Colisão lateral no sentido contrário";0;0;0;1;0;0;0;0;0;1;1;0;0;1;0
"23/06/2019";"04:42:00";"215";"com vítima";"683";"BR-163/MS";"Norte";"Colisão lateral no sentido contrário";1;0;0;0;0;0;0;0;0;1;0;3;2;0;0
"23/06/2019";"04:52:00";"219";"sem vítima";"725";"BR-163/MS";"Sul";"Colisão lateral no mesmo sentido";2;0;0;0;0;0;0;0;0;0;9;0;0;0;0
"23/06/2019";"05:18:00";"229";"com vítima";"509";"BR-163/MS";"Sul";"Tombamento de moto";0;0;0;1;0;0;0;0;0;0;0;0;2;0;0
"24/06/2019";"05:54:00";"278";"sem vítima";"526";"BR-163/MS";"Norte";"Colisão com veículos (traseira)";1;0;1;0;0;1;0;0;0;1;5;0;0;0;0
"24/06/2019";"06:30:00";"283";"sem vítima";"274.33";"BR-163/MS";"Sul";"Atropelamento de animais";1;0;0;0;0;0;0;0;0;0;3;0;0;0;0
"25/06/2019";"05:25:00";"40";"sem vítima";"636.533";"BR-163/MS";"Norte";"Tombamento";0;0;1;0;0;2;0;0;0;0;3;0;0;0;0
"25/06/2019";"07:09:00";"63";"sem vítima";"413";"BR-163/MS";"Sul";"Colisão com veículos (traseira)";1;0;0;0;0;1;0;0;0;0;4;0;0;0;0
"25/06/2019";"08:26:00";"97";"com vítima";"315.965";"BR-163/MS";"Sul";"Tombamento";0;0;1;0;0;1;0;0;0;0;1;3;0;0;0
"25/06/2019";"10:10:00";"141";"com vítima";"466";"BR-163/MS";"Norte";"Colisão com veículos (traseira)";0;0;1;0;0;1;0;0;0;1;3;2;0;0;0
"25/06/2019";"01:42:00";"201";"sem vítima";"526.5";"BR-163/MS";"Norte";"Colisão com veículos (traseira)";1;0;1;0;0;2;0;0;0;0;4;0;0;0;0
"25/06/2019";"05:07:00";"265";"sem vítima";"18.1";"BR-163/MS";"Norte";"Colisão com veículos (traseira)";1;0;0;0;0;0;0;0;0;1;3;0;0;0;0
"25/06/2019";"06:43:00";"283";"sem vítima";"690.573";"BR-163/MS";"Norte";"Atropelamento de animais";1;0;0;0;0;0;0;0;0;0;2;0;0;0;0
"25/06/2019";"09:49:00";"326";"sem vítima";"770";"BR-163/MS";"Norte";"Atropelamento de animais";0;0;0;0;0;0;0;0;0;1;4;0;0;0;0
"26/06/2019";"06:54:00";"35";"com vítima";"465.408";"BR-163/MS";"Norte";"Tombamento de moto";0;0;0;1;0;0;0;0;0;0;0;2;0;0;0
"26/06/2019";"11:12:00";"160";"com vítima";"77";"BR-163/MS";"Norte";"Colisão lateral no sentido contrário";1;0;0;1;0;0;0;0;0;0;1;1;0;0;0
"26/06/2019";"11:17:00";"162";"com vítima";"18.547";"BR-163/MS";"Norte";"Colisão com veículos (frontal)";2;0;0;0;0;0;0;0;0;0;2;1;0;0;0
"26/06/2019";"11:35:00";"164";"com vítima";"486.694";"BR-163/MS";"Norte";"Colisão lateral no sentido contrário";1;0;0;1;0;0;0;0;0;0;1;1;0;0;0
"26/06/2019";"11:36:00";"165";"sem vítima";"690.149";"BR-163/MS";"Norte";"Colisão com veículos (traseira)";0;0;2;0;0;1;0;0;0;0;3;0;0;0;0
"26/06/2019";"01:43:00";"203";"sem vítima";"788";"BR-163/MS";"Norte";"Colisão c/ obstáculos";1;0;0;0;0;0;0;0;0;0;1;0;0;0;0
"27/06/2019";"09:36:00";"121";"com vítima";"625.746";"BR-163/MS";"Norte";"Colisão com veículos (traseira)";0;0;2;0;0;0;0;0;0;0;2;1;0;0;0
"27/06/2019";"10:19:00";"144";"com vítima";"578.119";"BR-163/MS";"Norte";"Capotamento";0;0;1;0;0;0;0;0;0;0;0;2;0;0;0
"27/06/2019";"06:22:00";"300";"sem vítima";"293.194";"BR-163/MS";"Norte";"Atropelamento de animais";1;0;0;0;0;0;0;0;0;0;3;0;0;0;0
"27/06/2019";"06:55:00";"307";"sem vítima";"293.194";"BR-163/MS";"Norte";"Atropelamento de animais";1;0;0;0;0;0;0;0;0;0;1;0;0;0;0
"28/06/2019";"06:40:00";"37";"sem vítima";"214";"BR-163/MS";"Norte";"Atropelamento de animais";1;0;0;0;0;0;0;0;0;0;1;0;0;0;0
"28/06/2019";"07:05:00";"46";"com vítima";"248";"BR-163/MS";"Norte";"Tombamento de moto";0;0;0;1;0;0;0;0;0;0;0;1;0;0;0
"28/06/2019";"08:18:00";"83";"sem vítima";"245";"BR-163/MS";"Sul";"Colisão com veículos (traseira)";1;0;1;0;0;0;0;0;0;0;5;0;0;0;0
"28/06/2019";"05:57:00";"310";"sem vítima";"342";"BR-163/MS";"Sul";"Engavetamento";3;0;0;0;0;0;0;0;0;0;6;0;0;0;0
"29/06/2019";"12:17:00";"3";"sem vítima";"746.5";"BR-163/MS";"Sul";"Atropelamento de animais";1;0;0;0;0;0;0;0;0;0;2;0;0;0;0
"29/06/2019";"05:04:00";"33";"com vítima";"351.3";"BR-163/MS";"Norte";"Tombamento";0;0;1;0;0;2;0;0;0;0;2;1;0;0;0
"29/06/2019";"11:21:00";"145";"sem vítima";"422";"BR-163/MS";"Sul";"Colisão lateral no sentido contrário";1;0;0;0;0;0;0;0;0;1;4;0;0;0;0
"29/06/2019";"12:43:00";"170";"sem vítima";"485";"BR-163/MS";"Norte";"Colisão com veículos (traseira)";0;0;1;0;0;0;0;0;0;1;2;0;0;0;0
"29/06/2019";"06:58:00";"290";"sem vítima";"183.5";"BR-163/MS";"Norte";"Colisão lateral no sentido contrário";1;0;1;0;0;1;0;0;0;0;4;0;0;0;0
"29/06/2019";"11:10:00";"328";"sem vítima";"43.8";"BR-163/MS";"Sul";"Capotamento";1;0;0;0;0;1;0;0;0;0;2;0;0;0;0
"30/06/2019";"12:08:00";"3";"com vítima";"341.1";"BR-163/MS";"Sul";"Colisão lateral no mesmo sentido";0;1;0;0;1;0;0;0;0;0;24;0;0;0;1
"30/06/2019";"09:46:00";"80";"com vítima";"572";"BR-163/MS";"Sul";"Tombamento de moto";0;0;0;1;0;0;0;0;0;0;1;1;0;0;0
"30/06/2019";"10:05:00";"83";"sem vítima";"492.5";"BR-163/MS";"Sul";"Tombamento";0;0;1;0;0;3;0;0;0;0;1;0;0;0;0
"30/06/2019";"09:03:00";"221";"sem vítima";"463.387";"BR-163/MS";"Sul";"Colisão c/ obstáculos";1;0;0;0;0;0;0;0;0;0;6;0;0;0;0
"30/06/2019";"10:06:00";"230";"com vítima";"124";"BR-163/MS";"Norte";"Capotamento";1;0;0;0;0;0;0;0;0;0;0;0;1;0;0
"30/06/2019";"10:32:00";"234";"sem vítima";"750.265";"BR-163/MS";"Sul";"Capotamento";1;0;0;0;0;0;0;0;0;0;1;0;0;0;0
"01/07/2019";"05:55:00";"32";"com vítima";"136.239";"BR-163/MS";"Norte";"Colisão com veículos (traseira)";0;0;1;0;1;2;0;0;0;0;3;14;2;0;0
"01/07/2019";"07:36:00";"71";"com vítima";"484.403";"BR-163/MS";"Sul";"Colisão lateral no sentido contrário";1;0;0;1;0;0;0;0;0;0;2;2;0;0;0
"01/07/2019";"05:38:00";"353";"sem vítima";"113.31";"BR-163/MS";"Norte";"Colisão com veículos (traseira)";2;0;0;0;0;1;0;0;0;0;6;0;0;0;0
"02/07/2019";"04:54:00";"28";"com vítima";"402.7";"BR-163/MS";"Sul";"Colisão lateral no mesmo sentido";0;0;2;0;0;2;0;0;0;0;3;2;0;1;0
"02/07/2019";"02:54:00";"254";"sem vítima";"87.62";"BR-163/MS";"Norte";"Saídas de pista";0;0;0;0;0;0;0;0;0;1;1;0;0;0;0
"03/07/2019";"02:52:00";"19";"com vítima";"707.5";"BR-163/MS";"Norte";"Colisão c/ obstáculos";0;0;1;0;0;1;0;0;0;0;1;1;0;0;0
"03/07/2019";"06:53:00";"44";"sem vítima";"364";"BR-163/MS";"Norte";"Tombamento";0;0;1;0;0;2;0;0;0;0;1;0;0;0;0
"03/07/2019";"09:09:00";"126";"com vítima";"197.9";"BR-163/MS";"Sul";"Tombamento de moto";0;0;0;1;0;0;0;0;0;0;0;2;0;0;0
"03/07/2019";"04:29:00";"248";"sem vítima";"242.3";"BR-163/MS";"Sul";"Colisão lateral no mesmo sentido";1;0;0;0;1;0;0;0;0;0;10;0;0;0;0
"03/07/2019";"06:18:00";"261";"sem vítima";"266.801";"BR-163/MS";"Sul";"Colisão c/ obstáculos";1;0;0;0;0;0;0;0;0;0;4;0;0;0;0
"03/07/2019";"09:57:00";"306";"sem vítima";"343.381";"BR-163/MS";"Norte";"Colisão lateral no mesmo sentido";0;0;0;0;0;0;0;0;0;2;3;0;0;0;0
"05/07/2019";"09:14:00";"154";"sem vítima";"267.465";"BR-163/MS";"Norte";"Colisão com veículos (traseira)";1;0;0;0;0;0;0;0;0;1;6;0;0;0;0
"05/07/2019";"06:42:00";"398";"com vítima";"561.389";"BR-163/MS";"Norte";"Tombamento de moto";0;0;0;1;0;0;0;0;0;0;0;2;0;0;0
"05/07/2019";"07:00:00";"408";"sem vítima";"481.619";"BR-163/MS";"Norte";"Colisão com veículos (traseira)";2;0;0;0;0;0;0;0;0;0;4;0;0;0;0
"05/07/2019";"10:40:00";"442";"sem vítima";"480.529";"BR-163/MS";"Sul";"Colisão com veículos (traseira)";1;0;0;0;0;2;0;0;0;0;8;0;0;0;0
"06/07/2019";"03:00:00";"12";"com vítima";"793.601";"BR-163/MS";"Sul";"Colisão com veículos (traseira)";0;0;1;0;1;0;0;0;0;0;1;27;0;0;0
"06/07/2019";"09:31:00";"114";"com vítima";"821.36";"BR-163/MS";"Sul";"Capotamento";1;0;0;0;0;1;0;0;0;0;1;1;0;0;0
"06/07/2019";"01:48:00";"227";"sem vítima";"180.452";"BR-163/MS";"Sul";"Colisão c/ obstáculos";0;0;3;0;0;4;0;0;0;0;9;0;0;0;0
"06/07/2019";"04:04:00";"279";"sem vítima";"131.714";"BR-163/MS";"Norte";"Colisão com veículos (traseira)";0;0;2;0;0;2;0;0;0;0;5;0;0;0;0
"06/07/2019";"04:10:00";"284";"com vítima";"19";"BR-163/MS";"Norte";"Colisão lateral no sentido contrário";1;0;0;0;0;1;0;0;0;0;1;1;0;0;0
"06/07/2019";"06:03:00";"314";"sem vítima";"4.814";"BR-163/MS";"Sul";"Engavetamento";3;0;0;0;0;0;0;0;0;0;9;0;0;0;0
"06/07/2019";"09:18:00";"352";"com vítima";"719.651";"BR-163/MS";"Sul";"Atropelamento de animais";1;0;0;0;0;0;0;0;0;0;0;1;0;0;0
"07/07/2019";"03:52:00";"20";"com vítima";"648.196";"BR-163/MS";"Sul";"Colisão com veículos (frontal)";1;0;0;1;0;0;0;0;0;0;1;0;0;2;0
"07/07/2019";"07:22:00";"66";"com vítima";"103.766";"BR-163/MS";"Sul";"Tombamento";0;0;1;0;0;2;0;0;0;0;4;1;0;0;0
"07/07/2019";"04:04:00";"302";"com vítima";"648.179";"BR-163/MS";"Sul";"Tombamento";0;0;1;0;0;2;0;0;0;0;2;1;0;0;0
"07/07/2019";"06:35:00";"346";"sem vítima";"257.436";"BR-163/MS";"Sul";"Colisão c/ obstáculos";1;0;0;0;0;0;0;0;0;0;1;0;0;0;0
"08/07/2019";"10:49:00";"163";"sem vítima";"216.7";"BR-163/MS";"Sul";"Colisão lateral no mesmo sentido";1;0;0;0;0;1;0;0;0;0;2;0;0;0;0
"08/07/2019";"05:33:00";"291";"com vítima";"609.85";"BR-163/MS";"Sul";"Capotamento";1;0;0;0;0;0;0;0;0;0;0;5;0;0;0
"08/07/2019";"07:12:00";"311";"sem vítima";"96.3";"BR-163/MS";"Sul";"Tombamento";0;0;1;0;0;2;0;0;0;0;3;0;0;0;0
"09/07/2019";"07:47:00";"77";"com vítima";"413";"BR-163/MS";"Sul";"Colisão lateral no sentido contrário";1;0;1;0;0;0;0;0;0;0;2;0;0;1;0
"09/07/2019";"09:37:00";"127";"sem vítima";"703";"BR-163/MS";"Sul";"Colisão com veículos (traseira)";0;0;2;0;0;0;0;0;0;0;4;0;0;0;0
"09/07/2019";"01:54:00";"225";"sem vítima";"478.8";"BR-163/MS";"Norte";"Colisão com veículos (traseira)";1;0;0;0;0;0;0;0;0;1;2;0;0;0;0
"09/07/2019";"05:40:00";"296";"com vítima";"681";"BR-163/MS";"Sul";"Colisão lateral no mesmo sentido";0;1;0;0;0;1;0;0;0;0;1;1;0;0;0
"10/07/2019";"12:30:00";"4";"sem vítima";"640";"BR-163/MS";"Norte";"Atropelamento de animais";1;0;1;0;0;0;0;0;0;0;6;0;0;0;0
"10/07/2019";"03:42:00";"21";"sem vítima";"773.611";"BR-163/MS";"Norte";"Colisão c/ obstáculos";0;0;0;0;0;0;0;0;0;1;1;0;0;0;0
"10/07/2019";"07:02:00";"62";"com vítima";"475.889";"BR-163/MS";"Sul";"Colisão lateral no mesmo sentido";0;0;0;1;0;1;0;0;0;0;1;1;0;0;0
"10/07/2019";"09:53:00";"187";"sem vítima";"191";"BR-163/MS";"Norte";"Colisão com veículos (traseira)";2;0;0;0;0;0;0;0;0;0;4;0;0;0;0
"10/07/2019";"11:53:00";"255";"sem vítima";"701.718";"BR-163/MS";"Norte";"Capotamento";1;0;0;0;0;0;0;0;0;0;2;0;0;0;0
"10/07/2019";"04:25:00";"391";"com vítima";"171.715";"BR-163/MS";"Norte";"Colisão com veículos (frontal)";2;0;0;0;0;0;0;0;0;0;2;1;0;0;0
"10/07/2019";"06:10:00";"416";"sem vítima";"103.8";"BR-163/MS";"Sul";"Colisão c/ obstáculos";0;0;0;0;0;0;0;0;0;1;1;0;0;0;0
"11/07/2019";"05:28:00";"39";"sem vítima";"668.247";"BR-163/MS";"Norte";"Atropelamento de animais";0;0;0;0;0;0;0;0;0;1;1;0;0;0;0
"11/07/2019";"07:24:00";"84";"sem vítima";"341.743";"BR-163/MS";"Norte";"Saídas de pista";0;0;0;0;0;0;0;0;0;1;2;0;0;0;0
"11/07/2019";"03:55:00";"317";"sem vítima";"533.289";"BR-163/MS";"Sul";"Saídas de pista";1;0;0;0;0;0;0;0;0;0;1;0;0;0;0
"11/07/2019";"07:36:00";"385";"com vítima";"484.591";"BR-163/MS";"Norte";"Tombamento de moto";0;0;0;1;0;0;0;0;0;0;0;2;0;0;0
"12/07/2019";"10:03:00";"158";"com vítima";"87.7";"BR-163/MS";"Sul";"Colisão c/ obstáculos";1;0;0;0;0;0;0;0;0;0;0;1;0;0;0
"12/07/2019";"10:45:00";"185";"com vítima";"738.316";"BR-163/MS";"Norte";"Saídas de pista";0;0;1;0;0;0;0;0;0;0;0;1;0;0;0
"12/07/2019";"01:47:00";"256";"com vítima";"214";"BR-163/MS";"Sul";"Engavetamento";1;0;0;0;0;0;0;0;0;2;2;4;0;0;0