data;horario;n_da_ocorrencia;tipo_de_ocorrencia;km;trecho;sentido;tipo_de_acidente;automovel;bicicleta;caminhao;moto;onibus;outros;tracao_animal;transporte_de_cargas_especiais;trator_maquinas;utilitarios;ilesos;levemente_feridos;moderadamente_feridos;gravemente_feridos;mortos
"12/07/2019";"05:01:00";"321";"com vítima";"226";"BR-163/MS";"Sul";"Colisão lateral no mesmo sentido";1;0;1;0;0;0;0;0;0;0;3;1;0;0;0
"13/07/2019";"12:39:00";"7";"sem vítima";"315.231";"BR-163/MS";"Norte";"Atropelamento de animais";0;0;0;0;0;0;0;0;0;1;1;0;0;0;0
"13/07/2019";"04:38:00";"29";"sem vítima";"191.1";"BR-163/MS";"Norte";"Saídas de pista";1;0;0;0;0;0;0;0;0;0;1;0;0;0;0
"13/07/2019";"05:01:00";"32";"sem vítima";"511.5";"BR-163/MS";"Norte";"Saídas de pista";1;0;0;0;0;0;0;0;0;0;2;0;0;0;0
"13/07/2019";"09:12:00";"100";"sem vítima";"239";"BR-163/MS";"Sul";"Colisão com veículos (traseira)";1;0;0;0;0;0;0;0;0;1;5;0;0;0;0
"13/07/2019";"04:43:00";"257";"com vítima";"12";"BR-163/MS";"Sul";"Tombamento de moto";0;0;0;1;0;0;0;0;0;0;0;1;0;0;0
"13/07/2019";"07:40:00";"307";"sem vítima";"126";"BR-163/MS";"Sul";"Tombamento de moto";0;0;0;1;0;0;0;0;0;0;1;0;0;0;0
"13/07/2019";"08:37:00";"316";"sem vítima";"678.5";"BR-163/MS";"Norte";"Engavetamento";0;0;3;0;0;0;0;0;0;0;3;0;0;0;0
"14/07/2019";"12:10:00";"3";"sem vítima";"751.5";"BR-163/MS";"Sul";"Tombamento";0;0;1;0;0;1;0;0;0;0;2;0;0;0;0
"14/07/2019";"07:30:00";"68";"sem vítima";"266";"BR-163/MS";"Sul";"Colisão c/ obstáculos";0;0;1;0;0;2;0;0;0;0;6;0;0;0;0
"14/07/2019";"12:13:00";"132";"sem vítima";"488";"BR-163/MS";"Norte";"Colisão com veículos (traseira)";2;0;0;0;0;0;0;0;0;0;5;0;0;0;0
"14/07/2019";"05:16:00";"234";"com vítima";"497";"BR-163/MS";"Norte";"Capotamento";1;0;0;0;0;0;0;0;0;0;0;0;1;0;0
"14/07/2019";"06:05:00";"244";"com vítima";"356.9";"BR-163/MS";"Sul";"Atropelamento de pedestre";0;0;1;0;0;2;0;0;0;0;2;1;0;0;0
"14/07/2019";"09:20:00";"291";"sem vítima";"563.334";"BR-163/MS";"Sul";"Atropelamento de animais";1;0;0;0;0;0;0;0;0;0;7;0;0;0;0
"15/07/2019";"12:31:00";"7";"sem vítima";"704.761";"BR-163/MS";"Norte";"Atropelamento de animais";1;0;0;0;0;0;0;0;0;0;3;0;0;0;0
"15/07/2019";"12:41:00";"9";"sem vítima";"704.5";"BR-163/MS";"Norte";"Colisão c/ obstáculos";1;0;0;0;0;0;0;0;0;0;1;0;0;0;0
"15/07/2019";"10:17:00";"175";"com vítima";"555.464";"BR-163/MS";"Norte";"Capotamento";1;0;0;0;0;1;0;0;0;0;1;1;0;0;0
"15/07/2019";"04:44:00";"309";"sem vítima";"248";"BR-163/MS";"Norte";"Colisão c/ obstáculos";1;0;0;0;0;0;0;0;0;0;1;0;0;0;0
"15/07/2019";"05:08:00";"315";"com vítima";"185.869";"BR-163/MS";"Sul";"Tombamento";0;0;1;0;0;1;0;0;0;0;1;2;0;0;0
"15/07/2019";"05:17:00";"317";"com vítima";"265.244";"BR-163/MS";"Sul";"Tombamento de moto";0;0;0;1;0;0;0;0;0;0;0;1;0;0;0
"15/07/2019";"08:12:00";"356";"com vítima";"716.86";"BR-163/MS";"Norte";"Capotamento";1;0;0;0;0;0;0;0;0;0;0;5;0;0;0
"16/07/2019";"03:57:00";"13";"sem vítima";"303.452";"BR-163/MS";"Sul";"Atropelamento de animais";1;0;0;0;0;0;0;0;0;0;2;0;0;0;0
"16/07/2019";"04:09:00";"15";"com vítima";"462.63";"BR-163/MS";"Norte";"Atropelamento de animais";0;0;0;0;0;0;0;0;0;1;0;4;0;0;0
"16/07/2019";"12:44:00";"218";"com vítima";"484.403";"BR-163/MS";"Sul";"Colisão lateral no mesmo sentido";0;0;0;1;0;0;0;0;0;1;1;1;0;0;0
"16/07/2019";"05:02:00";"317";"sem vítima";"70";"BR-163/MS";"Norte";"Colisão lateral no sentido contrário";0;0;2;0;0;2;0;0;0;0;4;0;0;0;0
"16/07/2019";"10:23:00";"373";"com vítima";"166.364";"BR-163/MS";"Norte";"Colisão com veículos (traseira)";0;0;2;0;0;2;0;0;0;0;3;0;0;1;0
"17/07/2019";"12:34:00";"4";"sem vítima";"10.957";"BR-163/MS";"Sul";"Saídas de pista";0;0;1;0;0;2;0;0;0;0;3;0;0;0;0
"18/07/2019";"05:21:00";"25";"sem vítima";"819.718";"BR-163/MS";"Sul";"Colisão c/ obstáculos";0;0;0;0;0;0;0;0;0;1;2;0;0;0;0
"18/07/2019";"05:34:00";"26";"sem vítima";"25";"BR-163/MS";"Sul";"Atropelamento de animais";0;0;1;0;0;2;0;0;0;0;3;0;0;0;0
"18/07/2019";"05:36:00";"317";"sem vítima";"458";"BR-163/MS";"Norte";"Colisão lateral no sentido contrário";1;0;0;0;0;0;0;0;0;1;2;0;0;0;0
"18/07/2019";"05:45:00";"320";"sem vítima";"25.3";"BR-163/MS";"Norte";"Colisão com veículos (traseira)";1;0;1;0;0;0;0;0;0;0;3;0;0;0;0
"18/07/2019";"06:53:00";"335";"sem vítima";"117";"BR-163/MS";"Sul";"Colisão lateral no sentido contrário";1;0;1;0;0;0;0;0;0;0;3;0;0;0;0
"18/07/2019";"08:50:00";"361";"sem vítima";"643.414";"BR-163/MS";"Norte";"Saídas de pista";0;0;1;0;0;0;0;0;0;0;1;0;0;0;0
"19/07/2019";"05:25:00";"343";"sem vítima";"664.283";"BR-163/MS";"Sul";"Colisão lateral no mesmo sentido";2;0;0;0;0;0;0;0;0;0;4;0;0;0;0
"19/07/2019";"06:22:00";"357";"sem vítima";"187";"BR-163/MS";"Norte";"Colisão com veículos (traseira)";0;0;1;0;0;2;0;0;0;0;4;0;0;0;0
"20/07/2019";"01:31:00";"24";"sem vítima";"460.803";"BR-163/MS";"Sul";"Atropelamento de animais";0;0;1;0;0;2;0;0;0;0;3;0;0;0;0
"20/07/2019";"01:59:00";"25";"sem vítima";"837.268";"BR-163/MS";"Norte";"Colisão c/ obstáculos";1;0;0;0;0;0;0;0;0;0;1;0;0;0;0
"20/07/2019";"06:19:00";"331";"sem vítima";"485.26";"BR-163/MS";"Norte";"Colisão com veículos (traseira)";3;0;0;0;0;0;0;0;0;0;9;0;0;0;0
"20/07/2019";"06:56:00";"344";"sem vítima";"485.48";"BR-163/MS";"Sul";"Colisão com veículos (traseira)";2;0;0;0;0;0;0;0;0;0;2;0;0;0;0
"20/07/2019";"08:40:00";"368";"com vítima";"207.911";"BR-163/MS";"Norte";"Saídas de pista";0;0;0;1;0;0;0;0;0;0;0;1;0;0;0
"20/07/2019";"11:39:00";"398";"sem vítima";"712.415";"BR-163/MS";"Norte";"Atropelamento de animais";1;0;0;0;0;0;0;0;0;0;3;0;0;0;0
"21/07/2019";"05:32:00";"42";"com vítima";"462.239";"BR-163/MS";"Sul";"Colisão lateral no sentido contrário";2;0;1;0;0;2;0;0;0;0;3;1;0;0;1
"21/07/2019";"08:56:00";"103";"com vítima";"521.5";"BR-163/MS";"Norte";"Tombamento de moto";0;0;0;1;0;0;0;0;0;0;0;1;0;0;0
"21/07/2019";"09:31:00";"342";"sem vítima";"810.513";"BR-163/MS";"Norte";"Tombamento";0;0;1;0;0;0;0;0;0;0;1;0;0;0;0
"21/07/2019";"10:17:00";"347";"sem vítima";"656.212";"BR-163/MS";"Norte";"Atropelamento de animais";0;0;0;0;0;0;0;0;0;1;2;0;0;0;0
"22/07/2019";"06:55:00";"47";"com vítima";"477";"BR-163/MS";"Norte";"Engavetamento";2;0;0;1;0;0;0;0;0;0;2;1;0;0;0
"22/07/2019";"10:03:00";"158";"com vítima";"540.5";"BR-163/MS";"Sul";"Capotamento";0;0;0;0;0;0;0;0;0;1;0;1;1;0;0
"22/07/2019";"06:34:00";"344";"sem vítima";"221.719";"BR-163/MS";"Norte";"Colisão com veículos (traseira)";1;0;0;0;0;1;0;0;0;0;2;0;0;0;0
"22/07/2019";"06:38:00";"341";"sem vítima";"221.719";"BR-163/MS";"Norte";"Colisão com veículos (traseira)";0;0;2;0;0;1;0;0;0;0;3;0;0;0;0
"23/07/2019";"01:00:00";"11";"sem vítima";"263.767";"BR-163/MS";"Sul";"Atropelamento de animais";0;0;0;1;0;0;0;0;0;0;2;0;0;0;0
"23/07/2019";"06:41:00";"50";"com vítima";"336.316";"BR-163/MS";"Norte";"Tombamento de moto";0;0;0;1;0;1;0;0;0;0;1;1;0;0;0
"23/07/2019";"06:42:00";"331";"com vítima";"263.978";"BR-163/MS";"Sul";"Colisão com veículos (traseira)";1;1;0;0;0;0;0;0;0;0;1;1;0;0;0
"23/07/2019";"08:51:00";"358";"sem vítima";"315";"BR-163/MS";"Norte";"Colisão c/ obstáculos";0;0;1;1;0;0;0;0;0;0;4;0;0;0;0
"24/07/2019";"12:01:00";"2";"sem vítima";"3.85";"BR-163/MS";"Norte";"Saídas de pista";1;0;0;0;0;0;0;0;0;0;1;0;0;0;0
"24/07/2019";"12:11:00";"4";"sem vítima";"46.9";"BR-163/MS";"Sul";"Saídas de pista";1;0;0;0;0;0;0;0;0;0;1;0;0;0;0
"24/07/2019";"12:31:00";"9";"com vítima";"2.4";"BR-163/MS";"Sul";"Colisão lateral no mesmo sentido";1;0;0;0;0;0;0;0;0;1;2;1;0;0;0
"24/07/2019";"07:49:00";"105";"com vítima";"633.678";"BR-163/MS";"Norte";"Tombamento de moto";0;0;0;1;0;0;0;0;0;0;0;2;0;0;0
"24/07/2019";"08:40:00";"146";"sem vítima";"206";"BR-163/MS";"Norte";"Colisão c/ obstáculos";0;0;1;0;0;1;0;0;0;0;2;0;0;0;0
"24/07/2019";"01:25:00";"261";"sem vítima";"642.871";"BR-163/MS";"Norte";"Capotamento";1;0;0;0;0;0;0;0;0;0;1;0;0;0;0
"24/07/2019";"02:33:00";"292";"com vítima";"100.629";"BR-163/MS";"Norte";"Tombamento de moto";0;0;0;1;0;0;0;0;0;0;0;1;0;0;0
"24/07/2019";"03:07:00";"309";"com vítima";"750.764";"BR-163/MS";"Sul";"Colisão com veículos (traseira)";0;0;2;0;0;0;0;0;0;1;3;0;0;0;1
"24/07/2019";"05:35:00";"343";"com vítima";"6";"BR-163/MS";"Norte";"Atropelamento de pedestre";0;0;2;0;0;0;0;0;0;0;1;1;0;0;0
"24/07/2019";"10:16:00";"386";"com vítima";"418.331";"BR-163/MS";"Norte";"Colisão com veículos (traseira)";0;3;0;1;0;0;0;0;0;0;3;1;0;0;0
"26/07/2019";"04:08:00";"24";"sem vítima";"347.6";"BR-163/MS";"Sul";"Colisão c/ obstáculos";1;0;0;0;0;0;0;0;0;0;3;0;0;0;0
"26/07/2019";"06:52:00";"49";"sem vítima";"172.5";"BR-163/MS";"Sul";"Colisão com veículos (traseira)";0;0;2;0;0;0;0;0;0;0;2;0;0;0;0
"26/07/2019";"07:26:00";"69";"com vítima";"477";"BR-163/MS";"Sul";"Tombamento de moto";0;0;0;1;0;0;0;0;0;0;0;1;0;0;0
"26/07/2019";"04:44:00";"316";"com vítima";"466";"BR-163/MS";"Norte";"Colisão lateral no mesmo sentido";1;0;0;1;0;0;0;0;0;0;1;1;0;0;0
"26/07/2019";"05:40:00";"336";"sem vítima";"2.789";"BR-163/MS";"Sul";"Atropelamento de animais";0;0;0;0;0;0;0;0;0;1;1;0;0;0;0
"26/07/2019";"05:51:00";"339";"com vítima";"740.8";"BR-163/MS";"Sul";"Tombamento de moto";0;0;0;1;0;0;0;0;0;0;0;1;0;0;0
"26/07/2019";"05:59:00";"343";"sem vítima";"61.161";"BR-163/MS";"Sul";"Saídas de pista";0;0;0;0;0;0;0;0;0;1;2;0;0;0;0
"26/07/2019";"06:59:00";"359";"sem vítima";"36.4";"BR-163/MS";"Sul";"Colisão com veículos (frontal)";1;0;3;0;0;3;0;0;0;0;8;0;0;0;0
"26/07/2019";"08:37:00";"382";"sem vítima";"817.837";"BR-163/MS";"Norte";"Colisão c/ obstáculos";1;0;0;0;0;0;0;0;0;0;4;0;0;0;0
"27/07/2019";"02:59:00";"15";"com vítima";"295.587";"BR-163/MS";"Norte";"Colisão com veículos (frontal)";1;0;0;0;0;0;0;0;0;1;0;0;0;2;0
"27/07/2019";"10:12:00";"104";"sem vítima";"432";"BR-163/MS";"Norte";"Colisão com veículos (traseira)";0;0;2;0;0;2;0;0;0;0;4;0;0;0;0
"27/07/2019";"06:14:00";"229";"com vítima";"479";"BR-163/MS";"Norte";"Colisão lateral no mesmo sentido";1;0;0;2;0;0;0;0;0;0;1;1;0;1;0
"27/07/2019";"06:41:00";"236";"sem vítima";"479.166";"BR-163/MS";"Norte";"Colisão com veículos (traseira)";1;0;1;0;0;0;0;0;0;0;2;0;0;0;0
"27/07/2019";"10:15:00";"276";"com vítima";"485.122";"BR-163/MS";"Norte";"Colisão com veículos (traseira)";0;0;0;1;0;1;0;0;0;0;1;1;0;0;0
"27/07/2019";"11:07:00";"284";"com vítima";"121";"BR-163/MS";"Sul";"Capotamento";1;0;0;0;0;0;0;0;0;0;0;1;0;0;0
"28/07/2019";"04:39:00";"30";"sem vítima";"303";"BR-163/MS";"Norte";"Atropelamento de animais";1;0;0;0;0;0;0;0;0;0;1;0;0;0;0
"28/07/2019";"05:56:00";"264";"sem vítima";"424.455";"BR-163/MS";"Sul";"Atropelamento de animais";0;0;1;0;0;0;0;0;0;0;1;0;0;0;0
"29/07/2019";"11:17:00";"162";"com vítima";"670.649";"BR-163/MS";"Sul";"Capotamento";1;0;0;0;0;0;0;0;0;0;0;1;0;0;0
"29/07/2019";"12:02:00";"176";"sem vítima";"288";"BR-163/MS";"Sul";"Colisão lateral no sentido contrário";0;0;1;0;0;0;0;0;0;1;2;0;0;0;0
"29/07/2019";"06:11:00";"274";"com vítima";"543.757";"BR-163/MS";"Norte";"Capotamento";0;0;1;0;0;0;0;0;0;0;0;0;1;0;0
"30/07/2019";"10:09:00";"156";"sem vítima";"217";"BR-163/MS";"Norte";"Colisão com veículos (traseira)";1;0;0;0;0;0;0;0;0;1;5;0;0;0;0
"30/07/2019";"10:49:00";"171";"sem vítima";"75";"BR-163/MS";"Norte";"Colisão com veículos (traseira)";1;0;0;0;0;0;0;0;0;1;5;0;0;0;0
"30/07/2019";"12:13:00";"198";"sem vítima";"267";"BR-163/MS";"Sul";"Colisão lateral no mesmo sentido";0;0;1;1;0;0;0;0;0;0;3;0;0;0;0
"30/07/2019";"05:50:00";"318";"com vítima";"488.49";"BR-163/MS";"Sul";"Colisão com veículos (traseira)";0;1;0;1;0;0;0;0;0;0;1;1;0;0;0
"30/07/2019";"05:51:00";"319";"sem vítima";"490.561";"BR-163/MS";"Norte";"Colisão com veículos (traseira)";1;0;1;0;0;0;0;0;0;0;3;0;0;0;0
"31/07/2019";"02:03:00";"244";"com vítima";"499.889";"BR-163/MS";"Norte";"Tombamento de moto";0;0;0;1;0;0;0;0;0;0;0;1;0;0;0
"31/07/2019";"03:23:00";"273";"com vítima";"87";"BR-163/MS";"Norte";"Capotamento";1;0;0;0;0;0;0;0;0;0;1;1;0;0;0
"01/08/2019";"02:26:00";"220";"sem vítima";"577.968";"BR-163/MS";"Sul";"Colisão c/ obstáculos";0;0;1;0;0;1;0;0;0;0;2;0;0;0;0
"01/08/2019";"03:29:00";"242";"sem vítima";"609";"BR-163/MS";"Sul";"Colisão com veículos (traseira)";0;0;2;0;0;0;0;0;0;0;3;0;0;0;0
"02/08/2019";"05:57:00";"43";"com vítima";"19.857";"BR-163/MS";"Sul";"Colisão lateral no mesmo sentido";0;0;1;1;0;0;0;0;0;0;1;0;0;0;1
"02/08/2019";"07:33:00";"72";"com vítima";"503.45";"BR-163/MS";"Sul";"Tombamento de moto";0;0;0;1;0;1;0;0;0;0;1;0;1;0;0
"02/08/2019";"09:28:00";"150";"sem vítima";"818";"BR-163/MS";"Norte";"Colisão com veículos (traseira)";1;0;0;0;0;0;0;0;0;1;6;0;0;0;0
"02/08/2019";"01:40:00";"248";"com vítima";"748.8";"BR-163/MS";"Norte";"Capotamento";1;0;0;0;0;0;0;0;0;0;0;0;2;0;0
"02/08/2019";"02:16:00";"261";"sem vítima";"466";"BR-163/MS";"Sul";"Colisão com veículos (traseira)";1;0;0;0;0;0;0;0;0;1;5;0;0;0;0
"02/08/2019";"06:26:00";"340";"sem vítima";"821.425";"BR-163/MS";"Norte";"Atropelamento de animais";0;0;0;0;0;0;0;0;0;1;2;0;0;0;0
"02/08/2019";"07:09:00";"350";"sem vítima";"670.359";"BR-163/MS";"Norte";"Atropelamento de animais";0;0;0;0;0;0;0;0;0;1;2;0;0;0;0
"03/08/2019";"09:27:00";"96";"sem vítima";"818.73";"BR-163/MS";"Norte";"Colisão com veículos (traseira)";0;0;2;0;0;3;0;0;0;0;5;0;0;0;0
"03/08/2019";"10:21:00";"112";"com vítima";"640.537";"BR-163/MS";"Norte";"Tombamento";0;0;1;0;0;2;0;0;0;0;2;1;0;0;0
"04/08/2019";"03:27:00";"14";"sem vítima";"256";"BR-163/MS";"Sul";"Colisão com veículos (frontal)";1;0;0;0;0;0;0;0;0;1;5;0;0;0;0
"04/08/2019";"07:30:00";"43";"sem vítima";"245";"BR-163/MS";"Norte";"Saídas de pista";1;0;0;0;0;1;0;0;0;0;4;0;0;0;0
"04/08/2019";"08:02:00";"55";"com vítima";"113";"BR-163/MS";"Norte";"Tombamento de moto";0;0;0;1;0;0;0;0;0;0;1;1;0;0;0
"04/08/2019";"08:11:00";"57";"sem vítima";"124.844";"BR-163/MS";"Norte";"Tombamento";0;0;1;0;0;0;0;0;0;0;1;0;0;0;0
"04/08/2019";"08:29:00";"255";"sem vítima";"91.3";"BR-163/MS";"Norte";"Colisão com veículos (traseira)";1;0;1;0;0;0;0;0;0;0;3;0;0;0;0
"05/08/2019";"06:33:00";"291";"sem vítima";"485";"BR-163/MS";"Norte";"Colisão com veículos (traseira)";1;0;0;0;0;1;0;0;0;0;2;0;0;0;0
"05/08/2019";"07:20:00";"302";"sem vítima";"385.235";"BR-163/MS";"Norte";"Colisão c/ obstáculos";0;0;1;0;0;1;0;0;0;0;2;0;0;0;0
"07/08/2019";"03:34:00";"13";"sem vítima";"460.709";"BR-163/MS";"Sul";"Tombamento";0;0;1;0;0;0;0;0;0;0;1;0;0;0;0
"07/08/2019";"09:44:00";"144";"com vítima";"614.768";"BR-163/MS";"Norte";"Colisão lateral no sentido contrário";1;0;1;0;0;0;0;0;0;0;1;1;0;0;0
"07/08/2019";"01:58:00";"265";"com vítima";"475.936";"BR-163/MS";"Norte";"Colisão com veículos (traseira)";1;0;0;1;0;0;0;0;0;0;1;1;0;0;0
"07/08/2019";"03:12:00";"302";"com vítima";"462.501";"BR-163/MS";"Norte";"Colisão lateral no sentido contrário";1;0;1;0;0;0;0;0;0;0;0;4;0;1;0
"07/08/2019";"06:28:00";"386";"sem vítima";"732.978";"BR-163/MS";"Sul";"Atropelamento de animais";1;0;0;0;0;0;0;0;0;0;1;0;0;0;0
"07/08/2019";"11:12:00";"446";"sem vítima";"484.399";"BR-163/MS";"Norte";"Colisão lateral no mesmo sentido";2;0;0;0;0;0;0;0;0;0;3;0;0;0;0
"08/08/2019";"11:32:00";"196";"sem vítima";"91.51";"BR-163/MS";"Norte";"Colisão com veículos (traseira)";0;0;2;0;0;1;0;0;0;0;5;0;0;0;0
"08/08/2019";"01:25:00";"233";"sem vítima";"258.881";"BR-163/MS";"Norte";"Capotamento";1;0;0;0;0;0;0;0;0;0;1;0;0;0;0
"08/08/2019";"05:08:00";"316";"com vítima";"246.548";"BR-163/MS";"Norte";"Colisão com veículos (frontal)";2;0;1;0;0;1;0;0;0;0;3;1;0;0;0
"09/08/2019";"07:33:00";"73";"com vítima";"485";"BR-163/MS";"Sul";"Colisão com veículos (traseira)";1;0;0;1;0;0;0;0;0;0;1;1;0;0;0
"10/08/2019";"06:04:00";"39";"sem vítima";"221";"BR-163/MS";"Sul";"Colisão lateral no mesmo sentido";1;0;1;0;0;0;0;0;0;0;3;0;0;0;0
"10/08/2019";"05:47:00";"303";"com vítima";"258";"BR-163/MS";"Sul";"Colisão com veículos (traseira)";0;0;0;1;0;1;0;0;0;0;1;1;0;0;0
"10/08/2019";"07:32:00";"332";"com vítima";"258.795";"BR-163/MS";"Sul";"Colisão lateral no sentido contrário";1;1;0;0;0;0;0;0;0;0;3;0;0;0;1
"10/08/2019";"08:52:00";"351";"com vítima";"494.158";"BR-163/MS";"Norte";"Colisão com veículos (traseira)";0;0;1;1;0;1;0;0;0;0;2;0;0;1;0
"11/08/2019";"05:07:00";"26";"sem vítima";"349";"BR-163/MS";"Norte";"Saídas de pista";0;0;0;0;0;0;0;0;0;1;1;0;0;0;0
"11/08/2019";"03:58:00";"196";"com vítima";"191.8";"BR-163/MS";"Norte";"Tombamento de moto";0;0;0;1;0;0;0;0;0;0;0;1;0;0;0
"11/08/2019";"06:06:00";"242";"sem vítima";"654";"BR-163/MS";"Sul";"Tombamento de moto";0;0;0;1;0;0;0;0;0;0;1;0;0;0;0
"12/08/2019";"05:36:00";"47";"sem vítima";"485";"BR-163/MS";"Norte";"Colisão com veículos (traseira)";0;0;1;0;0;0;0;0;0;1;2;0;0;0;0
"12/08/2019";"06:56:00";"65";"com vítima";"284.752";"BR-163/MS";"Norte";"Colisão c/ obstáculos";0;0;0;1;0;0;0;0;0;0;0;0;0;1;0
"12/08/2019";"08:59:00";"130";"sem vítima";"409.249";"BR-163/MS";"Norte";"Saídas de pista";0;0;0;0;0;1;0;0;0;1;4;0;0;0;0
"12/08/2019";"09:37:00";"147";"sem vítima";"490";"BR-163/MS";"Norte";"Saídas de pista";1;0;0;0;0;0;0;0;0;0;1;0;0;0;0
"13/08/2019";"05:15:00";"20";"sem vítima";"697.356";"BR-163/MS";"Norte";"Saídas de pista";0;0;1;0;0;2;0;0;0;0;3;0;0;0;0
"13/08/2019";"04:04:00";"184";"com vítima";"159";"BR-163/MS";"Norte";"Colisão com veículos (traseira)";1;0;2;0;0;3;0;0;0;0;6;1;0;0;0
"13/08/2019";"06:06:00";"208";"com vítima";"470.968";"BR-163/MS";"Norte";"Colisão com veículos (traseira)";0;1;0;0;0;1;0;0;0;0;1;0;0;1;0
"13/08/2019";"07:21:00";"222";"com vítima";"134.51";"BR-163/MS";"Norte";"Atropelamento de pedestre";0;0;1;0;0;1;0;0;0;0;2;0;0;0;1
"14/08/2019";"08:36:00";"82";"com vítima";"264";"BR-163/MS";"Norte";"Tombamento de moto";0;0;0;1;0;0;0;0;0;0;0;1;0;0;0
"14/08/2019";"11:36:00";"163";"sem vítima";"408";"BR-163/MS";"Sul";"Saídas de pista";1;0;0;0;0;0;0;0;0;0;1;0;0;0;0
"14/08/2019";"03:35:00";"223";"com vítima";"316.609";"BR-163/MS";"Sul";"Tombamento";0;0;1;0;0;2;0;0;0;0;2;1;0;0;0
"14/08/2019";"04:29:00";"243";"com vítima";"518";"BR-163/MS";"Norte";"Tombamento";0;0;0;1;0;0;0;0;0;0;0;2;0;0;0
"14/08/2019";"06:24:00";"265";"com vítima";"433.749";"BR-163/MS";"Norte";"Colisão lateral no mesmo sentido";0;0;0;1;0;0;0;0;0;1;1;0;0;1;0
"14/08/2019";"06:35:00";"267";"sem vítima";"251.3";"BR-163/MS";"Sul";"Saídas de pista";1;0;0;0;0;0;0;0;0;0;3;0;0;0;0
"14/08/2019";"07:55:00";"284";"sem vítima";"388";"BR-163/MS";"Sul";"Atropelamento de animais";0;0;0;0;0;0;0;0;0;1;1;0;0;0;0
"14/08/2019";"08:48:00";"291";"com vítima";"484.38";"BR-163/MS";"Norte";"Colisão c/ obstáculos";0;1;0;1;0;1;0;0;0;0;1;1;0;0;1
"15/08/2019";"12:47:00";"9";"sem vítima";"260";"BR-163/MS";"Norte";"Atropelamento de animais";1;0;0;0;0;0;0;0;0;0;1;0;0;0;0
"15/08/2019";"03:06:00";"277";"sem vítima";"477.427";"BR-163/MS";"Norte";"Colisão com veículos (frontal)";1;0;0;0;0;0;0;0;0;1;2;0;0;0;0
"15/08/2019";"05:49:00";"323";"sem vítima";"204.9";"BR-163/MS";"Sul";"Tombamento";0;0;1;0;0;2;0;0;0;0;3;0;0;0;0
"15/08/2019";"06:08:00";"332";"com vítima";"485.731";"BR-163/MS";"Norte";"Colisão lateral no mesmo sentido";1;0;0;1;0;0;0;0;0;0;1;1;0;0;0
"15/08/2019";"11:07:00";"391";"sem vítima";"248";"BR-163/MS";"Sul";"Atropelamento de animais";1;0;0;0;0;0;0;0;0;0;1;0;0;0;0
"16/08/2019";"09:27:00";"137";"com vítima";"172.48";"BR-163/MS";"Sul";"Colisão com veículos (traseira)";2;0;0;0;0;0;0;0;0;0;1;1;0;0;0
"16/08/2019";"07:03:00";"341";"sem vítima";"355";"BR-163/MS";"Sul";"Atropelamento de animais";1;0;0;0;0;0;0;0;0;0;1;0;0;0;0
"16/08/2019";"11:59:00";"382";"sem vítima";"316.65";"BR-163/MS";"Sul";"Saídas de pista";1;0;0;0;0;0;0;0;0;0;2;0;0;0;0
"17/08/2019";"02:32:00";"223";"com vítima";"740.19";"BR-163/MS";"Norte";"Tombamento de moto";0;0;0;1;0;0;0;0;0;0;1;0;1;0;0
"17/08/2019";"03:04:00";"231";"com vítima";"266.952";"BR-163/MS";"Norte";"Colisão lateral no mesmo sentido";0;0;0;1;0;1;0;0;0;0;1;1;0;0;1
"17/08/2019";"06:57:00";"314";"com vítima";"567.46";"BR-163/MS";"Sul";"Capotamento";1;0;0;0;0;1;0;0;0;0;1;3;0;0;0
"17/08/2019";"08:16:00";"325";"com vítima";"403.18";"BR-163/MS";"Norte";"Atropelamento de animais";0;0;0;0;0;0;0;0;0;1;2;1;0;0;0
"17/08/2019";"11:18:00";"358";"com vítima";"409.445";"BR-163/MS";"Norte";"Colisão c/ obstáculos";0;0;0;1;0;0;0;0;0;0;0;0;1;0;0
"17/08/2019";"11:38:00";"360";"com vítima";"479.123";"BR-163/MS";"Norte";"Capotamento";1;0;0;0;0;0;0;0;0;0;0;1;0;0;0
"18/08/2019";"06:30:00";"35";"com vítima";"694.908";"BR-163/MS";"Sul";"Saídas de pista";0;0;0;0;0;0;0;0;0;1;0;1;0;0;0
"18/08/2019";"07:04:00";"46";"com vítima";"280.227";"BR-163/MS";"Norte";"Colisão c/ obstáculos";1;0;0;0;0;0;0;0;0;0;1;1;0;0;0
"18/08/2019";"10:47:00";"115";"com vítima";"459.93";"BR-163/MS";"Sul";"Tombamento de moto";0;0;0;1;0;0;0;0;0;0;0;2;0;0;0
"18/08/2019";"03:50:00";"224";"com vítima";"464.586";"BR-163/MS";"Norte";"Capotamento";2;0;0;0;0;0;0;0;0;0;7;1;0;0;0
"19/08/2019";"04:50:00";"20";"sem vítima";"570.189";"BR-163/MS";"Norte";"Saídas de pista";0;0;1;0;0;0;0;0;0;0;1;0;0;0;0
"19/08/2019";"07:15:00";"53";"com vítima";"632";"BR-163/MS";"Sul";"Tombamento de moto";0;0;0;1;0;0;0;0;0;0;0;1;0;0;0