data;horario;n_da_ocorrencia;tipo_de_ocorrencia;km;trecho;sentido;tipo_de_acidente;automovel;bicicleta;caminhao;moto;onibus;outros;tracao_animal;transporte_de_cargas_especiais;trator_maquinas;utilitarios;ilesos;levemente_feridos;moderadamente_feridos;gravemente_feridos;mortos
"19/08/2019";"09:03:00";"110";"sem vítima";"6";"BR-163/MS";"Norte";"Colisão com veículos (traseira)";2;0;0;0;0;0;0;0;0;0;5;0;0;0;0
"19/08/2019";"09:24:00";"123";"sem vítima";"103";"BR-163/MS";"Norte";"Colisão com veículos (traseira)";0;0;2;0;0;0;0;0;0;0;2;0;0;0;0
"20/08/2019";"03:41:00";"25";"sem vítima";"706.376";"BR-163/MS";"Norte";"Colisão c/ obstáculos";0;0;0;0;0;0;0;0;0;1;1;0;0;0;0
"20/08/2019";"08:37:00";"120";"com vítima";"475";"BR-163/MS";"Sul";"Tombamento de moto";0;0;0;1;0;0;0;0;0;0;1;1;0;0;0
"20/08/2019";"02:32:00";"256";"com vítima";"484";"BR-163/MS";"Sul";"Tombamento de moto";0;0;0;1;0;0;0;0;0;0;0;1;0;0;0
"20/08/2019";"03:19:00";"268";"sem vítima";"461";"BR-163/MS";"Sul";"Saídas de pista";0;0;0;0;1;0;0;0;0;0;1;0;0;0;0
"20/08/2019";"05:14:00";"293";"com vítima";"36.342";"BR-163/MS";"Norte";"Colisão com veículos (traseira)";1;0;1;0;0;1;0;0;0;0;2;0;2;0;0
"20/08/2019";"05:47:00";"297";"sem vítima";"36.8";"BR-163/MS";"Sul";"Colisão com veículos (traseira)";0;0;2;0;0;2;0;0;0;0;4;0;0;0;0
"20/08/2019";"06:21:00";"299";"sem vítima";"266.899";"BR-163/MS";"Sul";"Colisão com veículos (traseira)";1;0;0;0;0;1;0;0;0;0;3;0;0;0;0
"20/08/2019";"06:57:00";"303";"sem vítima";"328.426";"BR-163/MS";"Sul";"Colisão c/ obstáculos";1;0;0;0;0;0;0;0;0;0;2;0;0;0;0
"20/08/2019";"08:34:00";"324";"sem vítima";"40.6";"BR-163/MS";"Norte";"Colisão lateral no sentido contrário";1;0;1;0;0;2;0;0;0;0;4;0;0;0;0
"20/08/2019";"09:12:00";"327";"sem vítima";"817";"BR-163/MS";"Norte";"Colisão c/ obstáculos";0;0;0;0;0;0;0;0;0;1;1;0;0;0;0
"21/08/2019";"05:47:00";"29";"com vítima";"367.318";"BR-163/MS";"Sul";"Tombamento de moto";0;0;0;1;0;0;0;0;0;0;0;1;0;0;0
"21/08/2019";"07:54:00";"86";"com vítima";"213.57";"BR-163/MS";"Norte";"Colisão com veículos (frontal)";0;0;4;0;0;3;0;0;0;0;4;1;1;1;1
"21/08/2019";"08:59:00";"121";"sem vítima";"822.6";"BR-163/MS";"Norte";"Colisão com veículos (traseira)";0;0;0;0;0;1;0;0;0;2;4;0;0;0;0
"22/08/2019";"12:04:00";"1";"com vítima";"599.259";"BR-163/MS";"Norte";"Capotamento";1;0;0;0;0;0;0;0;0;0;0;1;0;0;0
"23/08/2019";"01:15:00";"5";"sem vítima";"546.557";"BR-163/MS";"Norte";"Atropelamento de animais";1;0;0;0;0;0;0;0;0;0;1;0;0;0;0
"23/08/2019";"03:21:00";"247";"com vítima";"128";"BR-163/MS";"Norte";"Tombamento de moto";0;0;0;1;0;0;0;0;0;0;0;1;0;0;0
"23/08/2019";"04:59:00";"278";"com vítima";"742.1";"BR-163/MS";"Norte";"Atropelamento de animais";0;0;0;0;0;0;0;0;0;1;3;1;0;0;0
"23/08/2019";"08:32:00";"343";"sem vítima";"175.841";"BR-163/MS";"Sul";"Atropelamento de animais";1;0;0;0;0;0;0;0;0;0;3;0;0;0;0
"24/08/2019";"04:24:00";"30";"com vítima";"793.146";"BR-163/MS";"Norte";"Tombamento de moto";0;0;1;1;0;0;0;0;0;0;1;0;0;1;0
"24/08/2019";"11:48:00";"171";"com vítima";"74";"BR-163/MS";"Sul";"Tombamento de moto";0;0;0;1;0;0;0;0;0;0;0;0;1;0;0
"24/08/2019";"02:27:00";"216";"com vítima";"730";"BR-163/MS";"Norte";"Colisão lateral no mesmo sentido";0;0;0;1;0;0;0;0;0;1;3;1;0;0;0
"25/08/2019";"04:35:00";"33";"sem vítima";"458.983";"BR-163/MS";"Sul";"Atropelamento de animais";1;0;0;0;0;0;0;0;0;0;2;0;0;0;0
"25/08/2019";"04:27:00";"243";"com vítima";"377.111";"BR-163/MS";"Sul";"Tombamento de moto";0;0;0;1;0;0;0;0;0;0;0;1;0;0;0
"25/08/2019";"05:07:00";"254";"com vítima";"330";"BR-163/MS";"Norte";"Tombamento de moto";0;0;0;1;0;0;0;0;0;0;0;2;0;0;0
"25/08/2019";"08:51:00";"303";"sem vítima";"485.216";"BR-163/MS";"Norte";"Tombamento de moto";0;0;0;1;0;0;0;0;0;0;1;0;0;0;0
"25/08/2019";"11:05:00";"321";"com vítima";"279.886";"BR-163/MS";"Sul";"Colisão c/ obstáculos";0;0;0;0;0;0;0;0;0;1;1;1;0;0;0
"26/08/2019";"10:41:00";"150";"sem vítima";"208.672";"BR-163/MS";"Sul";"Colisão lateral no sentido contrário";1;0;0;0;0;0;0;0;0;1;2;0;0;0;0
"26/08/2019";"05:26:00";"294";"com vítima";"456.507";"BR-163/MS";"Norte";"Tombamento de moto";0;0;0;1;0;0;0;0;0;0;0;1;0;0;0
"26/08/2019";"08:03:00";"334";"sem vítima";"6.267";"BR-163/MS";"Norte";"Saídas de pista";1;0;0;0;0;0;0;0;0;0;4;0;0;0;0
"27/08/2019";"07:55:00";"57";"sem vítima";"7";"BR-163/MS";"Sul";"Colisão c/ obstáculos";1;0;0;0;0;0;0;0;0;0;1;0;0;0;0
"27/08/2019";"08:52:00";"79";"com vítima";"680";"BR-163/MS";"Norte";"Colisão lateral no mesmo sentido";1;0;0;1;0;0;0;0;0;0;1;1;0;0;0
"27/08/2019";"09:37:00";"317";"sem vítima";"403.714";"BR-163/MS";"Norte";"Atropelamento de animais";0;0;0;0;0;0;0;0;0;1;1;0;0;0;0
"28/08/2019";"12:41:00";"3";"com vítima";"325.948";"BR-163/MS";"Norte";"Colisão lateral no mesmo sentido";0;1;1;0;0;0;0;0;0;0;1;1;0;0;0
"28/08/2019";"06:12:00";"23";"com vítima";"475.739";"BR-163/MS";"Norte";"Tombamento de moto";0;0;0;1;0;0;0;0;0;0;0;1;0;0;0
"28/08/2019";"08:56:00";"118";"sem vítima";"253.9";"BR-163/MS";"Norte";"Colisão com veículos (traseira)";0;0;1;0;0;0;0;0;0;1;3;0;0;0;0
"28/08/2019";"05:06:00";"287";"com vítima";"208";"BR-163/MS";"Norte";"Colisão c/ obstáculos";0;1;0;0;0;1;0;0;0;0;1;1;0;0;0
"28/08/2019";"05:25:00";"292";"com vítima";"169.86";"BR-163/MS";"Norte";"Engavetamento";1;0;2;0;0;3;0;0;0;0;5;2;0;0;0
"28/08/2019";"06:06:00";"300";"com vítima";"679.69";"BR-163/MS";"Sul";"Atropelamento de pedestre";0;0;1;0;0;0;0;0;0;0;1;0;0;0;1
"29/08/2019";"03:29:00";"275";"sem vítima";"575";"BR-163/MS";"Norte";"Atropelamento de animais";0;0;0;0;0;0;0;0;0;1;1;0;0;0;0
"29/08/2019";"06:16:00";"327";"sem vítima";"477";"BR-163/MS";"Sul";"Colisão com veículos (traseira)";0;0;1;0;0;1;0;0;0;0;3;0;0;0;0
"29/08/2019";"11:07:00";"399";"com vítima";"355.145";"BR-163/MS";"Norte";"Capotamento";1;0;1;0;0;0;0;0;0;0;1;2;0;0;0
"30/08/2019";"10:29:00";"172";"com vítima";"755.9";"BR-163/MS";"Sul";"Tombamento de moto";0;0;0;1;0;0;0;0;0;0;0;1;0;0;0
"30/08/2019";"12:10:00";"200";"com vítima";"841.231";"BR-163/MS";"Sul";"Colisão com veículos (traseira)";2;0;0;0;0;0;0;0;0;0;4;1;0;0;0
"30/08/2019";"07:00:00";"323";"com vítima";"507.42";"BR-163/MS";"Sul";"Capotamento";0;0;0;0;0;0;0;0;0;1;0;0;1;0;0
"30/08/2019";"08:21:00";"348";"sem vítima";"446.174";"BR-163/MS";"Sul";"Colisão c/ obstáculos";1;0;0;0;0;0;0;0;0;0;1;0;0;0;0
"30/08/2019";"10:47:00";"369";"com vítima";"256";"BR-163/MS";"Norte";"Colisão com veículos (frontal)";0;2;0;0;0;0;0;0;0;0;0;0;0;1;1
"31/08/2019";"12:16:00";"1";"sem vítima";"370.719";"BR-163/MS";"Norte";"Atropelamento de animais";1;0;0;0;0;0;0;0;0;0;1;0;0;0;0
"31/08/2019";"05:42:00";"26";"sem vítima";"296.215";"BR-163/MS";"Norte";"Colisão com veículos (traseira)";0;0;0;0;0;1;0;0;0;1;6;0;0;0;0
"31/08/2019";"08:52:00";"84";"sem vítima";"258.412";"BR-163/MS";"Norte";"Tombamento de moto";0;0;0;1;0;0;0;0;0;0;1;0;0;0;0
"31/08/2019";"11:04:00";"131";"com vítima";"265.66";"BR-163/MS";"Sul";"Colisão com veículos (traseira)";0;0;0;1;0;1;0;0;0;1;2;1;0;0;0
"31/08/2019";"12:11:00";"147";"com vítima";"572";"BR-163/MS";"Norte";"Colisão com veículos (traseira)";1;0;0;0;0;1;0;0;0;0;4;1;0;0;0
"01/09/2019";"01:28:00";"7";"com vítima";"356.403";"BR-163/MS";"Sul";"Colisão lateral no mesmo sentido";0;0;1;1;0;0;0;0;0;0;3;0;0;0;1
"01/09/2019";"02:39:00";"12";"com vítima";"837.584";"BR-163/MS";"Norte";"Colisão c/ obstáculos";0;0;0;1;0;0;0;0;0;0;0;1;0;0;0
"01/09/2019";"07:46:00";"275";"sem vítima";"240.9";"BR-163/MS";"Sul";"Capotamento";1;0;0;0;0;1;0;0;0;0;2;0;0;0;0
"02/09/2019";"06:18:00";"29";"sem vítima";"364";"BR-163/MS";"Norte";"Saídas de pista";1;0;0;0;0;0;0;0;0;0;1;0;0;0;0
"02/09/2019";"06:47:00";"41";"com vítima";"484.398";"BR-163/MS";"Norte";"Colisão lateral no sentido contrário";1;0;0;0;0;0;0;0;0;1;2;1;0;0;0
"02/09/2019";"02:22:00";"245";"com vítima";"214.5";"BR-163/MS";"Norte";"Colisão lateral no mesmo sentido";0;1;0;0;0;1;0;0;0;0;1;1;0;0;0
"03/09/2019";"04:18:00";"29";"sem vítima";"461.89";"BR-163/MS";"Norte";"Saídas de pista";0;0;0;0;0;0;0;0;0;1;1;0;0;0;0
"04/09/2019";"06:56:00";"49";"com vítima";"520.188";"BR-163/MS";"Norte";"Colisão c/ obstáculos";0;0;1;0;0;0;0;0;0;0;0;1;0;0;0
"04/09/2019";"10:47:00";"176";"sem vítima";"113";"BR-163/MS";"Norte";"Colisão com veículos (traseira)";1;0;1;0;0;0;0;0;0;0;3;0;0;0;0
"04/09/2019";"11:21:00";"191";"com vítima";"610";"BR-163/MS";"Norte";"Capotamento";0;0;0;0;0;0;0;0;0;1;0;1;0;0;0
"04/09/2019";"12:29:00";"215";"sem vítima";"708";"BR-163/MS";"Sul";"Tombamento";0;0;0;0;0;1;0;0;0;1;2;0;0;0;0
"05/09/2019";"12:29:00";"229";"sem vítima";"666.73";"BR-163/MS";"Sul";"Tombamento";0;0;1;0;0;0;0;0;0;0;1;0;0;0;0
"05/09/2019";"01:46:00";"263";"com vítima";"376.777";"BR-163/MS";"Norte";"Tombamento de moto";0;0;0;1;0;0;0;0;0;0;0;2;0;0;0
"06/09/2019";"10:52:00";"174";"com vítima";"40";"BR-163/MS";"Sul";"Tombamento de moto";0;0;0;1;0;0;0;0;0;0;0;0;1;0;0
"06/09/2019";"06:15:00";"318";"sem vítima";"551.7";"BR-163/MS";"Norte";"Atropelamento de animais";1;0;0;0;0;0;0;0;0;0;1;0;0;0;0
"06/09/2019";"11:12:00";"398";"com vítima";"484.435";"BR-163/MS";"Norte";"Tombamento de moto";1;0;0;1;0;0;0;0;0;0;1;1;0;0;0
"06/09/2019";"11:52:00";"401";"sem vítima";"349.549";"BR-163/MS";"Sul";"Atropelamento de animais";1;0;0;0;0;0;0;0;0;0;2;0;0;0;0
"07/09/2019";"12:09:00";"1";"sem vítima";"551.2";"BR-163/MS";"Sul";"Saídas de pista";1;0;0;0;0;0;0;0;0;0;1;0;0;0;0
"07/09/2019";"03:00:00";"14";"com vítima";"285.268";"BR-163/MS";"Sul";"Tombamento de moto";0;0;0;1;0;0;0;0;0;0;0;2;0;0;0
"07/09/2019";"05:43:00";"263";"sem vítima";"577";"BR-163/MS";"Sul";"Colisão lateral no mesmo sentido";1;0;1;0;0;1;0;0;0;0;3;0;0;0;0
"07/09/2019";"06:38:00";"281";"com vítima";"403.848";"BR-163/MS";"Norte";"Colisão com veículos (traseira)";2;0;0;0;0;0;0;0;0;0;0;2;1;1;0
"07/09/2019";"07:28:00";"296";"sem vítima";"300.147";"BR-163/MS";"Sul";"Colisão com veículos (traseira)";0;0;0;0;0;1;0;0;0;1;2;0;0;0;0
"08/09/2019";"01:32:00";"7";"com vítima";"264.694";"BR-163/MS";"Norte";"Colisão com veículos (traseira)";0;1;0;0;0;0;0;0;0;1;1;0;0;0;1
"08/09/2019";"05:44:00";"26";"sem vítima";"1.461";"BR-163/MS";"Sul";"Colisão c/ obstáculos";0;0;0;1;0;0;0;0;0;0;1;0;0;0;0
"08/09/2019";"06:18:00";"265";"sem vítima";"548.5";"BR-163/MS";"Sul";"Colisão lateral no mesmo sentido";1;0;0;0;0;0;0;0;0;1;4;0;0;0;0
"09/09/2019";"05:26:00";"306";"com vítima";"761.141";"BR-163/MS";"Sul";"Tombamento de moto";0;0;0;1;0;0;0;0;0;0;0;2;0;0;0
"09/09/2019";"05:43:00";"310";"sem vítima";"477.391";"BR-163/MS";"Sul";"Engavetamento";3;0;0;0;0;1;0;0;0;0;8;0;0;0;0
"10/09/2019";"01:17:00";"8";"sem vítima";"738.42";"BR-163/MS";"Sul";"Atropelamento de animais";0;0;1;0;0;0;0;0;0;0;1;0;0;0;0
"10/09/2019";"11:07:00";"199";"sem vítima";"648.131";"BR-163/MS";"Norte";"Capotamento";0;0;0;0;0;0;0;0;0;1;1;0;0;0;0
"10/09/2019";"12:51:00";"244";"sem vítima";"187";"BR-163/MS";"Norte";"Colisão lateral no mesmo sentido";0;0;1;0;0;0;0;0;0;1;6;0;0;0;0
"10/09/2019";"01:57:00";"265";"sem vítima";"37.569";"BR-163/MS";"Sul";"Colisão c/ obstáculos";1;0;0;0;0;0;0;0;0;0;1;0;0;0;0
"10/09/2019";"05:27:00";"343";"sem vítima";"478";"BR-163/MS";"Norte";"Colisão com veículos (traseira)";1;0;0;1;0;0;0;0;0;0;2;0;0;0;0
"11/09/2019";"04:55:00";"22";"com vítima";"76.74";"BR-163/MS";"Sul";"Tombamento";0;0;1;0;0;0;0;0;0;0;0;1;0;0;0
"11/09/2019";"10:47:00";"161";"sem vítima";"100.778";"BR-163/MS";"Norte";"Capotamento";1;0;0;0;0;0;0;0;0;0;1;0;0;0;0
"11/09/2019";"11:01:00";"163";"com vítima";"844";"BR-163/MS";"Sul";"Tombamento";0;0;1;0;0;1;0;0;0;0;1;1;0;0;0
"11/09/2019";"04:36:00";"258";"com vítima";"461";"BR-163/MS";"Sul";"Tombamento de moto";0;0;0;1;0;0;0;0;0;0;0;2;0;0;0
"11/09/2019";"07:15:00";"305";"com vítima";"741.5";"BR-163/MS";"Sul";"Capotamento";0;0;0;0;0;0;0;0;0;1;0;1;0;0;0
"11/09/2019";"10:20:00";"335";"com vítima";"256.3";"BR-163/MS";"Norte";"Colisão com veículos (traseira)";0;1;0;1;0;0;0;0;0;0;0;2;0;0;0
"12/09/2019";"03:07:00";"20";"sem vítima";"402.27";"BR-163/MS";"Norte";"Colisão c/ obstáculos";0;0;1;0;0;1;0;0;0;0;2;0;0;0;0
"12/09/2019";"02:24:00";"257";"sem vítima";"787.196";"BR-163/MS";"Norte";"Colisão com veículos (traseira)";0;0;2;0;0;0;0;0;0;0;2;0;0;0;0
"12/09/2019";"05:29:00";"301";"com vítima";"479.174";"BR-163/MS";"Sul";"Colisão lateral no mesmo sentido";1;0;0;1;0;0;0;0;0;0;1;1;1;0;0
"13/09/2019";"01:33:00";"13";"sem vítima";"144";"BR-163/MS";"Sul";"Saídas de pista";0;0;1;0;0;2;0;0;0;0;3;0;0;0;0
"13/09/2019";"01:34:00";"15";"sem vítima";"382.87";"BR-163/MS";"Sul";"Atropelamento de animais";1;0;0;0;0;0;0;0;0;0;2;0;0;0;0
"13/09/2019";"07:15:00";"71";"com vítima";"215.185";"BR-163/MS";"Sul";"Tombamento de moto";0;0;0;1;0;0;0;0;0;0;1;1;0;0;0
"13/09/2019";"11:13:00";"415";"sem vítima";"281.122";"BR-163/MS";"Sul";"Colisão c/ obstáculos";1;0;0;0;0;0;0;0;0;0;1;0;0;0;0
"13/09/2019";"11:36:00";"419";"com vítima";"840.473";"BR-163/MS";"Norte";"Colisão lateral no mesmo sentido";1;0;0;1;0;0;0;0;0;0;2;0;1;0;0
"14/09/2019";"01:35:00";"7";"com vítima";"551.492";"BR-163/MS";"Sul";"Colisão com veículos (frontal)";1;0;1;0;0;1;0;0;0;0;2;0;0;1;0
"14/09/2019";"01:38:00";"8";"com vítima";"13.7";"BR-163/MS";"Norte";"Colisão c/ obstáculos";1;0;0;0;0;0;0;0;0;0;0;0;0;1;0
"14/09/2019";"03:50:00";"240";"com vítima";"580.642";"BR-163/MS";"Sul";"Tombamento";0;0;1;0;0;2;0;0;0;0;2;1;0;0;0
"15/09/2019";"03:08:00";"17";"sem vítima";"459.134";"BR-163/MS";"Sul";"Atropelamento de animais";1;0;0;0;0;0;0;0;0;0;1;0;0;0;0
"15/09/2019";"05:20:00";"27";"com vítima";"837.681";"BR-163/MS";"Sul";"Colisão com veículos (traseira)";1;0;0;0;0;1;0;0;0;0;2;1;0;0;0
"15/09/2019";"07:05:00";"50";"com vítima";"501.99";"BR-163/MS";"Sul";"Colisão c/ obstáculos";1;0;0;0;0;0;0;0;0;0;1;1;0;0;0
"15/09/2019";"12:20:00";"161";"sem vítima";"89.485";"BR-163/MS";"Sul";"Colisão c/ obstáculos";1;0;0;0;0;0;0;0;0;0;1;0;0;0;0
"15/09/2019";"03:22:00";"235";"com vítima";"522";"BR-163/MS";"Norte";"Colisão c/ obstáculos";1;0;0;0;0;0;0;0;0;0;0;1;0;0;0
"15/09/2019";"06:19:00";"314";"com vítima";"486.241";"BR-163/MS";"Sul";"Colisão com veículos (traseira)";0;1;0;1;0;0;0;0;0;0;0;1;1;0;0
"15/09/2019";"06:52:00";"324";"com vítima";"348.668";"BR-163/MS";"Norte";"Colisão lateral no sentido contrário";1;0;1;0;0;2;0;0;0;0;3;1;0;0;0
"16/09/2019";"12:13:00";"3";"sem vítima";"114.621";"BR-163/MS";"Sul";"Atropelamento de animais";0;0;1;0;0;1;0;0;0;0;2;0;0;0;0
"16/09/2019";"06:19:00";"39";"com vítima";"127.2";"BR-163/MS";"Sul";"Tombamento de moto";0;0;0;1;0;0;0;0;0;0;0;1;0;0;0
"16/09/2019";"08:17:00";"95";"com vítima";"134";"BR-163/MS";"Sul";"Capotamento";1;0;0;0;0;0;0;0;0;0;0;1;0;0;0
"16/09/2019";"08:32:00";"105";"sem vítima";"15";"BR-163/MS";"Sul";"Colisão c/ obstáculos";1;0;0;0;0;0;0;0;0;0;1;0;0;0;0
"16/09/2019";"11:27:00";"178";"com vítima";"241";"BR-163/MS";"Sul";"Tombamento de moto";0;0;0;1;0;0;0;0;0;0;0;2;0;0;0
"16/09/2019";"06:58:00";"344";"com vítima";"261";"BR-163/MS";"Norte";"Tombamento de moto";0;0;0;1;0;0;0;0;0;0;0;0;0;1;0
"17/09/2019";"05:17:00";"42";"sem vítima";"367.901";"BR-163/MS";"Norte";"Colisão com veículos (traseira)";1;0;0;0;0;2;0;0;0;0;4;0;0;0;0
"17/09/2019";"06:47:00";"63";"com vítima";"482.331";"BR-163/MS";"Norte";"Tombamento de moto";0;0;0;1;0;0;0;0;0;0;0;1;0;0;0
"17/09/2019";"04:52:00";"320";"com vítima";"485";"BR-163/MS";"Sul";"Colisão lateral no mesmo sentido";1;0;0;1;0;0;0;0;0;0;3;1;0;0;0
"17/09/2019";"08:48:00";"380";"sem vítima";"701.64";"BR-163/MS";"Norte";"Atropelamento de animais";0;0;0;0;0;0;0;0;0;1;3;0;0;0;0
"17/09/2019";"10:15:00";"394";"sem vítima";"262.977";"BR-163/MS";"Norte";"Tombamento";0;0;0;1;0;0;0;0;0;1;3;0;0;0;0
"18/09/2019";"07:14:00";"385";"com vítima";"75.75";"BR-163/MS";"Norte";"Colisão lateral no mesmo sentido";0;0;0;1;0;0;0;0;0;1;1;1;0;0;0
"18/09/2019";"07:31:00";"389";"com vítima";"260.5";"BR-163/MS";"Norte";"Atropelamento de animais";0;0;0;1;0;0;0;0;0;0;1;1;0;0;0
"18/09/2019";"10:18:00";"419";"sem vítima";"667.782";"BR-163/MS";"Sul";"Atropelamento de animais";1;0;0;0;0;0;0;0;0;0;1;0;0;0;0
"19/09/2019";"12:27:00";"1";"com vítima";"648.41";"BR-163/MS";"Sul";"Colisão c/ obstáculos";1;0;0;0;0;0;0;0;0;0;3;2;0;0;0
"20/09/2019";"01:34:00";"233";"com vítima";"681.483";"BR-163/MS";"Sul";"Atropelamento de pedestre";0;0;0;0;0;0;0;0;0;1;0;1;1;0;0
"20/09/2019";"04:43:00";"297";"com vítima";"373.135";"BR-163/MS";"Norte";"Capotamento";1;0;0;0;0;0;0;0;0;0;0;3;0;0;0
"21/09/2019";"03:35:00";"22";"sem vítima";"254.123";"BR-163/MS";"Norte";"Colisão c/ obstáculos";0;0;0;0;0;0;0;0;0;1;1;0;0;0;0
"21/09/2019";"08:48:00";"114";"com vítima";"256";"BR-163/MS";"Norte";"Colisão lateral no mesmo sentido";0;0;0;1;0;0;0;0;0;1;2;1;0;0;0
"21/09/2019";"03:11:00";"252";"sem vítima";"477.852";"BR-163/MS";"Norte";"Colisão c/ obstáculos";0;0;0;0;0;0;0;0;0;1;4;0;0;0;0
"21/09/2019";"06:29:00";"311";"com vítima";"20.954";"BR-163/MS";"Norte";"Atropelamento de pedestre";1;0;0;0;0;0;0;0;0;0;1;0;1;0;0
"21/09/2019";"07:13:00";"326";"com vítima";"18.1";"BR-163/MS";"Norte";"Colisão com veículos (traseira)";1;0;0;2;0;0;0;0;0;0;1;2;0;0;0
"21/09/2019";"07:41:00";"329";"sem vítima";"677.147";"BR-163/MS";"Norte";"Tombamento";1;0;0;0;0;0;0;0;0;0;1;0;0;0;0
"21/09/2019";"11:52:00";"370";"sem vítima";"20.231";"BR-163/MS";"Norte";"Colisão c/ obstáculos";1;0;0;0;0;0;0;0;0;0;1;0;0;0;0
"22/09/2019";"03:01:00";"18";"com vítima";"540.926";"BR-163/MS";"Norte";"Capotamento";1;0;0;0;0;0;0;0;0;0;0;0;1;0;0
"22/09/2019";"03:02:00";"19";"com vítima";"87.929";"BR-163/MS";"Norte";"Colisão c/ obstáculos";0;0;0;1;0;0;0;0;0;1;3;0;1;0;0
"22/09/2019";"03:03:00";"20";"sem vítima";"674";"BR-163/MS";"Norte";"Colisão c/ obstáculos";1;0;0;0;0;0;0;0;0;0;1;0;0;0;0
"22/09/2019";"03:20:00";"21";"sem vítima";"483.843";"BR-163/MS";"Sul";"Capotamento";1;0;0;0;0;0;0;0;0;0;1;0;0;0;0
"22/09/2019";"04:23:00";"24";"sem vítima";"443.795";"BR-163/MS";"Sul";"Atropelamento de animais";0;0;0;0;0;0;0;0;0;1;1;0;0;0;0
"22/09/2019";"09:10:00";"102";"com vítima";"51.371";"BR-163/MS";"Sul";"Capotamento";1;0;0;0;0;0;0;0;0;0;0;1;0;0;0
"22/09/2019";"11:27:00";"147";"com vítima";"743";"BR-163/MS";"Norte";"Tombamento de moto";0;0;0;1;0;0;0;0;0;0;0;0;0;1;0
"22/09/2019";"07:28:00";"287";"sem vítima";"564.926";"BR-163/MS";"Norte";"Colisão lateral no mesmo sentido";1;0;0;0;0;1;0;0;0;0;3;0;0;0;0
"22/09/2019";"08:26:00";"299";"sem vítima";"239.381";"BR-163/MS";"Sul";"Colisão c/ obstáculos";0;0;0;1;0;0;0;0;0;0;2;0;0;0;0
"23/09/2019";"03:38:00";"22";"sem vítima";"444.3";"BR-163/MS";"Sul";"Capotamento";1;0;0;0;0;0;0;0;0;0;1;0;0;0;0
"23/09/2019";"08:31:00";"116";"com vítima";"615.331";"BR-163/MS";"Sul";"Colisão lateral no mesmo sentido";0;0;0;1;0;0;0;0;0;1;1;1;0;0;0
"23/09/2019";"09:08:00";"131";"sem vítima";"341.343";"BR-163/MS";"Sul";"Engavetamento";1;0;2;0;0;0;0;0;0;0;3;0;0;0;0
"23/09/2019";"05:18:00";"331";"com vítima";"730";"BR-163/MS";"Norte";"Colisão lateral no sentido contrário";2;0;0;0;0;0;0;0;0;0;1;5;0;0;0
"24/09/2019";"12:01:00";"214";"sem vítima";"489";"BR-163/MS";"Norte";"Colisão com veículos (traseira)";0;0;1;0;0;0;0;0;0;1;2;0;0;0;0
"24/09/2019";"12:55:00";"240";"com vítima";"491.794";"BR-163/MS";"Norte";"Colisão com veículos (traseira)";1;0;0;1;0;0;0;0;0;0;1;1;0;0;0
"24/09/2019";"03:59:00";"318";"com vítima";"548";"BR-163/MS";"Sul";"Atropelamento de pedestre";0;0;0;0;0;1;0;0;0;0;1;1;0;0;0
"25/09/2019";"10:52:00";"177";"sem vítima";"485.172";"BR-163/MS";"Norte";"Colisão com veículos (traseira)";0;0;1;0;0;1;0;0;0;0;2;0;0;0;0
"25/09/2019";"12:38:00";"202";"sem vítima";"350.174";"BR-163/MS";"Norte";"Saídas de pista";0;0;0;0;0;0;0;0;0;1;1;0;0;0;0
"25/09/2019";"05:10:00";"287";"com vítima";"280";"BR-163/MS";"Sul";"Tombamento de moto";1;0;0;1;0;0;0;0;0;0;1;1;0;0;0
"26/09/2019";"08:58:00";"132";"com vítima";"681.378";"BR-163/MS";"Norte";"Tombamento de moto";0;0;1;1;0;0;0;0;0;0;1;2;0;0;0
"26/09/2019";"10:52:00";"391";"sem vítima";"323.725";"BR-163/MS";"Norte";"Atropelamento de animais";1;0;0;0;0;0;0;0;0;0;1;0;0;0;0
"27/09/2019";"12:03:00";"2";"sem vítima";"216.342";"BR-163/MS";"Sul";"Tombamento de moto";0;0;0;1;0;0;0;0;0;0;2;0;0;0;0
"27/09/2019";"04:48:00";"43";"sem vítima";"206.544";"BR-163/MS";"Sul";"Tombamento";0;0;1;0;0;0;0;0;0;0;1;0;0;0;0
"27/09/2019";"08:38:00";"119";"sem vítima";"346.4";"BR-163/MS";"Sul";"Tombamento de moto";0;0;0;1;0;0;0;0;0;0;2;0;0;0;0
"27/09/2019";"06:42:00";"337";"com vítima";"485.138";"BR-163/MS";"Norte";"Colisão com veículos (traseira)";0;0;0;1;0;0;0;0;0;1;3;1;1;0;0
"27/09/2019";"07:51:00";"357";"com vítima";"254.654";"BR-163/MS";"Norte";"Tombamento de moto";0;0;0;1;0;1;0;0;0;0;1;1;0;1;0
"27/09/2019";"08:15:00";"362";"com vítima";"480.84";"BR-163/MS";"Sul";"Tombamento de moto";0;0;0;1;0;0;0;0;0;0;0;1;0;0;0
"28/09/2019";"10:35:00";"149";"com vítima";"487.464";"BR-163/MS";"Norte";"Colisão lateral no sentido contrário";0;0;1;0;0;1;0;0;0;1;2;2;0;0;0