data;horario;n_da_ocorrencia;tipo_de_ocorrencia;km;trecho;sentido;tipo_de_acidente;automovel;bicicleta;caminhao;moto;onibus;outros;tracao_animal;transporte_de_cargas_especiais;trator_maquinas;utilitarios;ilesos;levemente_feridos;moderadamente_feridos;gravemente_feridos;mortos
"10/11/2019";"02:48:00";"195";"com vítima";"5.6";"BR-163/MS";"Norte";"Colisão lateral no sentido contrário";2;0;0;0;0;0;0;0;0;0;3;1;1;0;0
"10/11/2019";"03:36:00";"207";"com vítima";"466";"BR-163/MS";"Norte";"Colisão com veículos (traseira)";2;0;0;0;0;0;0;0;0;0;4;2;0;0;0
"11/11/2019";"05:19:00";"34";"sem vítima";"138.7";"BR-163/MS";"Norte";"Capotamento";1;0;0;0;0;0;0;0;0;0;1;0;0;0;0
"11/11/2019";"02:30:00";"292";"com vítima";"520.345";"BR-163/MS";"Norte";"Colisão com veículos (traseira)";1;0;0;0;0;0;0;0;0;1;3;1;0;0;0
"11/11/2019";"04:09:00";"329";"sem vítima";"770";"BR-163/MS";"Sul";"Tombamento de moto";0;0;0;1;0;0;0;0;0;0;1;0;0;0;0
"11/11/2019";"04:36:00";"341";"com vítima";"251.843";"BR-163/MS";"Norte";"Colisão com veículos (frontal)";1;0;1;0;0;2;0;0;0;0;5;0;0;0;1
"11/11/2019";"05:08:00";"351";"com vítima";"485.44";"BR-163/MS";"Norte";"Colisão com veículos (traseira)";1;0;0;1;0;0;0;0;0;0;2;1;0;0;0
"11/11/2019";"05:44:00";"362";"com vítima";"466.517";"BR-163/MS";"Sul";"Tombamento de moto";0;0;0;1;0;0;0;0;0;0;0;1;0;0;0
"11/11/2019";"07:21:00";"393";"sem vítima";"834.848";"BR-163/MS";"Norte";"Atropelamento de animais";1;0;0;0;0;0;0;0;0;0;5;0;0;0;0
"12/11/2019";"01:24:00";"6";"sem vítima";"660.989";"BR-163/MS";"Sul";"Colisão c/ obstáculos";1;0;0;0;0;0;0;0;0;0;1;0;0;0;0
"12/11/2019";"04:17:00";"11";"com vítima";"86.74";"BR-163/MS";"Sul";"Capotamento";1;0;0;0;0;0;0;0;0;0;2;0;1;0;0
"12/11/2019";"09:24:00";"392";"com vítima";"43";"BR-163/MS";"Norte";"Tombamento";0;0;0;1;0;1;0;0;0;0;1;1;0;1;0
"13/11/2019";"12:42:00";"241";"sem vítima";"207.34";"BR-163/MS";"Norte";"Colisão c/ obstáculos";0;0;1;0;0;1;0;0;0;0;2;0;0;0;0
"13/11/2019";"05:27:00";"346";"sem vítima";"475.5";"BR-163/MS";"Sul";"Colisão lateral no sentido contrário";2;0;0;0;0;0;0;0;0;0;3;0;0;0;0
"13/11/2019";"06:44:00";"367";"sem vítima";"565.97";"BR-163/MS";"Norte";"Colisão com veículos (traseira)";0;0;0;0;0;0;0;0;0;2;4;0;0;0;0
"13/11/2019";"07:00:00";"373";"sem vítima";"544.547";"BR-163/MS";"Norte";"Colisão lateral no mesmo sentido";1;0;1;0;0;0;0;0;0;0;3;0;0;0;0
"14/11/2019";"02:11:00";"249";"sem vítima";"600.697";"BR-163/MS";"Sul";"Colisão com veículos (traseira)";0;0;0;0;0;0;0;0;0;2;3;0;0;0;0
"14/11/2019";"08:55:00";"386";"sem vítima";"303.237";"BR-163/MS";"Norte";"Atropelamento de animais";0;0;0;0;0;0;0;0;0;1;2;0;0;0;0
"14/11/2019";"10:09:00";"393";"sem vítima";"407.294";"BR-163/MS";"Sul";"Atropelamento de animais";1;0;0;0;0;0;0;0;0;0;2;0;0;0;0
"15/11/2019";"04:47:00";"20";"com vítima";"191";"BR-163/MS";"Sul";"Tombamento de moto";0;0;0;1;0;0;0;0;0;0;0;1;0;0;0
"15/11/2019";"07:38:00";"329";"sem vítima";"528";"BR-163/MS";"Norte";"Saídas de pista";1;0;0;0;0;0;0;0;0;0;1;0;0;0;0
"16/11/2019";"05:17:00";"34";"sem vítima";"219.57";"BR-163/MS";"Sul";"Colisão c/ obstáculos";1;0;0;0;0;0;0;0;0;0;2;0;0;0;0
"16/11/2019";"11:21:00";"150";"com vítima";"555.55";"BR-163/MS";"Norte";"Tombamento";0;0;1;0;0;2;0;0;0;0;2;1;0;0;0
"16/11/2019";"04:18:00";"238";"sem vítima";"144";"BR-163/MS";"Norte";"Saídas de pista";1;0;0;0;0;0;0;0;0;0;2;0;0;0;0
"16/11/2019";"07:51:00";"306";"sem vítima";"756.24";"BR-163/MS";"Norte";"Atropelamento de animais";0;0;0;0;0;0;0;0;0;1;2;0;0;0;0
"17/11/2019";"10:44:00";"132";"com vítima";"260.311";"BR-163/MS";"Norte";"Colisão com veículos (traseira)";0;0;0;2;0;0;0;0;0;0;1;1;0;0;0
"17/11/2019";"03:45:00";"231";"sem vítima";"470";"BR-163/MS";"Norte";"Colisão lateral no sentido contrário";0;0;0;1;0;0;0;0;0;1;3;0;0;0;0
"17/11/2019";"04:59:00";"251";"com vítima";"626.203";"BR-163/MS";"Sul";"Colisão com veículos (traseira)";0;0;0;0;0;0;0;0;0;2;0;2;0;0;0
"17/11/2019";"06:43:00";"282";"sem vítima";"260.117";"BR-163/MS";"Sul";"Colisão c/ obstáculos";1;0;0;0;0;0;0;0;0;0;1;0;0;0;0
"17/11/2019";"06:49:00";"286";"com vítima";"175.122";"BR-163/MS";"Sul";"Colisão com veículos (traseira)";0;0;0;1;0;0;0;0;0;1;1;1;1;0;0
"17/11/2019";"07:12:00";"294";"sem vítima";"558.556";"BR-163/MS";"Sul";"Tombamento";0;0;1;0;0;0;0;0;0;0;3;0;0;0;0
"18/11/2019";"10:00:00";"147";"com vítima";"27.674";"BR-163/MS";"Norte";"Tombamento de moto";0;0;0;1;0;0;0;0;0;0;0;1;0;0;0
"18/11/2019";"07:08:00";"332";"sem vítima";"262.44";"BR-163/MS";"Norte";"Colisão com veículos (traseira)";1;0;0;0;0;0;0;0;0;1;2;0;0;0;0
"18/11/2019";"10:34:00";"360";"sem vítima";"796.52";"BR-163/MS";"Sul";"Atropelamento de animais";0;0;1;0;0;0;0;0;0;0;2;0;0;0;0
"19/11/2019";"02:13:00";"257";"sem vítima";"434.9";"BR-163/MS";"Sul";"Saídas de pista";1;0;0;0;0;0;0;0;0;0;2;0;0;0;0
"19/11/2019";"02:43:00";"269";"sem vítima";"648.99";"BR-163/MS";"Sul";"Tombamento";0;0;1;0;0;2;0;0;0;0;3;0;0;0;0
"19/11/2019";"06:36:00";"373";"com vítima";"21";"BR-163/MS";"Sul";"Colisão com veículos (traseira)";1;0;0;0;0;0;0;0;0;1;1;1;0;0;0
"20/11/2019";"07:17:00";"77";"sem vítima";"526.3";"BR-163/MS";"Sul";"Tombamento";0;0;1;0;0;0;0;0;0;0;1;0;0;0;0
"20/11/2019";"07:15:00";"370";"com vítima";"258";"BR-163/MS";"Norte";"Atropelamento de pedestre";1;1;0;0;0;0;0;0;0;0;3;1;0;0;0
"21/11/2019";"05:49:00";"53";"com vítima";"735.802";"BR-163/MS";"Sul";"Tombamento";0;0;1;0;0;1;0;0;0;0;1;1;0;0;0
"21/11/2019";"05:35:00";"351";"sem vítima";"19.199";"BR-163/MS";"Norte";"Colisão c/ obstáculos";0;0;0;0;0;0;0;0;0;1;1;0;0;0;0
"22/11/2019";"01:39:00";"211";"sem vítima";"520.442";"BR-163/MS";"Norte";"Tombamento";0;0;1;0;0;0;0;0;0;0;1;0;0;0;0
"22/11/2019";"04:18:00";"277";"sem vítima";"616.821";"BR-163/MS";"Norte";"Saídas de pista";0;0;1;0;0;1;0;0;0;0;2;0;0;0;0
"22/11/2019";"09:27:00";"361";"sem vítima";"711.5";"BR-163/MS";"Norte";"Atropelamento de animais";0;0;0;0;0;0;0;0;0;1;1;0;0;0;0
"23/11/2019";"04:05:00";"23";"sem vítima";"195.739";"BR-163/MS";"Norte";"Capotamento";0;0;1;0;0;2;0;0;0;0;3;0;0;0;0
"23/11/2019";"05:45:00";"34";"sem vítima";"647.147";"BR-163/MS";"Sul";"Colisão c/ obstáculos";0;0;0;0;0;0;0;0;0;1;3;0;0;0;0
"23/11/2019";"06:49:00";"45";"com vítima";"364.186";"BR-163/MS";"Norte";"Tombamento de moto";0;0;0;1;0;0;0;0;0;0;1;1;0;0;0
"23/11/2019";"10:32:00";"341";"sem vítima";"564.541";"BR-163/MS";"Norte";"Saídas de pista";1;0;0;0;0;0;0;0;0;0;1;0;0;0;0
"23/11/2019";"11:04:00";"345";"com vítima";"774";"BR-163/MS";"Norte";"Tombamento de moto";0;0;0;1;0;0;0;0;0;0;0;0;1;1;0
"24/11/2019";"03:48:00";"20";"sem vítima";"401.989";"BR-163/MS";"Norte";"Saídas de pista";0;0;1;0;0;2;0;0;0;0;4;0;0;0;0
"24/11/2019";"07:19:00";"60";"com vítima";"87.907";"BR-163/MS";"Sul";"Capotamento";1;0;0;0;0;0;0;0;0;0;0;1;0;0;0
"24/11/2019";"07:20:00";"61";"com vítima";"52.303";"BR-163/MS";"Sul";"Colisão com veículos (frontal)";2;0;0;0;0;0;0;0;0;0;0;0;3;2;1
"24/11/2019";"07:28:00";"66";"com vítima";"838.9";"BR-163/MS";"Norte";"Tombamento";0;0;1;0;0;1;0;0;0;0;1;2;0;0;0
"24/11/2019";"11:05:00";"129";"com vítima";"146.546";"BR-163/MS";"Norte";"Colisão lateral no mesmo sentido";1;0;2;0;0;2;0;0;0;0;4;0;0;1;3
"24/11/2019";"05:59:00";"222";"sem vítima";"227";"BR-163/MS";"Norte";"Colisão com veículos (traseira)";1;0;1;0;0;0;0;0;0;0;3;0;0;0;0
"25/11/2019";"12:18:00";"3";"sem vítima";"283.25";"BR-163/MS";"Norte";"Colisão lateral no mesmo sentido";1;0;0;0;0;1;0;0;0;1;5;0;0;0;0
"25/11/2019";"04:18:00";"22";"sem vítima";"824.109";"BR-163/MS";"Sul";"Atropelamento de animais";1;0;0;0;0;0;0;0;0;0;4;0;0;0;0
"25/11/2019";"05:27:00";"37";"com vítima";"615.655";"BR-163/MS";"Norte";"Colisão lateral no sentido contrário";0;0;0;1;0;0;0;0;0;1;1;0;1;0;0
"25/11/2019";"05:33:00";"41";"com vítima";"775";"BR-163/MS";"Norte";"Colisão com veículos (traseira)";0;0;1;1;0;0;0;0;0;0;1;0;1;0;0
"25/11/2019";"08:47:00";"125";"com vítima";"182";"BR-163/MS";"Sul";"Tombamento";0;0;1;0;0;0;0;0;0;0;0;1;0;0;0
"25/11/2019";"06:17:00";"333";"com vítima";"486.1";"BR-163/MS";"Norte";"Colisão lateral no sentido contrário";1;1;0;0;0;0;0;0;0;0;2;1;0;0;0
"26/11/2019";"12:46:00";"199";"sem vítima";"12.75";"BR-163/MS";"Norte";"Saídas de pista";1;0;0;0;0;0;0;0;0;0;1;0;0;0;0
"26/11/2019";"02:43:00";"224";"sem vítima";"366.525";"BR-163/MS";"Sul";"Colisão com veículos (traseira)";2;0;0;0;0;0;0;0;0;0;4;0;0;0;0
"26/11/2019";"07:25:00";"286";"sem vítima";"726";"BR-163/MS";"Sul";"Colisão lateral no sentido contrário";0;0;1;0;0;0;0;0;0;1;3;0;0;0;0
"26/11/2019";"08:37:00";"302";"com vítima";"238.546";"BR-163/MS";"Norte";"Colisão c/ obstáculos";0;0;1;0;0;0;0;0;0;0;0;1;0;0;0
"26/11/2019";"11:05:00";"322";"com vítima";"445";"BR-163/MS";"Norte";"Atropelamento de animais";1;0;0;0;0;0;0;0;0;0;2;2;0;0;0
"27/11/2019";"12:54:00";"185";"com vítima";"481.357";"BR-163/MS";"Norte";"Colisão c/ obstáculos";1;0;0;0;0;0;0;0;0;0;1;2;0;0;0
"27/11/2019";"01:58:00";"203";"sem vítima";"364";"BR-163/MS";"Norte";"Tombamento";0;0;1;0;0;1;0;0;0;0;2;0;0;0;0
"27/11/2019";"09:24:00";"315";"sem vítima";"565";"BR-163/MS";"Norte";"Colisão com veículos (traseira)";0;0;2;0;0;2;0;0;0;0;5;0;0;0;0
"28/11/2019";"01:41:00";"7";"sem vítima";"238.623";"BR-163/MS";"Norte";"Tombamento";0;0;1;0;0;0;0;0;0;0;1;0;0;0;0
"29/11/2019";"03:32:00";"19";"com vítima";"466.948";"BR-163/MS";"Sul";"Atropelamento de pedestre";0;0;0;0;0;1;0;0;0;0;1;0;0;0;1
"29/11/2019";"03:21:00";"280";"com vítima";"36.643";"BR-163/MS";"Norte";"Tombamento";0;0;1;0;0;1;0;0;0;0;1;0;1;0;0
"29/11/2019";"04:53:00";"307";"sem vítima";"523";"BR-163/MS";"Norte";"Outros";1;0;0;0;0;0;0;0;0;0;1;0;0;0;0
"29/11/2019";"06:06:00";"335";"sem vítima";"260.848";"BR-163/MS";"Sul";"Atropelamento de animais";1;0;0;0;0;0;0;0;0;0;1;0;0;0;0
"29/11/2019";"07:26:00";"358";"com vítima";"486";"BR-163/MS";"Norte";"Capotamento";0;0;1;0;0;0;0;0;0;1;1;0;0;4;0
"30/11/2019";"01:40:00";"11";"sem vítima";"650";"BR-163/MS";"Sul";"Colisão c/ obstáculos";1;0;0;0;0;0;0;0;0;0;5;0;0;0;0
"30/11/2019";"04:01:00";"250";"sem vítima";"136.45";"BR-163/MS";"Sul";"Tombamento";0;0;1;0;0;2;0;0;0;0;5;0;0;0;0
"01/12/2019";"08:06:00";"264";"com vítima";"365.509";"BR-163/MS";"Norte";"Tombamento de moto";0;0;0;1;0;0;0;0;0;0;0;1;0;0;0
"01/12/2019";"08:44:00";"275";"com vítima";"213.531";"BR-163/MS";"Norte";"Colisão com veículos (traseira)";1;0;0;0;0;0;0;0;0;1;1;3;3;0;0
"02/12/2019";"08:08:00";"72";"sem vítima";"466.458";"BR-163/MS";"Sul";"Colisão com veículos (traseira)";2;0;0;0;0;1;0;0;0;0;4;0;0;0;0
"02/12/2019";"11:37:00";"170";"sem vítima";"666.104";"BR-163/MS";"Norte";"Tombamento";0;0;1;0;0;1;0;0;0;0;2;0;0;0;0
"02/12/2019";"02:28:00";"222";"sem vítima";"551.95";"BR-163/MS";"Norte";"Saídas de pista";1;0;0;0;0;0;0;0;0;0;2;0;0;0;0
"02/12/2019";"08:15:00";"341";"com vítima";"682.252";"BR-163/MS";"Sul";"Tombamento";0;0;0;1;0;0;0;0;0;0;0;1;0;0;0
"02/12/2019";"10:53:00";"360";"sem vítima";"466.629";"BR-163/MS";"Sul";"Tombamento";0;0;1;0;0;3;0;0;0;0;4;0;0;0;0
"03/12/2019";"03:14:00";"15";"com vítima";"783";"BR-163/MS";"Norte";"Saídas de pista";1;0;0;0;0;0;0;0;0;0;0;2;0;0;0
"03/12/2019";"06:25:00";"51";"sem vítima";"462";"BR-163/MS";"Norte";"Colisão lateral no mesmo sentido";1;0;1;0;0;2;0;0;0;0;5;0;0;0;0
"04/12/2019";"03:55:00";"16";"sem vítima";"252.274";"BR-163/MS";"Norte";"Capotamento";1;0;0;0;0;0;0;0;0;0;1;0;0;0;0
"04/12/2019";"07:31:00";"349";"com vítima";"88.842";"BR-163/MS";"Norte";"Tombamento";0;0;1;0;0;1;0;0;0;0;1;1;1;0;0
"05/12/2019";"06:23:00";"36";"sem vítima";"507.878";"BR-163/MS";"Sul";"Colisão c/ obstáculos";1;0;0;0;0;0;0;0;0;0;1;0;0;0;0
"05/12/2019";"12:15:00";"201";"sem vítima";"20.185";"BR-163/MS";"Norte";"Tombamento";0;0;1;0;0;2;0;0;0;0;3;0;0;0;0
"05/12/2019";"06:23:00";"327";"com vítima";"500";"BR-163/MS";"Sul";"Colisão lateral no sentido contrário";0;0;0;1;0;0;0;0;0;1;2;1;0;0;0
"05/12/2019";"09:54:00";"367";"sem vítima";"11.183";"BR-163/MS";"Norte";"Tombamento de moto";0;0;0;1;0;0;0;0;0;0;1;0;0;0;0
"06/12/2019";"07:30:00";"78";"com vítima";"475.728";"BR-163/MS";"Sul";"Colisão lateral no sentido contrário";1;0;0;1;0;0;0;0;0;0;2;1;0;0;0
"06/12/2019";"02:55:00";"248";"sem vítima";"39.3";"BR-163/MS";"Norte";"Colisão lateral no mesmo sentido";2;0;0;0;0;0;0;0;0;0;3;0;0;0;0
"06/12/2019";"02:58:00";"252";"com vítima";"567.628";"BR-163/MS";"Sul";"Capotamento";1;0;0;0;0;0;0;0;0;0;1;1;0;0;0
"06/12/2019";"03:35:00";"263";"sem vítima";"475.32";"BR-163/MS";"Sul";"Colisão com veículos (traseira)";1;0;0;0;0;1;0;0;0;1;20;0;0;0;0
"06/12/2019";"10:48:00";"368";"com vítima";"266.9";"BR-163/MS";"Sul";"Tombamento de moto";0;0;0;1;0;0;0;0;0;0;0;1;0;0;0
"07/12/2019";"11:46:00";"184";"sem vítima";"487";"BR-163/MS";"Norte";"Colisão lateral no sentido contrário";1;0;0;1;0;0;0;0;0;0;4;0;0;0;0
"07/12/2019";"12:43:00";"199";"com vítima";"255.89";"BR-163/MS";"Sul";"Colisão lateral no mesmo sentido";0;1;1;0;1;1;0;0;0;0;3;1;0;0;0
"07/12/2019";"08:50:00";"322";"com vítima";"171";"BR-163/MS";"Sul";"Colisão lateral no sentido contrário";1;0;0;0;0;1;0;0;0;0;4;1;0;0;0
"08/12/2019";"01:22:00";"172";"sem vítima";"617.155";"BR-163/MS";"Norte";"Colisão com veículos (traseira)";0;0;1;0;0;2;0;0;0;1;4;0;0;0;0
"08/12/2019";"02:48:00";"201";"sem vítima";"40.346";"BR-163/MS";"Norte";"Colisão c/ obstáculos";0;0;0;0;0;0;0;0;0;1;2;0;0;0;0
"08/12/2019";"04:32:00";"239";"com vítima";"425.747";"BR-163/MS";"Sul";"Capotamento";1;0;0;0;0;1;0;0;0;0;3;3;0;0;0
"08/12/2019";"06:28:00";"283";"com vítima";"357.327";"BR-163/MS";"Norte";"Engavetamento";0;0;0;1;0;0;0;0;0;0;0;2;0;0;0
"08/12/2019";"08:04:00";"301";"sem vítima";"207.15";"BR-163/MS";"Norte";"Colisão c/ obstáculos";0;0;1;0;0;0;0;0;0;0;1;0;0;0;0
"08/12/2019";"08:15:00";"306";"com vítima";"28.828";"BR-163/MS";"Norte";"Tombamento de moto";0;0;0;1;0;0;0;0;0;0;0;2;0;0;0
"09/12/2019";"08:47:00";"88";"sem vítima";"485.63";"BR-163/MS";"Norte";"Engavetamento";3;0;0;0;0;0;0;0;0;0;4;0;0;0;0
"09/12/2019";"11:41:00";"158";"sem vítima";"607.752";"BR-163/MS";"Norte";"Saídas de pista";0;0;0;0;0;0;0;0;0;1;1;0;0;0;0
"09/12/2019";"01:58:00";"200";"com vítima";"258.237";"BR-163/MS";"Norte";"Colisão com veículos (traseira)";2;0;0;0;0;0;0;0;0;0;2;1;0;0;0
"09/12/2019";"07:48:00";"345";"com vítima";"275.995";"BR-163/MS";"Norte";"Colisão com veículos (traseira)";1;0;0;1;0;0;0;0;0;0;1;1;0;0;0
"09/12/2019";"11:30:00";"367";"sem vítima";"719.445";"BR-163/MS";"Norte";"Colisão lateral no mesmo sentido";1;0;0;0;0;1;0;0;0;0;5;0;0;0;0
"10/12/2019";"10:50:00";"240";"com vítima";"650.33";"BR-163/MS";"Norte";"Colisão c/ obstáculos";0;0;0;1;0;0;0;0;0;0;0;0;1;0;0
"10/12/2019";"05:36:00";"416";"sem vítima";"242.9";"BR-163/MS";"Norte";"Capotamento";1;0;0;0;0;0;0;0;0;0;3;0;0;0;0
"10/12/2019";"06:54:00";"438";"sem vítima";"457";"BR-163/MS";"Norte";"Colisão c/ obstáculos";1;0;0;0;0;0;0;0;0;0;2;0;0;0;0
"10/12/2019";"07:49:00";"451";"com vítima";"436.112";"BR-163/MS";"Norte";"Atropelamento de animais";1;0;0;0;0;0;0;0;0;0;0;1;0;0;0
"10/12/2019";"10:55:00";"483";"sem vítima";"439.8";"BR-163/MS";"Norte";"Atropelamento de animais";0;0;0;0;0;0;0;0;0;1;1;0;0;0;0
"11/12/2019";"05:24:00";"34";"sem vítima";"650.7";"BR-163/MS";"Norte";"Capotamento";1;0;0;0;0;0;0;0;0;0;2;0;0;0;0
"11/12/2019";"04:48:00";"303";"com vítima";"258.219";"BR-163/MS";"Sul";"Colisão lateral no sentido contrário";0;0;0;1;0;0;0;0;0;1;1;1;0;0;0
"11/12/2019";"08:23:00";"362";"com vítima";"479";"BR-163/MS";"Sul";"Tombamento de moto";0;0;0;1;0;0;0;0;0;0;0;0;0;1;0
"11/12/2019";"09:24:00";"376";"com vítima";"207";"BR-163/MS";"Norte";"Tombamento de moto";0;0;0;1;0;0;0;0;0;0;0;2;0;0;0
"11/12/2019";"10:00:00";"379";"sem vítima";"586";"BR-163/MS";"Norte";"Atropelamento de animais";1;0;0;0;0;0;0;0;0;0;1;0;0;0;0
"12/12/2019";"02:26:00";"11";"sem vítima";"124.67";"BR-163/MS";"Sul";"Atropelamento de animais";0;0;1;0;0;0;0;0;0;0;1;0;0;0;0
"12/12/2019";"02:17:00";"267";"com vítima";"192";"BR-163/MS";"Norte";"Saídas de pista";1;0;0;0;0;0;0;0;0;0;3;1;0;0;0
"12/12/2019";"04:57:00";"336";"sem vítima";"484.837";"BR-163/MS";"Norte";"Engavetamento";1;0;0;0;0;0;0;0;0;2;5;0;0;0;0
"12/12/2019";"04:58:00";"337";"com vítima";"485.216";"BR-163/MS";"Norte";"Colisão com veículos (traseira)";2;0;0;0;0;0;0;0;0;0;2;1;0;0;0
"12/12/2019";"06:59:00";"376";"sem vítima";"258";"BR-163/MS";"Norte";"Colisão lateral no mesmo sentido";2;0;0;0;0;0;0;0;0;0;4;0;0;0;0
"12/12/2019";"07:10:00";"381";"com vítima";"481.68";"BR-163/MS";"Norte";"Colisão com veículos (frontal)";1;0;1;0;0;0;0;0;0;0;1;0;0;0;1
"12/12/2019";"07:12:00";"382";"com vítima";"484";"BR-163/MS";"Sul";"Atropelamento de pedestre";0;0;0;1;0;0;0;0;0;0;0;1;0;1;0
"13/12/2019";"09:06:00";"114";"com vítima";"586";"BR-163/MS";"Norte";"Tombamento de moto";0;0;0;1;0;0;0;0;0;0;1;1;0;0;0
"13/12/2019";"01:22:00";"242";"sem vítima";"196.949";"BR-163/MS";"Norte";"Saídas de pista";1;0;0;0;0;0;0;0;0;0;2;0;0;0;0
"13/12/2019";"02:59:00";"291";"com vítima";"513.644";"BR-163/MS";"Sul";"Tombamento de moto";0;0;0;1;0;0;0;0;0;0;0;1;0;0;0
"13/12/2019";"08:50:00";"412";"sem vítima";"607.5";"BR-163/MS";"Sul";"Atropelamento de animais";0;0;0;0;0;0;0;0;0;1;1;0;0;0;0
"14/12/2019";"09:40:00";"144";"sem vítima";"313";"BR-163/MS";"Norte";"Colisão com veículos (traseira)";0;0;1;0;0;0;0;0;0;1;2;0;0;0;0
"14/12/2019";"04:26:00";"293";"sem vítima";"484.384";"BR-163/MS";"Norte";"Colisão lateral no sentido contrário";0;0;0;0;0;0;0;0;0;2;4;0;0;0;0
"14/12/2019";"05:43:00";"320";"sem vítima";"600.568";"BR-163/MS";"Sul";"Colisão c/ obstáculos";0;0;0;0;0;0;0;0;0;1;2;0;0;0;0
"15/12/2019";"03:39:00";"16";"com vítima";"67.749";"BR-163/MS";"Norte";"Capotamento";1;0;0;0;0;0;0;0;0;0;0;2;0;0;0
"15/12/2019";"08:04:00";"312";"com vítima";"466.927";"BR-163/MS";"Norte";"Tombamento de moto";0;0;0;1;0;0;0;0;0;0;0;1;0;0;0
"16/12/2019";"06:52:00";"45";"com vítima";"255.981";"BR-163/MS";"Norte";"Colisão lateral no sentido contrário";1;0;0;1;0;0;0;0;0;0;1;1;0;0;0
"16/12/2019";"04:22:00";"270";"com vítima";"406";"BR-163/MS";"Norte";"Tombamento de moto";0;0;0;1;0;0;0;0;0;0;0;1;0;0;0
"16/12/2019";"05:18:00";"298";"sem vítima";"487.454";"BR-163/MS";"Sul";"Colisão com veículos (traseira)";1;0;1;0;0;0;0;0;0;0;3;0;0;0;0
"16/12/2019";"09:04:00";"342";"sem vítima";"546.114";"BR-163/MS";"Norte";"Atropelamento de animais";1;0;0;0;0;0;0;0;0;0;4;0;0;0;0
"17/12/2019";"06:38:00";"53";"sem vítima";"52";"BR-163/MS";"Sul";"Saídas de pista";1;0;0;0;0;0;0;0;0;0;1;0;0;0;0
"17/12/2019";"10:20:00";"178";"com vítima";"661.585";"BR-163/MS";"Sul";"Capotamento";1;0;0;0;0;0;0;0;0;0;0;1;0;0;0
"17/12/2019";"12:39:00";"216";"sem vítima";"720.954";"BR-163/MS";"Sul";"Saídas de pista";1;0;0;0;0;0;0;0;0;0;2;0;0;0;0
"17/12/2019";"03:57:00";"283";"com vítima";"553.933";"BR-163/MS";"Sul";"Tombamento de moto";0;0;0;1;0;0;0;0;0;0;0;0;1;0;0
"17/12/2019";"05:29:00";"310";"sem vítima";"485";"BR-163/MS";"Norte";"Colisão com veículos (traseira)";1;0;1;0;0;0;0;0;0;0;7;0;0;0;0
"17/12/2019";"05:50:00";"319";"sem vítima";"481.686";"BR-163/MS";"Norte";"Tombamento de moto";0;0;0;1;0;0;0;0;0;0;2;0;0;0;0
"17/12/2019";"08:59:00";"361";"com vítima";"667.8";"BR-163/MS";"Norte";"Colisão c/ obstáculos";2;0;0;0;0;1;0;0;0;0;4;3;1;0;0
"18/12/2019";"04:47:00";"23";"sem vítima";"731.728";"BR-163/MS";"Sul";"Colisão com veículos (traseira)";0;0;1;0;0;1;0;0;0;1;8;0;0;0;0
"18/12/2019";"04:41:00";"358";"sem vítima";"262";"BR-163/MS";"Norte";"Saídas de pista";1;0;0;0;0;1;0;0;0;0;4;0;0;0;0
"18/12/2019";"05:27:00";"386";"sem vítima";"325";"BR-163/MS";"Sul";"Colisão com veículos (traseira)";0;0;1;0;0;0;0;0;0;1;2;0;0;0;0
"19/12/2019";"04:26:00";"25";"com vítima";"384.55";"BR-163/MS";"Sul";"Colisão lateral no mesmo sentido";1;0;1;0;0;0;0;0;0;0;1;1;0;0;0
"19/12/2019";"07:38:00";"93";"com vítima";"482.926";"BR-163/MS";"Norte";"Tombamento de moto";0;0;0;1;0;0;0;0;0;0;1;1;0;0;0
"19/12/2019";"11:07:00";"217";"sem vítima";"484.408";"BR-163/MS";"Norte";"Colisão lateral no sentido contrário";1;0;1;0;0;0;0;0;0;0;3;0;0;0;0
"19/12/2019";"11:32:00";"224";"com vítima";"175.982";"BR-163/MS";"Norte";"Saídas de pista";1;0;0;0;0;0;0;0;0;0;3;0;1;1;0
"19/12/2019";"01:14:00";"254";"sem vítima";"348.253";"BR-163/MS";"Norte";"Colisão c/ obstáculos";1;0;0;0;0;0;0;0;0;0;5;0;0;0;0
"19/12/2019";"07:22:00";"403";"com vítima";"364.184";"BR-163/MS";"Norte";"Atropelamento de pedestre";1;1;0;0;0;0;0;0;0;0;1;1;0;0;0
"20/12/2019";"12:12:00";"5";"sem vítima";"399.79";"BR-163/MS";"Sul";"Atropelamento de animais";1;0;0;0;0;0;0;0;0;0;3;0;0;0;0
"20/12/2019";"02:32:00";"276";"com vítima";"485";"BR-163/MS";"Norte";"Colisão com veículos (traseira)";1;0;0;0;0;0;0;0;0;1;2;1;0;0;0
"20/12/2019";"02:39:00";"282";"sem vítima";"270";"BR-163/MS";"Norte";"Colisão lateral no sentido contrário";1;0;0;0;0;0;0;0;0;1;6;0;0;0;0
"20/12/2019";"02:47:00";"288";"sem vítima";"355";"BR-163/MS";"Norte";"Tombamento";0;0;1;0;0;0;0;0;0;0;1;0;0;0;0
"21/12/2019";"06:08:00";"46";"com vítima";"477.973";"BR-163/MS";"Sul";"Colisão lateral no mesmo sentido";1;0;0;1;0;0;0;0;0;0;4;1;0;0;0