data;horario;n_da_ocorrencia;tipo_de_ocorrencia;km;trecho;sentido;tipo_de_acidente;automovel;bicicleta;caminhao;moto;onibus;outros;tracao_animal;transporte_de_cargas_especiais;trator_maquinas;utilitarios;ilesos;levemente_feridos;moderadamente_feridos;gravemente_feridos;mortos
"23/06/2020";"09:05:00";"370";"sem vítima";"436.192";"BR-163/MS";"Sul";"Atropelamento de animais";1;0;0;0;0;0;0;0;0;0;3;0;0;0;0
"23/06/2020";"10:45:00";"390";"sem vítima";"564.275";"BR-163/MS";"Sul";"Saídas de pista";2;0;0;0;0;1;0;0;0;0;3;0;0;0;0
"25/06/2020";"08:20:00";"113";"com vítima";"769.3";"BR-163/MS";"Norte";"Capotamento";1;0;0;0;0;0;0;0;0;0;0;1;1;0;0
"25/06/2020";"12:26:00";"231";"com vítima";"134.97";"BR-163/MS";"Norte";"Capotamento";0;0;0;0;0;0;0;0;0;1;0;1;0;0;0
"25/06/2020";"06:36:00";"344";"sem vítima";"443";"BR-163/MS";"Norte";"Atropelamento de animais";1;0;0;0;0;0;0;0;0;0;2;0;0;0;0
"26/06/2020";"07:44:00";"81";"com vítima";"596.116";"BR-163/MS";"Norte";"Colisão com veículos (traseira)";0;0;1;0;0;1;0;0;0;1;2;1;0;0;0
"26/06/2020";"02:01:00";"230";"com vítima";"707.139";"BR-163/MS";"Sul";"Tombamento de moto";0;0;0;1;0;0;0;0;0;0;0;2;0;0;0
"27/06/2020";"03:57:00";"19";"sem vítima";"154.468";"BR-163/MS";"Sul";"Saídas de pista";0;0;1;0;0;0;0;0;0;0;2;0;0;0;0
"27/06/2020";"05:31:00";"33";"sem vítima";"773.14";"BR-163/MS";"Sul";"Tombamento";0;0;2;0;0;2;0;0;0;0;5;0;0;0;0
"27/06/2020";"05:46:00";"35";"com vítima";"570.845";"BR-163/MS";"Sul";"Capotamento";1;0;0;0;0;0;0;0;0;0;0;2;0;0;0
"27/06/2020";"08:51:00";"82";"sem vítima";"487";"BR-163/MS";"Norte";"Colisão c/ obstáculos";0;0;1;0;0;0;0;0;0;0;1;0;0;0;0
"27/06/2020";"09:00:00";"84";"com vítima";"515";"BR-163/MS";"Norte";"Tombamento de moto";0;0;0;1;0;0;0;0;0;0;0;1;0;0;0
"27/06/2020";"11:09:00";"124";"com vítima";"149.518";"BR-163/MS";"Norte";"Colisão lateral no mesmo sentido";0;0;0;1;0;0;0;0;0;1;2;1;0;0;0
"27/06/2020";"02:27:00";"170";"sem vítima";"484";"BR-163/MS";"Norte";"Colisão lateral no sentido contrário";2;0;0;0;0;1;0;0;0;0;4;0;0;0;0
"27/06/2020";"05:50:00";"231";"sem vítima";"175.555";"BR-163/MS";"Norte";"Saídas de pista";1;0;0;0;0;0;0;0;0;0;2;0;0;0;0
"27/06/2020";"06:37:00";"239";"sem vítima";"742";"BR-163/MS";"Sul";"Atropelamento de animais";0;0;0;0;0;0;0;0;0;1;2;0;0;0;0
"27/06/2020";"07:04:00";"247";"com vítima";"253.299";"BR-163/MS";"Sul";"Tombamento de moto";0;0;0;1;0;0;0;0;0;0;0;1;0;0;0
"28/06/2020";"02:06:00";"15";"sem vítima";"664.178";"BR-163/MS";"Sul";"Atropelamento de animais";1;0;0;0;0;0;0;0;0;0;1;0;0;0;0
"28/06/2020";"12:48:00";"147";"com vítima";"276.881";"BR-163/MS";"Sul";"Capotamento";0;0;0;0;0;0;0;0;0;1;0;1;0;0;0
"28/06/2020";"01:52:00";"161";"com vítima";"834.837";"BR-163/MS";"Norte";"Colisão lateral no mesmo sentido";0;0;1;1;0;2;0;0;0;0;3;0;1;0;0
"28/06/2020";"03:27:00";"193";"sem vítima";"613";"BR-163/MS";"Norte";"Colisão lateral no mesmo sentido";1;0;1;0;0;0;0;0;0;1;5;0;0;0;0
"29/06/2020";"07:17:00";"63";"sem vítima";"478";"BR-163/MS";"Sul";"Colisão lateral no mesmo sentido";2;0;0;0;0;0;0;0;0;0;3;0;0;0;0
"29/06/2020";"07:52:00";"85";"sem vítima";"136.121";"BR-163/MS";"Norte";"Tombamento";0;0;0;0;0;0;0;0;0;1;1;0;0;0;0
"29/06/2020";"08:19:00";"372";"sem vítima";"263.219";"BR-163/MS";"Norte";"Atropelamento de animais";1;0;0;0;0;0;0;0;0;0;2;0;0;0;0
"30/06/2020";"12:13:00";"215";"com vítima";"77.786";"BR-163/MS";"Sul";"Colisão lateral no sentido contrário";0;0;0;1;0;0;0;0;0;1;1;0;1;0;0
"30/06/2020";"02:02:00";"258";"sem vítima";"447.5";"BR-163/MS";"Norte";"Tombamento";0;0;1;0;0;0;0;0;0;0;1;0;0;0;0
"30/06/2020";"03:23:00";"294";"com vítima";"279.699";"BR-163/MS";"Sul";"Colisão c/ obstáculos";0;0;1;0;0;1;0;0;0;1;2;1;0;0;0
"30/06/2020";"11:26:00";"442";"sem vítima";"596";"BR-163/MS";"Norte";"Saídas de pista";0;0;1;0;0;0;0;0;0;0;1;0;0;0;0
"01/07/2020";"02:35:00";"259";"sem vítima";"25.122";"BR-163/MS";"Norte";"Colisão com veículos (traseira)";0;0;2;0;0;1;0;0;0;0;3;0;0;0;0
"01/07/2020";"06:46:00";"341";"sem vítima";"720.456";"BR-163/MS";"Sul";"Atropelamento de animais";0;0;1;0;0;0;0;0;0;0;2;0;0;0;0
"01/07/2020";"07:24:00";"348";"sem vítima";"362.544";"BR-163/MS";"Sul";"Atropelamento de animais";0;0;0;0;0;0;0;0;0;1;1;0;0;0;0
"01/07/2020";"07:45:00";"356";"sem vítima";"528.109";"BR-163/MS";"Sul";"Colisão lateral no mesmo sentido";1;0;1;0;0;0;0;0;0;0;2;0;0;0;0
"01/07/2020";"10:53:00";"388";"sem vítima";"175.657";"BR-163/MS";"Sul";"Atropelamento de animais";0;0;0;0;0;0;0;0;0;1;2;0;0;0;0
"01/07/2020";"11:03:00";"391";"sem vítima";"226.129";"BR-163/MS";"Norte";"Atropelamento de animais";1;0;0;0;0;0;0;0;0;0;2;0;0;0;0
"02/07/2020";"07:36:00";"65";"com vítima";"263.22";"BR-163/MS";"Norte";"Colisão lateral no mesmo sentido";0;0;0;2;0;0;0;0;0;0;0;2;0;0;0
"02/07/2020";"05:39:00";"302";"sem vítima";"6.134";"BR-163/MS";"Norte";"Colisão com veículos (traseira)";1;0;0;0;0;1;0;0;0;0;2;0;0;0;0
"03/07/2020";"12:11:00";"4";"sem vítima";"604.115";"BR-163/MS";"Sul";"Atropelamento de animais";0;0;1;0;0;0;0;0;0;0;2;0;0;0;0
"03/07/2020";"03:51:00";"27";"sem vítima";"703.145";"BR-163/MS";"Norte";"Colisão c/ obstáculos";0;0;1;0;0;0;0;0;0;0;1;0;0;0;0
"03/07/2020";"03:05:00";"284";"com vítima";"190";"BR-163/MS";"Norte";"Colisão com veículos (traseira)";1;0;0;0;0;0;0;0;0;1;5;0;1;0;0
"03/07/2020";"05:47:00";"335";"sem vítima";"79.643";"BR-163/MS";"Sul";"Colisão com veículos (traseira)";1;0;0;0;0;0;0;0;0;1;3;0;0;0;0
"03/07/2020";"08:13:00";"373";"sem vítima";"567";"BR-163/MS";"Norte";"Atropelamento de animais";1;0;0;0;0;0;0;0;0;0;1;0;0;0;0
"04/07/2020";"12:41:00";"4";"com vítima";"263";"BR-163/MS";"Sul";"Saídas de pista";1;0;0;0;0;0;0;0;0;0;0;1;0;0;0
"04/07/2020";"04:12:00";"262";"com vítima";"505";"BR-163/MS";"Norte";"Colisão com veículos (traseira)";1;0;1;0;0;1;0;0;0;0;2;1;0;0;0
"04/07/2020";"05:32:00";"291";"com vítima";"16.104";"BR-163/MS";"Sul";"Colisão com veículos (frontal)";1;0;1;0;0;0;0;0;0;0;2;0;0;1;0
"04/07/2020";"05:45:00";"298";"com vítima";"541";"BR-163/MS";"Norte";"Tombamento";0;0;1;0;0;0;0;0;0;0;0;0;1;0;0
"04/07/2020";"06:01:00";"300";"sem vítima";"541";"BR-163/MS";"Norte";"Atropelamento de animais";1;0;0;0;0;0;0;0;0;0;3;0;0;0;0
"04/07/2020";"06:08:00";"302";"sem vítima";"128";"BR-163/MS";"Norte";"Atropelamento de animais";1;0;0;0;0;0;0;0;0;0;2;0;0;0;0
"04/07/2020";"08:29:00";"329";"sem vítima";"244";"BR-163/MS";"Norte";"Capotamento";1;0;0;0;0;0;0;0;0;0;3;0;0;0;0
"05/07/2020";"01:23:00";"15";"com vítima";"486";"BR-163/MS";"Norte";"Colisão c/ obstáculos";1;0;0;0;0;0;0;0;0;0;1;1;0;0;0
"05/07/2020";"05:52:00";"271";"sem vítima";"180";"BR-163/MS";"Norte";"Saídas de pista";1;0;0;0;0;0;0;0;0;0;2;0;0;0;0
"05/07/2020";"05:59:00";"273";"sem vítima";"267";"BR-163/MS";"Norte";"Colisão lateral no mesmo sentido";0;1;0;0;0;1;0;0;0;0;2;0;0;0;0
"05/07/2020";"07:05:00";"287";"sem vítima";"610";"BR-163/MS";"Norte";"Atropelamento de animais";0;0;0;1;0;0;0;0;0;0;2;0;0;0;0
"05/07/2020";"07:44:00";"294";"sem vítima";"485";"BR-163/MS";"Norte";"Colisão com veículos (traseira)";1;0;0;0;0;0;0;0;0;1;5;0;0;0;0
"05/07/2020";"08:07:00";"295";"sem vítima";"278";"BR-163/MS";"Sul";"Saídas de pista";1;0;0;0;0;0;0;0;0;0;1;0;0;0;0
"05/07/2020";"11:30:00";"322";"sem vítima";"523";"BR-163/MS";"Norte";"Atropelamento de animais";1;0;0;0;0;0;0;0;0;0;2;0;0;0;0
"06/07/2020";"05:15:00";"29";"com vítima";"350.103";"BR-163/MS";"Sul";"Colisão lateral no sentido contrário";1;0;1;0;0;2;0;0;0;0;3;0;0;0;2
"06/07/2020";"05:41:00";"33";"sem vítima";"485";"BR-163/MS";"Norte";"Colisão com veículos (traseira)";0;0;0;0;0;0;0;0;0;2;4;0;0;0;0
"06/07/2020";"06:04:00";"287";"com vítima";"613.116";"BR-163/MS";"Norte";"Tombamento";0;0;1;0;0;2;0;0;0;0;2;1;0;0;0
"06/07/2020";"09:00:00";"325";"com vítima";"681";"BR-163/MS";"Norte";"Tombamento de moto";0;0;0;1;0;0;0;0;0;0;0;1;0;0;0
"07/07/2020";"08:19:00";"105";"sem vítima";"548";"BR-163/MS";"Norte";"Colisão com veículos (traseira)";2;0;0;0;0;0;0;0;0;0;4;0;0;0;0
"07/07/2020";"10:21:00";"160";"sem vítima";"175.651";"BR-163/MS";"Sul";"Capotamento";0;0;1;0;0;1;0;0;0;0;2;0;0;0;0
"07/07/2020";"10:51:00";"175";"com vítima";"490";"BR-163/MS";"Norte";"Colisão lateral no mesmo sentido";0;0;1;1;0;0;0;0;0;0;1;2;0;0;0
"07/07/2020";"05:51:00";"308";"sem vítima";"612.108";"BR-163/MS";"Sul";"Atropelamento de animais";1;0;0;0;0;0;0;0;0;0;2;0;0;0;0
"07/07/2020";"06:24:00";"319";"sem vítima";"223.139";"BR-163/MS";"Sul";"Atropelamento de animais";0;0;1;0;0;1;0;0;0;0;2;0;0;0;0
"07/07/2020";"07:45:00";"344";"sem vítima";"548.144";"BR-163/MS";"Norte";"Colisão lateral no sentido contrário";1;0;1;0;0;2;0;0;0;0;4;0;0;0;0
"08/07/2020";"05:45:00";"56";"sem vítima";"117.632";"BR-163/MS";"Sul";"Colisão lateral no mesmo sentido";0;0;1;0;0;1;0;0;0;1;3;0;0;0;0
"08/07/2020";"09:31:00";"168";"com vítima";"520.132";"BR-163/MS";"Sul";"Tombamento de moto";0;0;1;1;0;1;0;0;0;0;2;2;0;0;0
"08/07/2020";"06:40:00";"344";"sem vítima";"239";"BR-163/MS";"Norte";"Saídas de pista";1;0;0;0;0;0;0;0;0;0;2;0;0;0;0
"09/07/2020";"05:20:00";"39";"com vítima";"460.318";"BR-163/MS";"Sul";"Colisão lateral no mesmo sentido";0;0;1;1;0;0;0;0;0;0;2;0;0;1;0
"09/07/2020";"05:55:00";"42";"sem vítima";"772";"BR-163/MS";"Sul";"Atropelamento de animais";1;0;0;0;0;0;0;0;0;0;1;0;0;0;0
"09/07/2020";"11:06:00";"171";"com vítima";"24.5";"BR-163/MS";"Norte";"Tombamento de moto";0;0;0;1;0;0;0;0;0;0;1;1;0;0;0
"09/07/2020";"03:23:00";"265";"com vítima";"551.141";"BR-163/MS";"Sul";"Colisão com veículos (frontal)";1;0;1;0;0;0;0;0;0;0;0;0;1;2;1
"09/07/2020";"04:14:00";"282";"com vítima";"251";"BR-163/MS";"Sul";"Tombamento de moto";0;0;0;1;0;0;0;0;0;0;1;1;0;0;0
"09/07/2020";"04:39:00";"288";"com vítima";"253";"BR-163/MS";"Norte";"Capotamento";1;0;2;0;0;0;0;0;0;0;2;2;0;0;0
"09/07/2020";"06:19:00";"306";"sem vítima";"224";"BR-163/MS";"Norte";"Saídas de pista";1;0;0;0;0;0;0;0;0;0;2;0;0;0;0
"10/07/2020";"06:06:00";"314";"sem vítima";"260.459";"BR-163/MS";"Sul";"Outros";1;0;1;0;0;0;0;0;0;0;2;0;0;0;0
"10/07/2020";"06:40:00";"327";"sem vítima";"56.98";"BR-163/MS";"Norte";"Engavetamento";0;0;1;0;0;2;0;0;0;1;4;0;0;0;0
"10/07/2020";"11:45:00";"390";"sem vítima";"276.962";"BR-163/MS";"Norte";"Colisão c/ obstáculos";1;0;0;0;0;0;0;0;0;0;1;0;0;0;0
"11/07/2020";"01:54:00";"210";"com vítima";"466.801";"BR-163/MS";"Sul";"Colisão lateral no sentido contrário";0;0;1;1;0;2;0;0;0;0;5;0;0;0;1
"11/07/2020";"08:50:00";"346";"sem vítima";"458.921";"BR-163/MS";"Norte";"Atropelamento de animais";1;0;0;0;0;0;0;0;0;0;2;0;0;0;0
"11/07/2020";"08:55:00";"348";"com vítima";"121.924";"BR-163/MS";"Sul";"Colisão lateral no sentido contrário";0;0;1;1;0;2;0;0;0;0;3;0;0;0;2
"11/07/2020";"10:19:00";"359";"sem vítima";"256";"BR-163/MS";"Sul";"Capotamento";1;0;0;0;0;0;0;0;0;0;1;0;0;0;0
"12/07/2020";"10:20:00";"109";"com vítima";"280.459";"BR-163/MS";"Sul";"Colisão lateral no sentido contrário";1;1;0;0;0;0;0;0;0;0;1;1;0;0;0
"13/07/2020";"11:12:00";"193";"sem vítima";"370";"BR-163/MS";"Sul";"Saídas de pista";1;0;0;0;0;0;0;0;0;0;1;0;0;0;0
"13/07/2020";"06:27:00";"327";"sem vítima";"300";"BR-163/MS";"Norte";"Outros";1;0;0;0;0;0;0;0;0;0;1;0;0;0;0
"13/07/2020";"06:57:00";"337";"sem vítima";"690";"BR-163/MS";"Sul";"Atropelamento de animais";1;0;0;0;0;0;0;0;0;0;5;0;0;0;0
"14/07/2020";"01:44:00";"11";"sem vítima";"274";"BR-163/MS";"Sul";"Atropelamento de animais";1;0;0;0;0;0;0;0;0;0;2;0;0;0;0
"14/07/2020";"05:50:00";"40";"sem vítima";"738";"BR-163/MS";"Norte";"Atropelamento de animais";0;0;1;0;0;1;0;0;0;0;2;0;0;0;0
"14/07/2020";"06:52:00";"65";"com vítima";"479.451";"BR-163/MS";"Norte";"Tombamento de moto";0;0;0;1;0;0;0;0;0;0;0;1;0;0;0
"14/07/2020";"12:45:00";"228";"sem vítima";"337";"BR-163/MS";"Sul";"Saídas de pista";1;0;0;0;0;0;0;0;0;0;2;0;0;0;0
"14/07/2020";"04:08:00";"305";"com vítima";"283";"BR-163/MS";"Norte";"Tombamento de moto";0;0;1;1;0;0;0;0;0;0;1;1;0;0;0
"14/07/2020";"05:27:00";"336";"sem vítima";"487.248";"BR-163/MS";"Norte";"Colisão lateral no mesmo sentido";1;0;0;0;0;0;0;0;0;1;5;0;0;0;0
"14/07/2020";"05:29:00";"337";"sem vítima";"475.877";"BR-163/MS";"Sul";"Colisão com veículos (traseira)";2;0;0;0;0;0;0;0;0;0;3;0;0;0;0
"15/07/2020";"01:48:00";"14";"sem vítima";"36.121";"BR-163/MS";"Norte";"Atropelamento de animais";0;0;1;0;0;0;0;0;0;0;2;0;0;0;0
"15/07/2020";"06:06:00";"334";"sem vítima";"6.9";"BR-163/MS";"Sul";"Colisão c/ obstáculos";0;0;1;0;0;0;0;0;0;1;4;0;0;0;0
"15/07/2020";"06:28:00";"340";"sem vítima";"782.175";"BR-163/MS";"Norte";"Atropelamento de animais";0;0;0;0;0;0;0;0;0;1;5;0;0;0;0
"15/07/2020";"07:00:00";"348";"sem vítima";"495.164";"BR-163/MS";"Sul";"Colisão c/ obstáculos";1;0;1;0;0;0;0;0;0;0;3;0;0;0;0
"16/07/2020";"03:48:00";"26";"sem vítima";"255.482";"BR-163/MS";"Sul";"Colisão c/ obstáculos";1;0;0;0;0;0;0;0;0;0;1;0;0;0;0
"16/07/2020";"09:05:00";"143";"com vítima";"260.455";"BR-163/MS";"Norte";"Colisão lateral no mesmo sentido";0;0;0;1;0;0;0;0;0;1;3;1;0;0;0
"16/07/2020";"01:27:00";"225";"sem vítima";"424";"BR-163/MS";"Norte";"Colisão lateral no mesmo sentido";0;0;2;0;0;2;0;0;0;0;6;0;0;0;0
"16/07/2020";"08:48:00";"376";"sem vítima";"15.112";"BR-163/MS";"Sul";"Atropelamento de animais";1;0;0;0;0;0;0;0;0;0;1;0;0;0;0
"17/07/2020";"12:37:00";"5";"sem vítima";"469.718";"BR-163/MS";"Sul";"Atropelamento de animais";0;0;1;0;0;0;0;0;0;0;2;0;0;0;0
"17/07/2020";"03:09:00";"311";"sem vítima";"116.584";"BR-163/MS";"Sul";"Colisão lateral no mesmo sentido";1;0;0;1;0;0;0;0;0;0;7;0;0;0;0
"17/07/2020";"03:54:00";"326";"com vítima";"292";"BR-163/MS";"Norte";"Colisão lateral no mesmo sentido";0;0;1;1;0;0;0;0;0;0;1;1;0;0;0
"17/07/2020";"06:01:00";"374";"sem vítima";"179.194";"BR-163/MS";"Sul";"Colisão com veículos (traseira)";1;0;0;0;0;1;0;0;0;0;2;0;0;0;0
"17/07/2020";"07:51:00";"399";"sem vítima";"765";"BR-163/MS";"Norte";"Atropelamento de animais";1;0;0;0;0;0;0;0;0;0;1;0;0;0;0
"18/07/2020";"04:13:00";"30";"sem vítima";"278";"BR-163/MS";"Sul";"Atropelamento de animais";1;0;0;0;0;0;0;0;0;0;4;0;0;0;0
"18/07/2020";"07:37:00";"84";"sem vítima";"254";"BR-163/MS";"Norte";"Colisão lateral no mesmo sentido";0;0;1;0;0;0;0;0;0;1;3;0;0;0;0
"18/07/2020";"04:19:00";"260";"sem vítima";"228";"BR-163/MS";"Norte";"Colisão com veículos (traseira)";2;0;0;0;0;0;0;0;0;0;3;0;0;0;0
"18/07/2020";"05:26:00";"295";"com vítima";"315.282";"BR-163/MS";"Norte";"Tombamento de moto";0;0;0;1;0;0;0;0;0;0;0;0;1;0;0
"18/07/2020";"06:56:00";"312";"com vítima";"258";"BR-163/MS";"Norte";"Colisão lateral no mesmo sentido";1;0;0;1;0;0;0;0;0;0;0;3;0;0;0
"19/07/2020";"07:50:00";"280";"sem vítima";"439.111";"BR-163/MS";"Norte";"Atropelamento de animais";0;0;0;0;0;0;0;0;0;1;1;0;0;0;0
"19/07/2020";"09:06:00";"298";"sem vítima";"478.5";"BR-163/MS";"Norte";"Colisão c/ obstáculos";1;0;0;0;0;0;0;0;0;0;1;0;0;0;0
"19/07/2020";"10:40:00";"305";"com vítima";"574.1";"BR-163/MS";"Norte";"Capotamento";0;0;0;0;0;0;0;0;0;1;0;1;0;0;0
"20/07/2020";"03:33:00";"290";"sem vítima";"672";"BR-163/MS";"Sul";"Saídas de pista";1;0;0;0;0;0;0;0;0;0;1;0;0;0;0
"20/07/2020";"07:55:00";"379";"com vítima";"548.144";"BR-163/MS";"Norte";"Colisão lateral no sentido contrário";0;0;0;1;0;0;0;0;0;1;4;1;0;0;0
"21/07/2020";"04:12:00";"21";"sem vítima";"488.276";"BR-163/MS";"Sul";"Atropelamento de animais";1;0;0;0;0;0;0;0;0;0;1;0;0;0;0
"21/07/2020";"06:56:00";"47";"com vítima";"478.476";"BR-163/MS";"Sul";"Colisão com veículos (traseira)";1;0;0;1;0;0;0;0;0;0;1;1;0;0;0
"21/07/2020";"05:54:00";"273";"sem vítima";"484.222";"BR-163/MS";"Norte";"Engavetamento";3;0;0;0;0;0;0;0;0;0;4;0;0;0;0
"21/07/2020";"06:45:00";"284";"com vítima";"256";"BR-163/MS";"Norte";"Engavetamento";0;0;0;2;0;1;0;0;0;0;2;1;0;0;0
"22/07/2020";"06:48:00";"29";"sem vítima";"433.8";"BR-163/MS";"Norte";"Colisão lateral no sentido contrário";0;0;0;0;0;0;0;0;0;2;3;0;0;0;0
"22/07/2020";"08:38:00";"106";"com vítima";"81.479";"BR-163/MS";"Norte";"Saídas de pista";1;0;0;0;0;0;0;0;0;0;0;1;0;0;0
"23/07/2020";"07:38:00";"68";"sem vítima";"563.24";"BR-163/MS";"Sul";"Tombamento";0;0;2;0;0;2;0;0;0;0;4;0;0;0;0
"23/07/2020";"08:07:00";"75";"sem vítima";"735.25";"BR-163/MS";"Sul";"Tombamento";0;0;1;0;0;1;0;0;0;0;2;0;0;0;0
"23/07/2020";"06:53:00";"289";"sem vítima";"526";"BR-163/MS";"Norte";"Colisão com veículos (traseira)";1;0;1;0;0;0;0;0;0;0;4;0;0;0;0
"23/07/2020";"07:17:00";"294";"com vítima";"444";"BR-163/MS";"Norte";"Atropelamento de animais";0;0;0;1;0;0;0;0;0;0;0;0;1;0;0
"23/07/2020";"08:17:00";"305";"sem vítima";"263";"BR-163/MS";"Sul";"Tombamento de moto";0;0;0;1;0;0;0;0;0;0;2;0;0;0;0
"23/07/2020";"08:33:00";"308";"sem vítima";"682";"BR-163/MS";"Norte";"Atropelamento de animais";1;0;0;0;0;0;0;0;0;0;1;0;0;0;0
"24/07/2020";"12:44:00";"268";"com vítima";"264";"BR-163/MS";"Norte";"Tombamento de moto";0;0;0;1;0;0;0;0;0;0;0;2;0;0;0
"25/07/2020";"05:27:00";"322";"com vítima";"559.187";"BR-163/MS";"Norte";"Tombamento";0;0;1;0;0;1;0;0;0;0;1;1;0;0;0
"25/07/2020";"06:31:00";"338";"sem vítima";"330.5";"BR-163/MS";"Sul";"Saídas de pista";1;0;1;0;0;0;0;0;0;0;3;0;0;0;0
"25/07/2020";"07:39:00";"352";"sem vítima";"719";"BR-163/MS";"Sul";"Atropelamento de animais";0;0;0;0;0;0;0;0;0;1;3;0;0;0;0
"26/07/2020";"06:16:00";"30";"com vítima";"142.66";"BR-163/MS";"Norte";"Colisão c/ obstáculos";0;0;0;1;0;0;0;0;0;0;0;0;0;0;1
"26/07/2020";"07:53:00";"355";"sem vítima";"453.52";"BR-163/MS";"Norte";"Atropelamento de animais";0;0;0;0;0;0;0;0;0;1;1;0;0;0;0
"27/07/2020";"11:28:00";"203";"com vítima";"485.233";"BR-163/MS";"Norte";"Colisão com veículos (traseira)";0;0;0;1;0;0;0;0;0;1;2;1;0;0;0
"27/07/2020";"01:26:00";"232";"com vítima";"254.6";"BR-163/MS";"Sul";"Capotamento";0;0;0;0;0;0;0;0;0;1;2;1;0;0;0
"27/07/2020";"06:30:00";"318";"sem vítima";"137";"BR-163/MS";"Sul";"Saídas de pista";1;0;0;0;0;0;0;0;0;0;1;0;0;0;0
"28/07/2020";"12:56:00";"4";"sem vítima";"712";"BR-163/MS";"Norte";"Atropelamento de animais";1;0;0;0;0;0;0;0;0;0;2;0;0;0;0
"28/07/2020";"05:28:00";"25";"sem vítima";"318.31";"BR-163/MS";"Norte";"Tombamento";0;0;1;0;0;1;0;0;0;0;2;0;0;0;0
"29/07/2020";"12:35:00";"4";"sem vítima";"69";"BR-163/MS";"Norte";"Tombamento";0;0;1;0;0;2;0;0;0;0;3;0;0;0;0
"29/07/2020";"06:06:00";"36";"com vítima";"1.93";"BR-163/MS";"Norte";"Capotamento";1;0;0;0;0;0;0;0;0;0;0;1;0;0;0
"29/07/2020";"06:02:00";"342";"sem vítima";"150.778";"BR-163/MS";"Norte";"Saídas de pista";0;0;1;0;0;0;0;0;0;0;1;0;0;0;0
"29/07/2020";"08:00:00";"360";"sem vítima";"215.407";"BR-163/MS";"Norte";"Saídas de pista";1;0;0;0;0;1;0;0;0;0;2;0;0;0;0
"30/07/2020";"04:46:00";"21";"sem vítima";"117.635";"BR-163/MS";"Sul";"Colisão lateral no sentido contrário";1;0;1;0;0;0;0;0;0;0;2;0;0;0;0
"30/07/2020";"08:05:00";"83";"com vítima";"615.13";"BR-163/MS";"Norte";"Colisão lateral no sentido contrário";1;0;0;0;0;0;0;0;0;1;2;1;0;0;0
"30/07/2020";"11:48:00";"210";"sem vítima";"208.434";"BR-163/MS";"Norte";"Colisão com veículos (traseira)";1;0;1;0;0;1;0;0;0;0;3;0;0;0;0
"30/07/2020";"01:25:00";"243";"com vítima";"778.186";"BR-163/MS";"Norte";"Capotamento";1;0;0;0;0;1;0;0;0;0;1;0;2;0;1
"30/07/2020";"05:48:00";"359";"sem vítima";"444.24";"BR-163/MS";"Norte";"Atropelamento de animais";1;0;0;0;0;0;0;0;0;0;2;0;0;0;0
"31/07/2020";"08:27:00";"105";"sem vítima";"253.8";"BR-163/MS";"Sul";"Colisão lateral no mesmo sentido";1;0;1;0;0;2;0;0;0;0;4;0;0;0;0
"31/07/2020";"10:46:00";"184";"sem vítima";"77";"BR-163/MS";"Norte";"Colisão com veículos (traseira)";0;0;2;0;0;4;0;0;0;0;6;0;0;0;0
"31/07/2020";"08:53:00";"353";"com vítima";"485.604";"BR-163/MS";"Norte";"Colisão com veículos (traseira)";0;0;1;1;0;0;0;0;0;0;1;0;0;1;1
"01/08/2020";"07:00:00";"64";"Acidente c";"117.653";"BR-163/MS";"SUL";"Colisão lateral no sentido contrário";0;0;1;0;1;0;0;0;0;0;10;1;0;0;0
"01/08/2020";"06:37:00";"289";"Acidente s";"542";"BR-163/MS";"NORTE";"Saídas de pista";1;0;0;0;0;0;0;0;0;0;1;0;0;0;0
"02/08/2020";"04:53:00";"19";"Acidente s";"253.293";"BR-163/MS";"NORTE";"Colisão c/ obstáculos";1;0;0;0;0;0;0;0;0;0;2;0;0;0;0
"02/08/2020";"04:22:00";"210";"Acidente s";"205";"BR-163/MS";"NORTE";"Colisão com veículos (traseira)";0;0;0;1;0;1;0;0;0;0;2;0;0;0;0
"02/08/2020";"05:54:00";"253";"Acidente s";"369.781";"BR-163/MS";"NORTE";"Colisão com veículos (traseira)";0;0;2;0;0;2;0;0;0;0;4;0;0;0;0
"02/08/2020";"08:27:00";"278";"Acidente s";"225.267";"BR-163/MS";"NORTE";"Colisão com veículos (traseira)";1;0;1;0;0;2;0;0;0;0;4;0;0;0;0
"02/08/2020";"10:41:00";"297";"Acidente s";"470";"BR-163/MS";"NORTE";"Colisão com veículos (traseira)";1;0;1;0;0;0;0;0;0;0;5;0;0;0;0
"02/08/2020";"11:09:00";"300";"Acidente c";"643";"BR-163/MS";"NORTE";"Capotamento";1;0;0;0;0;0;0;0;0;0;0;1;2;0;0
"03/08/2020";"05:47:00";"25";"Acidente c";"129.532";"BR-163/MS";"SUL";"Atropelamento de animais";0;0;0;1;0;0;0;0;0;0;0;1;0;0;0
"03/08/2020";"07:10:00";"54";"Acidente s";"220";"BR-163/MS";"NORTE";"Atropelamento de animais";0;0;1;0;0;0;0;0;0;0;1;0;0;0;0