data;horario;n_da_ocorrencia;tipo_de_ocorrencia;km;trecho;sentido;tipo_de_acidente;automovel;bicicleta;caminhao;moto;onibus;outros;tracao_animal;transporte_de_cargas_especiais;trator_maquinas;utilitarios;ilesos;levemente_feridos;moderadamente_feridos;gravemente_feridos;mortos
"03/08/2020";"07:21:00";"61";"Acidente c";"485";"BR-163/MS";"NORTE";"Colisão lateral no sentido contrário";1;0;0;2;0;0;0;0;0;0;2;0;0;1;0
"03/08/2020";"05:47:00";"330";"Acidente s";"391";"BR-163/MS";"SUL";"Colisão lateral no sentido contrário";0;0;0;0;0;1;0;0;0;1;2;0;0;0;0
"03/08/2020";"06:10:00";"340";"Acidente c";"614.295";"BR-163/MS";"NORTE";"Colisão lateral no sentido contrário";0;0;0;2;0;0;0;0;0;0;1;2;0;0;0
"03/08/2020";"08:26:00";"374";"Acidente c";"576.452";"BR-163/MS";"SUL";"Tombamento";0;0;1;0;0;1;0;0;0;0;1;1;0;0;0
"04/08/2020";"05:25:00";"32";"Acidente s";"519";"BR-163/MS";"SUL";"Colisão com veículos (traseira)";0;0;2;0;0;0;0;0;0;0;3;0;0;0;0
"04/08/2020";"05:11:00";"344";"Acidente s";"74.197";"BR-163/MS";"SUL";"Colisão lateral no mesmo sentido";1;0;1;0;0;2;0;0;0;0;4;0;0;0;0
"04/08/2020";"07:32:00";"382";"Acidente c";"20.778";"BR-163/MS";"SUL";"Engavetamento";1;0;2;0;0;2;0;0;0;0;4;1;0;0;0
"05/08/2020";"05:02:00";"290";"Acidente s";"616";"BR-163/MS";"NORTE";"Colisão com veículos (traseira)";1;0;0;1;0;0;0;0;0;0;3;0;0;0;0
"05/08/2020";"06:24:00";"321";"Acidente s";"548";"BR-163/MS";"NORTE";"Colisão lateral no mesmo sentido";0;0;0;1;0;0;0;0;0;1;5;0;0;0;0
"05/08/2020";"06:30:00";"323";"Acidente s";"270";"BR-163/MS";"SUL";"Colisão com veículos (traseira)";2;0;0;0;0;0;0;0;0;0;2;0;0;0;0
"05/08/2020";"07:29:00";"335";"Acidente s";"234";"BR-163/MS";"NORTE";"Capotamento";1;0;0;0;0;0;0;0;0;0;2;0;0;0;0
"05/08/2020";"11:23:00";"369";"Acidente s";"138";"BR-163/MS";"SUL";"Saídas de pista";1;0;0;0;0;0;0;0;0;0;1;0;0;0;0
"06/08/2020";"07:14:00";"67";"Acidente s";"258";"BR-163/MS";"NORTE";"Colisão com veículos (traseira)";1;0;0;1;0;0;0;0;0;0;2;0;0;0;0
"06/08/2020";"08:09:00";"100";"Acidente s";"360";"BR-163/MS";"SUL";"Colisão c/ obstáculos";0;0;0;0;0;0;0;0;0;1;1;0;0;0;0
"06/08/2020";"06:10:00";"326";"Acidente s";"460.193";"BR-163/MS";"SUL";"Colisão c/ obstáculos";1;0;0;0;0;0;0;0;0;0;1;0;0;0;0
"07/08/2020";"03:11:00";"284";"Acidente c";"490";"BR-163/MS";"SUL";"Colisão lateral no mesmo sentido";0;0;0;1;0;0;0;0;0;1;1;1;0;0;0
"07/08/2020";"06:27:00";"358";"Acidente c";"487.439";"BR-163/MS";"SUL";"Colisão com veículos (traseira)";1;0;1;0;0;1;0;0;0;0;2;2;0;0;0
"07/08/2020";"07:16:00";"375";"Acidente c";"465.573";"BR-163/MS";"NORTE";"Colisão lateral no mesmo sentido";2;0;0;0;0;0;0;0;0;0;0;2;0;0;0
"07/08/2020";"07:42:00";"382";"Acidente c";"626.653";"BR-163/MS";"NORTE";"Colisão lateral no sentido contrário";1;0;0;0;0;0;0;0;0;1;3;1;1;0;0
"07/08/2020";"10:36:00";"414";"Acidente c";"21.314";"BR-163/MS";"SUL";"Colisão lateral no mesmo sentido";2;0;0;0;0;0;0;0;0;0;2;1;0;0;0
"07/08/2020";"10:42:00";"416";"Acidente s";"713.713";"BR-163/MS";"SUL";"Atropelamento de animais";0;0;1;0;0;1;0;0;0;0;2;0;0;0;0
"08/08/2020";"01:35:00";"195";"Acidente s";"507.836";"BR-163/MS";"NORTE";"Capotamento";1;0;0;0;0;0;0;0;0;0;3;0;0;0;0
"09/08/2020";"07:58:00";"78";"Acidente c";"476.427";"BR-163/MS";"SUL";"Colisão c/ obstáculos";0;0;0;1;0;0;0;0;0;0;0;0;0;1;0
"09/08/2020";"08:06:00";"81";"Acidente c";"117.644";"BR-163/MS";"NORTE";"Colisão lateral no sentido contrário";1;0;1;0;0;0;0;0;0;0;1;2;0;0;0
"09/08/2020";"03:00:00";"210";"Acidente c";"20";"BR-163/MS";"NORTE";"Colisão lateral no mesmo sentido";0;0;0;1;0;1;0;0;0;0;1;2;0;0;0
"09/08/2020";"04:29:00";"232";"Acidente c";"481";"BR-163/MS";"SUL";"Colisão com veículos (traseira)";1;0;0;1;0;0;0;0;0;0;7;1;0;0;0
"09/08/2020";"07:42:00";"284";"Acidente s";"500.773";"BR-163/MS";"NORTE";"Atropelamento de animais";1;0;0;0;0;0;0;0;0;0;3;0;0;0;0
"09/08/2020";"08:55:00";"298";"Acidente c";"256.203";"BR-163/MS";"SUL";"Colisão com veículos (traseira)";1;0;0;1;0;0;0;0;0;0;1;1;0;0;0
"10/08/2020";"01:31:00";"7";"Acidente c";"462.781";"BR-163/MS";"NORTE";"Saídas de pista";1;0;0;0;0;0;0;0;0;0;0;1;0;0;0
"10/08/2020";"01:42:00";"262";"Acidente s";"743";"BR-163/MS";"NORTE";"Colisão c/ obstáculos";0;0;0;0;0;0;0;0;0;1;1;0;0;0;0
"10/08/2020";"05:29:00";"332";"Acidente c";"484";"BR-163/MS";"NORTE";"Colisão com veículos (traseira)";1;0;0;1;0;0;0;0;0;0;1;0;1;0;0
"10/08/2020";"10:09:00";"374";"Acidente s";"678.317";"BR-163/MS";"NORTE";"Colisão com veículos (traseira)";0;0;2;0;0;0;0;0;0;0;2;0;0;0;0
"11/08/2020";"11:40:00";"210";"Acidente s";"665";"BR-163/MS";"NORTE";"Tombamento";0;0;1;0;0;2;0;0;0;0;3;0;0;0;0
"11/08/2020";"02:03:00";"256";"Acidente c";"485.24";"BR-163/MS";"SUL";"Colisão com veículos (frontal)";1;0;1;0;0;0;0;0;0;0;1;0;0;1;0
"11/08/2020";"02:54:00";"268";"Acidente c";"693.59";"BR-163/MS";"SUL";"Engavetamento";0;0;4;0;0;3;0;0;0;0;6;0;1;0;0
"11/08/2020";"07:07:00";"353";"Acidente s";"36";"BR-163/MS";"NORTE";"Colisão lateral no mesmo sentido";0;0;3;0;0;3;0;0;0;1;10;0;0;0;0
"11/08/2020";"09:18:00";"378";"Atropelame";"498.706";"BR-163/MS";"SUL";"Atropelamento de pedestre";0;0;1;0;0;1;0;0;0;0;1;1;0;0;1
"12/08/2020";"12:29:00";"3";"Acidente s";"283.28";"BR-163/MS";"SUL";"Colisão com veículos (traseira)";2;0;0;0;0;0;0;0;0;0;8;0;0;0;0
"12/08/2020";"05:41:00";"32";"Acidente s";"617.131";"BR-163/MS";"SUL";"Colisão com veículos (traseira)";1;0;0;0;0;1;0;0;0;1;5;0;0;0;0
"12/08/2020";"07:58:00";"86";"Acidente c";"237.51";"BR-163/MS";"NORTE";"Tombamento de moto";0;0;0;1;0;0;0;0;0;0;1;1;0;0;0
"12/08/2020";"07:46:00";"351";"Acidente s";"485.434";"BR-163/MS";"NORTE";"Colisão com veículos (traseira)";0;0;1;0;0;0;0;0;0;1;2;0;0;0;0
"13/08/2020";"03:30:00";"21";"Acidente c";"74.64";"BR-163/MS";"SUL";"Tombamento de moto";0;0;0;1;0;0;0;0;0;0;0;1;0;0;0
"13/08/2020";"02:11:00";"331";"Acidente c";"608.825";"BR-163/MS";"NORTE";"Colisão lateral no mesmo sentido";0;0;0;1;1;0;0;0;0;0;1;1;0;0;0
"13/08/2020";"03:57:00";"376";"Acidente c";"490.61";"BR-163/MS";"NORTE";"Colisão com veículos (traseira)";1;0;0;1;0;0;0;0;0;0;4;1;0;0;0
"13/08/2020";"06:53:00";"439";"Acidente s";"569.195";"BR-163/MS";"NORTE";"Atropelamento de animais";1;0;0;0;0;0;0;0;0;0;1;0;0;0;0
"14/08/2020";"09:45:00";"426";"Acidente c";"470";"BR-163/MS";"NORTE";"Capotamento";1;0;0;0;0;0;0;0;0;0;0;1;0;0;0
"15/08/2020";"04:35:00";"26";"Acidente c";"48";"BR-163/MS";"NORTE";"Saídas de pista";0;0;0;0;0;0;0;0;0;1;0;1;0;0;0
"15/08/2020";"02:13:00";"229";"Acidente c";"208.937";"BR-163/MS";"NORTE";"Colisão lateral no sentido contrário";0;0;0;1;0;1;0;0;0;0;1;2;0;0;0
"15/08/2020";"08:45:00";"350";"Acidente s";"204.185";"BR-163/MS";"SUL";"Colisão c/ obstáculos";1;0;0;0;0;0;0;0;0;0;1;0;0;0;0
"15/08/2020";"10:05:00";"362";"Acidente c";"283.5";"BR-163/MS";"NORTE";"Colisão com veículos (traseira)";1;0;0;1;0;0;0;0;0;0;5;1;0;0;0
"16/08/2020";"02:55:00";"16";"Acidente s";"190";"BR-163/MS";"SUL";"Saídas de pista";1;0;0;0;0;0;0;0;0;0;1;0;0;0;0
"16/08/2020";"08:46:00";"83";"Acidente c";"562.677";"BR-163/MS";"SUL";"Colisão lateral no mesmo sentido";1;0;1;0;0;2;0;0;0;0;3;1;0;0;0
"17/08/2020";"05:09:00";"273";"Acidente s";"679.842";"BR-163/MS";"NORTE";"Colisão lateral no sentido contrário";1;0;1;0;0;0;0;0;0;0;3;0;0;0;0
"17/08/2020";"05:22:00";"277";"Acidente s";"377.29";"BR-163/MS";"NORTE";"Saídas de pista";1;0;0;0;0;0;0;0;0;0;3;0;0;0;0
"18/08/2020";"05:16:00";"370";"Acidente s";"493.759";"BR-163/MS";"NORTE";"Saídas de pista";1;0;0;0;0;0;0;0;0;0;1;0;0;0;0
"19/08/2020";"05:52:00";"374";"Acidente s";"365";"BR-163/MS";"NORTE";"Colisão com veículos (traseira)";0;0;1;0;0;1;0;0;0;0;2;0;0;0;0
"20/08/2020";"03:09:00";"20";"Acidente s";"610.835";"BR-163/MS";"SUL";"Atropelamento de animais";1;0;0;0;0;0;0;0;0;0;1;0;0;0;0
"20/08/2020";"07:01:00";"56";"Acidente s";"152.471";"BR-163/MS";"SUL";"Tombamento";0;0;1;0;0;0;0;0;0;0;1;0;0;0;0
"20/08/2020";"02:53:00";"327";"Acidente s";"112.956";"BR-163/MS";"SUL";"Colisão c/ obstáculos";1;0;0;0;0;0;0;0;0;0;4;0;0;0;0
"20/08/2020";"03:40:00";"342";"Acidente s";"248.4";"BR-163/MS";"NORTE";"Capotamento";1;0;0;0;0;0;0;0;0;0;1;0;0;0;0
"20/08/2020";"08:59:00";"440";"Acidente s";"254.9";"BR-163/MS";"SUL";"Colisão c/ obstáculos";1;0;0;0;0;0;0;0;0;0;1;0;0;0;0
"21/08/2020";"05:36:00";"419";"Acidente s";"28.194";"BR-163/MS";"SUL";"Colisão com veículos (traseira)";0;0;2;0;0;4;0;0;0;0;6;0;0;0;0
"21/08/2020";"07:14:00";"439";"Acidente s";"492.402";"BR-163/MS";"NORTE";"Colisão com veículos (traseira)";0;0;0;0;0;0;0;0;0;2;2;0;0;0;0
"21/08/2020";"07:14:00";"440";"Acidente s";"167.633";"BR-163/MS";"SUL";"Saídas de pista";0;0;0;1;0;0;0;0;0;0;1;0;0;0;0
"21/08/2020";"10:12:00";"474";"Acidente s";"558.578";"BR-163/MS";"SUL";"Tombamento";0;0;1;0;0;2;0;0;0;0;3;0;0;0;0
"22/08/2020";"03:21:00";"275";"Acidente s";"217";"BR-163/MS";"NORTE";"Colisão c/ obstáculos";1;0;0;0;0;0;0;0;0;0;1;0;0;0;0
"22/08/2020";"06:29:00";"347";"Acidente s";"262.938";"BR-163/MS";"SUL";"Saídas de pista";1;0;0;0;0;0;0;0;0;0;1;0;0;0;0
"23/08/2020";"08:45:00";"74";"Acidente c";"275";"BR-163/MS";"NORTE";"Outros";0;1;0;0;0;0;0;0;0;0;0;1;0;0;0
"23/08/2020";"03:21:00";"213";"Acidente c";"280.643";"BR-163/MS";"SUL";"Tombamento de moto";0;0;0;1;0;0;0;0;0;0;0;0;1;0;0
"23/08/2020";"05:38:00";"270";"Acidente c";"260.3";"BR-163/MS";"NORTE";"Outros";0;1;0;0;0;0;0;0;0;0;0;2;0;0;0
"24/08/2020";"03:41:00";"11";"Acidente s";"147.102";"BR-163/MS";"NORTE";"Saídas de pista";1;0;0;0;0;0;0;0;0;0;1;0;0;0;0
"24/08/2020";"04:43:00";"16";"Acidente s";"376.758";"BR-163/MS";"NORTE";"Capotamento";1;0;0;0;0;0;0;0;0;0;1;0;0;0;0
"25/08/2020";"06:41:00";"414";"Acidente c";"505.384";"BR-163/MS";"NORTE";"Saídas de pista";0;0;0;1;0;0;0;0;0;0;0;1;0;1;0
"25/08/2020";"07:28:00";"425";"Acidente s";"171";"BR-163/MS";"SUL";"Colisão lateral no mesmo sentido";0;0;1;0;0;1;0;0;0;0;2;0;0;0;0
"26/08/2020";"05:37:00";"35";"Acidente s";"535.2";"BR-163/MS";"SUL";"Colisão c/ obstáculos";1;0;0;0;0;0;0;0;0;0;3;0;0;0;0
"26/08/2020";"07:04:00";"55";"Acidente c";"630.699";"BR-163/MS";"NORTE";"Tombamento de moto";0;0;0;1;0;0;0;0;0;0;1;1;0;0;0
"26/08/2020";"01:21:00";"234";"Acidente s";"18";"BR-163/MS";"SUL";"Colisão lateral no mesmo sentido";0;0;1;1;0;0;0;0;0;0;2;0;0;0;0
"26/08/2020";"10:23:00";"399";"Acidente s";"356.795";"BR-163/MS";"NORTE";"Atropelamento de animais";1;0;0;0;0;0;0;0;0;0;3;0;0;0;0
"26/08/2020";"11:42:00";"408";"Acidente c";"479.8";"BR-163/MS";"NORTE";"Atropelamento de animais";0;0;0;1;0;0;0;0;0;0;0;0;1;0;0
"27/08/2020";"04:46:00";"28";"Acidente c";"39.425";"BR-163/MS";"SUL";"Colisão lateral no sentido contrário";0;0;0;1;0;1;0;0;0;0;1;0;1;0;0
"27/08/2020";"03:09:00";"240";"Acidente s";"485";"BR-163/MS";"NORTE";"Colisão com veículos (traseira)";1;0;1;0;0;0;0;0;0;0;3;0;0;0;0
"28/08/2020";"09:44:00";"219";"Acidente s";"641.11";"BR-163/MS";"NORTE";"Tombamento";0;0;1;0;0;2;0;0;0;0;3;0;0;0;0
"28/08/2020";"01:35:00";"458";"Acidente s";"675.41";"BR-163/MS";"SUL";"Colisão com veículos (traseira)";1;0;1;0;0;0;0;0;0;0;2;0;0;0;0
"28/08/2020";"03:43:00";"556";"Atropelame";"691";"BR-163/MS";"SUL";"Atropelamento de pedestre";0;0;1;0;0;2;0;0;0;0;4;0;0;1;0
"28/08/2020";"05:10:00";"620";"Acidente s";"149.248";"BR-163/MS";"NORTE";"Tombamento";0;0;1;0;0;2;0;0;0;0;5;0;0;0;0
"28/08/2020";"05:37:00";"636";"Acidente s";"157";"BR-163/MS";"NORTE";"Colisão com veículos (traseira)";0;0;1;0;0;0;0;0;0;1;4;0;0;0;0
"28/08/2020";"05:57:00";"641";"Acidente s";"528.545";"BR-163/MS";"NORTE";"Saídas de pista";1;0;0;0;0;0;0;0;0;0;1;0;0;0;0
"28/08/2020";"06:37:00";"649";"Acidente s";"382.68";"BR-163/MS";"SUL";"Atropelamento de animais";0;0;0;0;0;0;0;0;0;1;2;0;0;0;0
"28/08/2020";"08:30:00";"677";"Acidente s";"5.3";"BR-163/MS";"SUL";"Engavetamento";2;0;0;0;0;0;0;0;0;1;5;0;0;0;0
"28/08/2020";"08:45:00";"679";"Acidente s";"117.644";"BR-163/MS";"NORTE";"Colisão lateral no mesmo sentido";0;0;2;0;0;3;0;0;0;0;5;0;0;0;0
"28/08/2020";"09:35:00";"686";"Acidente s";"256.833";"BR-163/MS";"NORTE";"Colisão c/ obstáculos";1;0;0;0;0;0;0;0;0;0;1;0;0;0;0
"29/08/2020";"03:59:00";"24";"Acidente c";"251.295";"BR-163/MS";"SUL";"Colisão lateral no sentido contrário";0;0;1;0;0;2;0;0;0;1;3;0;0;1;0
"29/08/2020";"04:57:00";"28";"Acidente c";"179.666";"BR-163/MS";"SUL";"Colisão com veículos (traseira)";1;0;1;0;0;0;0;0;0;0;3;2;0;0;0
"29/08/2020";"04:12:00";"338";"Acidente c";"844.79";"BR-163/MS";"SUL";"Capotamento";1;0;0;0;0;0;0;0;0;0;0;0;1;0;0
"29/08/2020";"05:49:00";"394";"Acidente c";"838.219";"BR-163/MS";"SUL";"Tombamento";0;0;1;0;0;1;0;0;0;0;1;1;0;0;0
"29/08/2020";"07:12:00";"417";"Acidente s";"485.651";"BR-163/MS";"NORTE";"Colisão com veículos (traseira)";2;0;0;0;0;1;0;0;0;0;7;0;0;0;0
"29/08/2020";"07:23:00";"421";"Acidente c";"20.2";"BR-163/MS";"SUL";"Colisão lateral no mesmo sentido";1;0;0;0;0;0;0;0;0;1;2;1;0;0;0
"29/08/2020";"08:21:00";"440";"Acidente c";"671.93";"BR-163/MS";"NORTE";"Tombamento de moto";0;0;0;1;0;0;0;0;0;0;0;0;1;0;0
"29/08/2020";"10:51:00";"471";"Acidente s";"248.432";"BR-163/MS";"SUL";"Colisão c/ obstáculos";1;0;0;0;0;0;0;0;0;0;2;0;0;0;0
"30/08/2020";"04:22:00";"37";"Acidente s";"261.329";"BR-163/MS";"SUL";"Atropelamento de animais";1;0;0;0;0;0;0;0;0;0;3;0;0;0;0
"30/08/2020";"05:00:00";"40";"Acidente s";"72.532";"BR-163/MS";"SUL";"Tombamento";0;0;1;0;0;2;0;0;0;0;3;0;0;0;0
"30/08/2020";"11:03:00";"194";"Acidente c";"500";"BR-163/MS";"NORTE";"Tombamento de moto";0;0;0;1;0;0;0;0;0;0;1;1;0;0;0
"31/08/2020";"12:56:00";"8";"Acidente s";"555.754";"BR-163/MS";"NORTE";"Atropelamento de animais";0;0;1;0;0;1;0;0;0;0;2;0;0;0;0
"31/08/2020";"05:49:00";"328";"Acidente c";"490";"BR-163/MS";"NORTE";"Colisão com veículos (traseira)";1;0;0;1;0;0;0;0;0;0;1;1;0;0;0
"31/08/2020";"07:14:00";"359";"Acidente c";"408.109";"BR-163/MS";"NORTE";"Colisão lateral no mesmo sentido";2;0;0;0;0;0;0;0;0;0;4;1;0;0;0
"01/09/2020";"01:00:00";"11";"Acidente s";"570.871";"BR-163/MS";"NORTE";"Atropelamento de animais";0;0;0;0;0;0;0;0;0;1;0;1;0;0;0
"01/09/2020";"02:31:00";"259";"Acidente s";"120";"BR-163/MS";"SUL";"Saídas de pista";1;0;0;0;0;0;0;0;0;0;1;0;0;0;0
"01/09/2020";"02:47:00";"267";"Acidente s";"74";"BR-163/MS";"NORTE";"Colisão com veículos (traseira)";2;0;0;0;0;0;0;0;0;0;2;0;0;0;0
"01/09/2020";"06:35:00";"376";"Acidente s";"364.204";"BR-163/MS";"NORTE";"Colisão c/ obstáculos";1;0;0;0;0;0;0;0;0;0;1;0;0;0;0
"02/09/2020";"09:22:00";"155";"Acidente s";"460";"BR-163/MS";"NORTE";"Tombamento";0;0;1;0;0;1;0;0;0;0;2;0;0;0;0
"02/09/2020";"01:36:00";"267";"Acidente c";"541.48";"BR-163/MS";"NORTE";"Saídas de pista";1;0;0;0;0;0;0;0;0;0;1;1;1;0;0
"03/09/2020";"11:53:00";"240";"Acidente c";"614.355";"BR-163/MS";"NORTE";"Colisão lateral no mesmo sentido";1;0;0;0;0;0;0;0;0;1;2;1;0;0;0
"03/09/2020";"06:29:00";"384";"Acidente s";"441.725";"BR-163/MS";"NORTE";"Colisão lateral no mesmo sentido";0;0;0;0;0;1;0;0;0;2;5;0;0;0;0
"03/09/2020";"09:39:00";"430";"Acidente s";"755";"BR-163/MS";"SUL";"Atropelamento de animais";0;0;1;0;0;0;0;0;0;0;1;0;0;0;0
"04/09/2020";"01:24:00";"12";"Acidente s";"680";"BR-163/MS";"SUL";"Atropelamento de animais";0;0;1;0;0;0;0;0;0;0;1;0;0;0;0
"04/09/2020";"04:35:00";"331";"Acidente c";"11";"BR-163/MS";"NORTE";"Tombamento de moto";0;0;0;1;0;0;0;0;0;0;0;1;0;0;0
"04/09/2020";"05:33:00";"355";"Acidente s";"667";"BR-163/MS";"NORTE";"Tombamento de moto";0;0;0;1;0;0;0;0;0;0;2;0;0;0;0
"04/09/2020";"09:14:00";"423";"Acidente s";"569.268";"BR-163/MS";"NORTE";"Atropelamento de animais";1;0;0;0;0;0;0;0;0;0;3;0;0;0;0
"04/09/2020";"09:31:00";"429";"Acidente c";"491.345";"BR-163/MS";"NORTE";"Colisão com veículos (traseira)";0;0;0;1;0;1;0;0;0;0;1;1;0;0;0
"04/09/2020";"09:37:00";"431";"Acidente s";"429.902";"BR-163/MS";"NORTE";"Atropelamento de animais";1;0;0;0;0;0;0;0;0;0;3;0;0;0;0
"05/09/2020";"01:03:00";"10";"Acidente c";"18.22";"BR-163/MS";"NORTE";"Tombamento de moto";0;0;0;1;0;0;0;0;0;0;0;2;0;0;0
"05/09/2020";"08:55:00";"124";"Acidente c";"412";"BR-163/MS";"SUL";"Tombamento de moto";0;0;0;1;0;0;0;0;0;0;0;2;0;0;0
"05/09/2020";"10:11:00";"156";"Acidente s";"89";"BR-163/MS";"SUL";"Colisão com veículos (traseira)";0;0;0;0;0;0;0;0;0;2;2;0;0;0;0
"05/09/2020";"12:07:00";"192";"Acidente c";"324";"BR-163/MS";"NORTE";"Colisão com veículos (traseira)";1;0;0;1;0;0;0;0;0;0;4;2;0;0;0
"05/09/2020";"01:15:00";"223";"Acidente c";"403";"BR-163/MS";"SUL";"Tombamento";0;0;1;0;0;2;0;0;0;0;2;2;0;0;0
"05/09/2020";"04:39:00";"311";"Acidente s";"469.391";"BR-163/MS";"NORTE";"Outros";1;0;2;0;0;0;0;0;0;1;9;0;0;0;0
"05/09/2020";"05:41:00";"332";"Acidente s";"259.841";"BR-163/MS";"NORTE";"Saídas de pista";1;0;0;0;0;0;0;0;0;0;1;0;0;0;0
"05/09/2020";"06:27:00";"347";"Acidente s";"206.684";"BR-163/MS";"NORTE";"Tombamento de moto";0;0;0;1;0;0;0;0;0;0;1;0;0;0;0
"05/09/2020";"07:45:00";"375";"Acidente s";"266.98";"BR-163/MS";"NORTE";"Colisão com veículos (traseira)";0;0;1;0;0;1;0;0;0;1;4;0;0;0;0
"05/09/2020";"10:20:00";"411";"Acidente c";"728.138";"BR-163/MS";"SUL";"Colisão lateral no mesmo sentido";1;0;0;0;0;0;0;0;0;1;2;1;0;0;0
"05/09/2020";"11:31:00";"428";"Acidente s";"566.782";"BR-163/MS";"NORTE";"Atropelamento de animais";0;0;0;0;0;0;0;0;0;1;2;0;0;0;0
"06/09/2020";"08:33:00";"79";"Acidente c";"297";"BR-163/MS";"NORTE";"Tombamento de moto";0;0;0;1;0;0;0;0;0;0;0;1;0;0;0
"06/09/2020";"03:10:00";"206";"Acidente c";"520";"BR-163/MS";"NORTE";"Tombamento de moto";0;0;0;1;0;0;0;0;0;0;0;2;0;0;0
"06/09/2020";"09:09:00";"305";"Acidente c";"256";"BR-163/MS";"SUL";"Colisão com veículos (traseira)";0;0;0;1;0;1;0;0;0;0;1;1;0;0;0
"07/09/2020";"02:26:00";"12";"Acidente s";"791.467";"BR-163/MS";"NORTE";"Tombamento";0;0;1;0;0;2;0;0;0;0;3;0;0;0;0
"07/09/2020";"05:55:00";"342";"Acidente c";"457.484";"BR-163/MS";"NORTE";"Colisão lateral no mesmo sentido";0;0;1;1;0;0;0;0;0;0;1;0;0;0;1
"08/09/2020";"02:06:00";"242";"Acidente s";"478.521";"BR-163/MS";"NORTE";"Saídas de pista";0;0;0;0;0;0;0;0;0;1;1;0;0;0;0
"08/09/2020";"06:38:00";"328";"Acidente c";"680";"BR-163/MS";"NORTE";"Colisão com veículos (frontal)";0;0;0;1;0;0;0;0;0;1;1;0;1;0;0
"10/09/2020";"03:25:00";"245";"Acidente s";"135.92";"BR-163/MS";"NORTE";"Colisão com veículos (traseira)";0;0;2;0;0;2;0;0;0;0;4;0;0;0;0
"10/09/2020";"04:29:00";"264";"Acidente c";"23";"BR-163/MS";"SUL";"Colisão com veículos (frontal)";1;0;0;1;0;0;0;0;0;0;2;0;1;0;0
"11/09/2020";"07:18:00";"68";"Acidente s";"362.582";"BR-163/MS";"SUL";"Colisão lateral no mesmo sentido";1;0;0;0;0;0;0;0;0;1;3;0;0;0;0
"11/09/2020";"08:46:00";"126";"Acidente s";"134";"BR-163/MS";"NORTE";"Saídas de pista";1;0;0;0;0;0;0;0;0;0;3;0;0;0;0
"11/09/2020";"09:46:00";"156";"Acidente c";"97.831";"BR-163/MS";"SUL";"Capotamento";0;0;0;0;0;0;0;0;0;1;0;0;0;2;0
"11/09/2020";"08:53:00";"385";"Acidente c";"253.84";"BR-163/MS";"NORTE";"Colisão c/ obstáculos";1;0;0;0;0;0;0;0;0;0;1;2;0;0;0
"11/09/2020";"11:21:00";"406";"Acidente c";"274";"BR-163/MS";"NORTE";"Colisão lateral no mesmo sentido";0;0;0;1;0;1;0;0;0;0;1;1;0;0;0
"12/09/2020";"12:35:00";"6";"Acidente c";"795.316";"BR-163/MS";"NORTE";"Capotamento";0;0;0;0;0;0;0;0;0;1;0;1;0;0;0
"12/09/2020";"12:51:00";"12";"Acidente s";"123.553";"BR-163/MS";"SUL";"Atropelamento de animais";0;0;1;0;0;0;0;0;0;0;2;0;0;0;0
"12/09/2020";"01:53:00";"19";"Acidente s";"212.5";"BR-163/MS";"NORTE";"Colisão c/ obstáculos";1;0;0;0;0;0;0;0;0;0;1;0;0;0;0
"12/09/2020";"05:00:00";"43";"Acidente c";"375.73";"BR-163/MS";"NORTE";"Tombamento";0;0;1;0;0;0;0;0;0;0;1;1;0;0;0
"12/09/2020";"07:58:00";"115";"Acidente s";"680.946";"BR-163/MS";"SUL";"Colisão lateral no sentido contrário";0;0;1;0;0;0;0;0;0;1;5;0;0;0;0
"13/09/2020";"03:08:00";"19";"Acidente s";"252.837";"BR-163/MS";"NORTE";"Saídas de pista";1;0;0;0;0;0;0;0;0;0;2;0;0;0;0
"13/09/2020";"06:16:00";"35";"Acidente s";"603";"BR-163/MS";"NORTE";"Colisão com veículos (traseira)";0;0;1;0;0;1;0;0;0;0;3;0;0;0;0
"13/09/2020";"07:50:00";"80";"Acidente s";"615.69";"BR-163/MS";"NORTE";"Colisão c/ obstáculos";0;0;0;1;0;0;0;0;0;0;1;0;0;0;0
"13/09/2020";"07:17:00";"296";"Acidente c";"285.958";"BR-163/MS";"NORTE";"Engavetamento";2;0;0;0;0;0;0;0;0;1;0;8;0;0;0
"13/09/2020";"07:29:00";"301";"Acidente c";"445.224";"BR-163/MS";"NORTE";"Tombamento";0;0;1;0;0;2;0;0;0;0;2;1;0;0;0
"14/09/2020";"04:26:00";"16";"Atropelame";"37";"BR-163/MS";"SUL";"Atropelamento de pedestre";0;0;1;0;0;0;0;0;0;0;0;1;0;1;0
"14/09/2020";"05:24:00";"21";"Acidente c";"438.243";"BR-163/MS";"SUL";"Colisão lateral no sentido contrário";2;0;0;0;0;0;0;0;0;0;0;5;1;1;1
"14/09/2020";"02:38:00";"228";"Acidente c";"206";"BR-163/MS";"NORTE";"Colisão lateral no sentido contrário";1;0;0;0;0;0;0;0;0;1;1;1;0;0;0
"14/09/2020";"06:21:00";"302";"Acidente s";"246.54";"BR-163/MS";"NORTE";"Colisão com veículos (traseira)";1;0;0;0;0;0;0;0;0;1;2;0;0;0;0
"14/09/2020";"07:15:00";"315";"Acidente s";"245.474";"BR-163/MS";"NORTE";"Colisão com veículos (traseira)";0;0;2;0;0;0;0;0;0;0;2;0;0;0;0