data;horario;n_da_ocorrencia;tipo_de_ocorrencia;km;trecho;sentido;tipo_de_acidente;automovel;bicicleta;caminhao;moto;onibus;outros;tracao_animal;transporte_de_cargas_especiais;trator_maquinas;utilitarios;ilesos;levemente_feridos;moderadamente_feridos;gravemente_feridos;mortos
"27/10/2020";"06:15:00";"50";"Acidente c";"843";"BR-163/MS";"SUL";"Tombamento";0;0;1;0;0;1;0;0;0;0;1;1;0;0;0
"27/10/2020";"08:45:00";"109";"Acidente c";"145.5";"BR-163/MS";"NORTE";"Capotamento";0;0;0;0;0;1;0;0;0;1;1;1;0;0;0
"27/10/2020";"02:50:00";"217";"Acidente c";"275";"BR-163/MS";"NORTE";"Tombamento de moto";0;0;0;1;0;0;0;0;0;0;0;2;0;0;0
"27/10/2020";"03:55:00";"239";"Acidente s";"162.3";"BR-163/MS";"SUL";"Tombamento de moto";0;0;0;1;0;0;0;0;0;0;1;0;0;0;0
"27/10/2020";"05:15:00";"259";"Acidente s";"485";"BR-163/MS";"NORTE";"Engavetamento";3;0;0;0;0;0;0;0;0;0;4;0;0;0;0
"28/10/2020";"01:52:00";"260";"Acidente s";"249.873";"BR-163/MS";"NORTE";"Colisão com veículos (traseira)";1;0;0;0;0;1;0;0;0;1;7;0;0;0;0
"28/10/2020";"03:24:00";"309";"Acidente c";"483";"BR-163/MS";"NORTE";"Tombamento de moto";0;0;0;1;0;0;0;0;0;0;1;1;0;0;0
"28/10/2020";"03:42:00";"312";"Acidente s";"463";"BR-163/MS";"NORTE";"Engavetamento";0;0;4;0;0;3;0;0;0;0;7;0;0;0;0
"28/10/2020";"04:31:00";"335";"Acidente c";"256";"BR-163/MS";"NORTE";"Tombamento de moto";0;0;0;1;0;0;0;0;0;0;0;1;0;0;0
"28/10/2020";"06:52:00";"376";"Acidente s";"386.277";"BR-163/MS";"NORTE";"Atropelamento de animais";1;0;0;0;0;0;0;0;0;0;2;0;0;0;0
"28/10/2020";"09:20:00";"409";"Acidente s";"219.926";"BR-163/MS";"NORTE";"Atropelamento de animais";0;0;1;0;0;0;0;0;0;0;2;0;0;0;0
"29/10/2020";"05:07:00";"17";"Acidente s";"461";"BR-163/MS";"NORTE";"Saídas de pista";0;0;0;0;0;0;0;0;0;1;1;0;0;0;0
"29/10/2020";"07:43:00";"62";"Acidente c";"463";"BR-163/MS";"SUL";"Colisão com veículos (frontal)";1;0;0;0;0;0;0;0;0;1;2;1;0;0;0
"29/10/2020";"08:29:00";"77";"Acidente s";"6.952";"BR-163/MS";"SUL";"Colisão c/ obstáculos";0;0;0;0;0;1;0;0;0;1;2;0;0;0;0
"29/10/2020";"06:28:00";"280";"Acidente s";"680.816";"BR-163/MS";"SUL";"Colisão com veículos (frontal)";1;0;0;0;0;0;0;0;0;1;3;0;0;0;0
"29/10/2020";"07:06:00";"295";"Atropelame";"465.5";"BR-163/MS";"SUL";"Colisão com veículos (traseira)";1;1;0;0;0;0;0;0;0;0;5;1;0;0;0
"29/10/2020";"08:02:00";"304";"Acidente s";"331.5";"BR-163/MS";"NORTE";"Atropelamento de animais";1;0;0;0;0;0;0;0;0;0;1;0;0;0;0
"31/10/2020";"03:34:00";"10";"Acidente c";"714.35";"BR-163/MS";"NORTE";"Tombamento de moto";0;0;0;1;0;0;0;0;0;0;0;1;0;0;0
"31/10/2020";"12:02:00";"174";"Acidente s";"30.354";"BR-163/MS";"NORTE";"Engavetamento";4;0;1;0;0;0;0;0;0;1;14;0;0;0;0
"31/10/2020";"06:48:00";"281";"Acidente s";"442.967";"BR-163/MS";"NORTE";"Atropelamento de animais";0;0;0;0;0;0;0;0;0;1;1;0;0;0;0
"01/11/2020";"04:05:00";"18";"Acidente s";"207.624";"BR-163/MS";"SUL";"Saídas de pista";1;0;0;0;0;0;0;0;0;0;2;0;0;0;0
"01/11/2020";"05:21:00";"27";"Acidente c";"659.19";"BR-163/MS";"NORTE";"Tombamento de moto";0;0;0;1;0;0;0;0;0;0;0;1;0;0;0
"02/11/2020";"02:58:00";"213";"Acidente c";"335.6";"BR-163/MS";"NORTE";"Colisão c/ obstáculos";0;0;0;0;0;0;0;0;0;1;1;1;0;0;0
"02/11/2020";"07:03:00";"307";"Acidente c";"727.957";"BR-163/MS";"NORTE";"Colisão com veículos (traseira)";1;0;1;0;0;0;0;0;0;0;6;1;0;0;0
"02/11/2020";"10:06:00";"337";"Acidente c";"260.258";"BR-163/MS";"NORTE";"Tombamento de moto";0;0;0;1;0;0;0;0;0;0;0;1;0;0;0
"03/11/2020";"02:26:00";"15";"Acidente s";"843.6";"BR-163/MS";"SUL";"Capotamento";1;0;0;0;0;0;0;0;0;0;4;0;0;0;0
"03/11/2020";"08:51:00";"130";"Acidente c";"475";"BR-163/MS";"NORTE";"Tombamento";0;0;1;0;0;1;0;0;0;0;1;1;0;0;0
"03/11/2020";"07:10:00";"368";"Acidente s";"614.822";"BR-163/MS";"NORTE";"Colisão lateral no mesmo sentido";2;0;0;0;0;0;0;0;0;0;2;0;0;0;0
"04/11/2020";"05:39:00";"17";"Acidente c";"263";"BR-163/MS";"NORTE";"Tombamento de moto";0;0;0;1;0;0;0;0;0;0;0;1;0;0;0
"04/11/2020";"09:44:00";"125";"Acidente c";"373";"BR-163/MS";"SUL";"Tombamento de moto";0;0;0;1;0;0;0;0;0;0;0;2;0;0;0
"04/11/2020";"10:29:00";"139";"Acidente s";"647.98";"BR-163/MS";"SUL";"Saídas de pista";0;0;1;0;0;2;0;0;0;0;3;0;0;0;0
"04/11/2020";"03:43:00";"251";"Acidente s";"220";"BR-163/MS";"NORTE";"Colisão com veículos (traseira)";0;0;2;0;0;1;0;0;0;0;5;0;0;0;0
"04/11/2020";"09:21:00";"346";"Acidente s";"413.5";"BR-163/MS";"NORTE";"Colisão c/ obstáculos";0;0;1;0;0;1;0;0;0;0;3;0;0;0;0
"05/11/2020";"04:51:00";"29";"Acidente c";"264.898";"BR-163/MS";"SUL";"Colisão com veículos (frontal)";0;0;0;2;0;0;0;0;0;0;2;1;0;0;0
"05/11/2020";"09:26:00";"152";"Acidente c";"483";"BR-163/MS";"SUL";"Colisão c/ obstáculos";0;0;0;0;0;0;0;0;0;1;0;0;0;1;0
"05/11/2020";"02:04:00";"238";"Acidente c";"258";"BR-163/MS";"SUL";"Tombamento de moto";0;0;0;1;0;0;0;0;0;0;0;2;0;0;0
"07/11/2020";"12:40:00";"6";"Acidente s";"439.1";"BR-163/MS";"NORTE";"Atropelamento de animais";1;0;0;0;0;0;0;0;0;0;2;0;0;0;0
"07/11/2020";"02:33:00";"14";"Acidente s";"589.88";"BR-163/MS";"SUL";"Colisão c/ obstáculos";1;0;0;0;0;0;0;0;0;0;1;0;0;0;0
"07/11/2020";"05:20:00";"31";"Acidente c";"374.3";"BR-163/MS";"NORTE";"Capotamento";1;0;0;0;0;0;0;0;0;0;0;0;1;0;0
"07/11/2020";"05:26:00";"33";"Acidente s";"341.728";"BR-163/MS";"NORTE";"Colisão com veículos (traseira)";1;0;0;0;0;0;0;0;0;1;2;0;0;0;0
"07/11/2020";"11:38:00";"174";"Acidente s";"14.51";"BR-163/MS";"NORTE";"Colisão c/ obstáculos";0;0;1;0;0;1;0;0;0;1;3;0;0;0;0
"07/11/2020";"06:24:00";"285";"Acidente c";"637.644";"BR-163/MS";"SUL";"Colisão com veículos (traseira)";1;0;0;0;0;0;0;0;0;1;3;0;1;1;1
"07/11/2020";"07:47:00";"304";"Acidente c";"154.779";"BR-163/MS";"SUL";"Colisão lateral no mesmo sentido";1;0;1;0;0;0;0;0;0;0;1;1;0;0;0
"07/11/2020";"10:42:00";"334";"Acidente c";"37.372";"BR-163/MS";"NORTE";"Capotamento";0;0;1;0;0;1;0;0;0;0;1;1;0;1;0
"08/11/2020";"02:42:00";"194";"Acidente s";"5.547";"BR-163/MS";"NORTE";"Colisão c/ obstáculos";1;0;0;0;0;0;0;0;0;0;4;0;0;0;0
"08/11/2020";"06:27:00";"254";"Acidente c";"475.602";"BR-163/MS";"NORTE";"Colisão com veículos (traseira)";0;0;0;1;0;1;0;0;0;0;1;2;0;0;0
"08/11/2020";"10:17:00";"280";"Acidente c";"485.518";"BR-163/MS";"NORTE";"Colisão com veículos (traseira)";0;0;0;2;0;0;0;0;0;0;1;1;0;0;0
"09/11/2020";"04:54:00";"15";"Acidente c";"838.649";"BR-163/MS";"NORTE";"Tombamento";0;0;1;0;0;0;0;0;0;0;0;0;1;0;0
"09/11/2020";"07:01:00";"41";"Acidente c";"485";"BR-163/MS";"NORTE";"Colisão com veículos (traseira)";0;1;1;1;0;1;0;0;0;0;2;2;0;0;0
"09/11/2020";"08:04:00";"67";"Acidente s";"384.8";"BR-163/MS";"NORTE";"Colisão com veículos (traseira)";1;0;1;0;0;0;0;0;0;0;2;0;0;0;0
"09/11/2020";"08:24:00";"75";"Acidente s";"251";"BR-163/MS";"NORTE";"Colisão lateral no mesmo sentido";1;0;0;0;0;0;0;0;0;1;5;0;0;0;0
"09/11/2020";"11:24:00";"136";"Acidente s";"313";"BR-163/MS";"SUL";"Colisão com veículos (traseira)";1;0;1;0;0;0;0;0;0;0;4;0;0;0;0
"09/11/2020";"03:10:00";"226";"Acidente c";"631";"BR-163/MS";"SUL";"Colisão c/ obstáculos";1;0;0;0;0;0;0;0;0;0;1;1;0;0;0
"09/11/2020";"05:27:00";"264";"Acidente c";"490.2";"BR-163/MS";"NORTE";"Colisão c/ obstáculos";0;0;0;1;0;0;0;0;0;0;0;1;0;0;0
"09/11/2020";"06:23:00";"275";"Acidente c";"681.338";"BR-163/MS";"NORTE";"Colisão lateral no sentido contrário";1;0;1;0;0;0;0;0;0;0;3;0;0;1;0
"09/11/2020";"06:49:00";"282";"Acidente s";"263.522";"BR-163/MS";"SUL";"Colisão com veículos (traseira)";0;0;1;0;0;2;0;0;0;1;4;0;0;0;0
"10/11/2020";"08:21:00";"96";"Acidente s";"99.531";"BR-163/MS";"NORTE";"Colisão com veículos (traseira)";0;0;0;0;0;0;0;0;0;2;3;0;0;0;0
"11/11/2020";"02:21:00";"8";"Acidente s";"295.71";"BR-163/MS";"NORTE";"Atropelamento de animais";1;0;0;0;0;0;0;0;0;0;1;0;0;0;0
"11/11/2020";"07:49:00";"65";"Acidente c";"486";"BR-163/MS";"NORTE";"Colisão lateral no sentido contrário";0;0;0;1;0;0;0;0;0;1;0;1;0;1;0
"11/11/2020";"08:34:00";"88";"Acidente s";"497";"BR-163/MS";"SUL";"Saídas de pista";1;0;0;0;0;0;0;0;0;0;1;0;0;0;0
"11/11/2020";"12:57:00";"182";"Acidente s";"473";"BR-163/MS";"SUL";"Colisão com veículos (traseira)";0;0;2;0;0;2;0;0;0;0;4;0;0;0;0
"11/11/2020";"01:58:00";"201";"Acidente s";"750.1";"BR-163/MS";"NORTE";"Tombamento";0;0;1;0;0;2;0;0;0;0;3;0;0;0;0
"11/11/2020";"06:13:00";"282";"Acidente c";"486";"BR-163/MS";"NORTE";"Colisão com veículos (traseira)";0;0;0;1;0;1;0;0;0;0;1;0;1;0;0
"11/11/2020";"07:58:00";"302";"Acidente c";"820.825";"BR-163/MS";"SUL";"Tombamento de moto";0;0;0;1;0;0;0;0;0;0;0;2;0;0;0
"12/11/2020";"03:25:00";"14";"Acidente c";"751.379";"BR-163/MS";"NORTE";"Tombamento";0;0;1;0;0;1;0;0;0;0;1;1;0;0;0
"12/11/2020";"07:49:00";"73";"Acidente c";"308.331";"BR-163/MS";"NORTE";"Colisão c/ obstáculos";0;0;0;0;0;0;0;0;0;1;0;1;0;0;0
"12/11/2020";"02:26:00";"253";"Acidente c";"258.31";"BR-163/MS";"NORTE";"Colisão lateral no sentido contrário";1;0;0;1;0;0;0;0;0;0;1;1;0;0;0
"12/11/2020";"02:45:00";"258";"Acidente s";"579";"BR-163/MS";"NORTE";"Saídas de pista";1;0;0;0;0;0;0;0;0;0;1;0;0;0;0
"12/11/2020";"04:39:00";"293";"Acidente s";"47.615";"BR-163/MS";"SUL";"Colisão com veículos (traseira)";0;0;1;0;0;1;0;0;0;1;3;0;0;0;0
"12/11/2020";"06:27:00";"310";"Acidente s";"478.434";"BR-163/MS";"SUL";"Colisão com veículos (traseira)";0;0;2;0;0;3;0;0;0;0;6;0;0;0;0
"12/11/2020";"06:45:00";"315";"Atropelame";"486.78";"BR-163/MS";"SUL";"Atropelamento de pedestre";1;1;0;0;0;0;0;0;0;1;2;0;1;0;0
"13/11/2020";"03:29:00";"10";"Acidente s";"359";"BR-163/MS";"SUL";"Atropelamento de animais";0;0;1;0;0;0;0;0;0;0;1;0;0;0;0
"13/11/2020";"10:40:00";"167";"Acidente s";"108";"BR-163/MS";"NORTE";"Colisão c/ obstáculos";0;0;0;1;0;0;0;0;0;0;2;0;0;0;0
"13/11/2020";"12:17:00";"192";"Acidente c";"260";"BR-163/MS";"NORTE";"Tombamento de moto";0;0;0;1;0;0;0;0;0;0;0;1;0;0;0
"13/11/2020";"02:35:00";"250";"Acidente s";"396";"BR-163/MS";"NORTE";"Colisão com veículos (traseira)";2;0;0;0;0;0;0;0;0;0;5;0;0;0;0
"13/11/2020";"05:38:00";"302";"Acidente c";"272";"BR-163/MS";"SUL";"Colisão c/ obstáculos";0;0;0;1;0;0;0;0;0;0;0;0;1;0;0
"13/11/2020";"06:25:00";"316";"Acidente s";"759";"BR-163/MS";"SUL";"Atropelamento de animais";1;0;0;0;0;0;0;0;0;0;2;0;0;0;0
"13/11/2020";"11:12:00";"368";"Acidente s";"392.962";"BR-163/MS";"SUL";"Saídas de pista";1;0;0;0;0;0;0;0;0;0;1;0;0;0;0
"13/11/2020";"11:26:00";"373";"Acidente s";"735";"BR-163/MS";"SUL";"Atropelamento de animais";0;0;0;0;0;0;0;0;0;1;3;0;0;0;0
"14/11/2020";"12:02:00";"4";"Acidente c";"259.422";"BR-163/MS";"NORTE";"Colisão com veículos (traseira)";1;0;0;1;0;0;0;0;0;0;1;0;0;0;1
"14/11/2020";"05:41:00";"40";"Acidente c";"185.591";"BR-163/MS";"SUL";"Capotamento";0;0;0;0;0;0;0;0;0;1;0;1;0;0;0
"14/11/2020";"01:16:00";"187";"Acidente c";"120.67";"BR-163/MS";"SUL";"Colisão com veículos (frontal)";2;0;0;0;0;0;0;0;0;0;0;0;0;2;1
"14/11/2020";"05:19:00";"258";"Acidente c";"261.184";"BR-163/MS";"SUL";"Colisão com veículos (traseira)";0;2;0;1;0;0;0;0;0;0;1;2;0;0;0
"14/11/2020";"06:30:00";"270";"Acidente c";"623.48";"BR-163/MS";"SUL";"Capotamento";1;0;0;0;0;0;0;0;0;0;0;0;0;0;1
"14/11/2020";"07:26:00";"280";"Acidente c";"18.944";"BR-163/MS";"NORTE";"Colisão com veículos (traseira)";1;0;0;0;0;1;0;0;0;0;1;1;0;0;0
"14/11/2020";"08:49:00";"301";"Acidente s";"260.839";"BR-163/MS";"SUL";"Atropelamento de animais";0;0;0;1;0;0;0;0;0;0;2;0;0;0;0
"14/11/2020";"09:57:00";"311";"Acidente s";"152.732";"BR-163/MS";"SUL";"Atropelamento de animais";1;0;0;0;0;0;0;0;0;0;2;0;0;0;0
"14/11/2020";"10:24:00";"314";"Acidente c";"18.567";"BR-163/MS";"NORTE";"Colisão lateral no sentido contrário";0;0;0;0;0;0;0;0;0;2;3;1;0;0;0
"15/11/2020";"07:53:00";"69";"Acidente c";"810.896";"BR-163/MS";"NORTE";"Colisão com veículos (frontal)";1;0;1;0;0;2;0;0;0;0;3;0;0;0;1
"15/11/2020";"05:24:00";"201";"Acidente s";"507.24";"BR-163/MS";"NORTE";"Saídas de pista";0;0;0;0;0;0;0;0;0;1;1;0;0;0;0
"16/11/2020";"12:39:00";"2";"Acidente s";"437";"BR-163/MS";"NORTE";"Atropelamento de animais";1;0;0;0;0;0;0;0;0;0;2;0;0;0;0
"16/11/2020";"07:15:00";"64";"Acidente s";"455.654";"BR-163/MS";"NORTE";"Colisão c/ obstáculos";1;0;0;0;0;0;0;0;0;0;3;0;0;0;0
"16/11/2020";"10:19:00";"141";"Acidente s";"481.833";"BR-163/MS";"SUL";"Colisão com veículos (traseira)";0;0;2;0;0;3;0;0;0;0;5;0;0;0;0
"16/11/2020";"11:32:00";"167";"Acidente c";"154.516";"BR-163/MS";"SUL";"Capotamento";1;0;0;0;0;0;0;0;0;0;4;0;1;0;0
"16/11/2020";"02:59:00";"218";"Acidente c";"283";"BR-163/MS";"NORTE";"Colisão com veículos (traseira)";0;0;0;1;0;1;0;0;0;1;2;1;0;0;0
"16/11/2020";"08:33:00";"309";"Acidente s";"436.623";"BR-163/MS";"SUL";"Atropelamento de animais";0;0;0;0;0;0;0;0;0;1;4;0;0;0;0
"17/11/2020";"05:37:00";"26";"Acidente s";"144.529";"BR-163/MS";"SUL";"Tombamento";0;0;1;0;0;2;0;0;0;0;3;0;0;0;0
"17/11/2020";"06:00:00";"28";"Acidente s";"14.94";"BR-163/MS";"NORTE";"Saídas de pista";0;0;0;0;0;0;0;0;0;1;1;0;0;0;0
"17/11/2020";"12:12:00";"216";"Acidente s";"435";"BR-163/MS";"SUL";"Colisão lateral no mesmo sentido";1;0;2;0;0;1;0;0;0;0;4;0;0;0;0
"17/11/2020";"02:21:00";"250";"Acidente s";"13.872";"BR-163/MS";"NORTE";"Colisão com veículos (traseira)";1;0;0;0;0;1;0;0;0;0;2;0;0;0;0
"17/11/2020";"03:26:00";"276";"Acidente c";"755.8";"BR-163/MS";"NORTE";"Colisão com veículos (traseira)";0;0;1;0;0;0;0;0;0;1;1;0;2;0;0
"17/11/2020";"08:33:00";"358";"Acidente s";"432";"BR-163/MS";"SUL";"Colisão c/ obstáculos";1;0;0;0;0;0;0;0;0;0;2;0;0;0;0
"18/11/2020";"06:55:00";"40";"Acidente c";"18.4";"BR-163/MS";"NORTE";"Colisão lateral no sentido contrário";1;0;0;1;0;0;0;0;0;0;1;0;1;0;0
"18/11/2020";"02:41:00";"213";"Acidente s";"248.446";"BR-163/MS";"NORTE";"Saídas de pista";1;0;0;0;0;0;0;0;0;0;2;0;0;0;0
"18/11/2020";"05:09:00";"258";"Acidente s";"27";"BR-163/MS";"NORTE";"Colisão com veículos (traseira)";0;0;2;0;0;2;0;0;0;0;4;0;0;0;0
"18/11/2020";"06:17:00";"276";"Acidente s";"533";"BR-163/MS";"NORTE";"Saídas de pista";1;0;0;0;0;0;0;0;0;0;1;0;0;0;0
"18/11/2020";"09:15:00";"307";"Acidente c";"501.2";"BR-163/MS";"NORTE";"Capotamento";1;0;0;0;0;0;0;0;0;0;0;1;0;0;0
"18/11/2020";"09:44:00";"313";"Acidente c";"209.786";"BR-163/MS";"NORTE";"Colisão lateral no sentido contrário";2;0;0;0;0;0;0;0;0;0;3;1;0;0;0
"19/11/2020";"07:47:00";"69";"Acidente c";"103";"BR-163/MS";"SUL";"Colisão lateral no mesmo sentido";0;0;1;0;1;0;0;0;0;0;26;1;0;0;0
"19/11/2020";"10:41:00";"149";"Acidente s";"103";"BR-163/MS";"NORTE";"Colisão com veículos (traseira)";0;0;1;0;0;0;0;0;0;1;3;0;0;0;0
"19/11/2020";"06:53:00";"313";"Acidente s";"220.524";"BR-163/MS";"NORTE";"Colisão c/ obstáculos";1;0;0;0;0;0;0;0;0;0;1;0;0;0;0
"19/11/2020";"11:05:00";"341";"Acidente c";"21.7";"BR-163/MS";"NORTE";"Saídas de pista";1;0;0;0;0;0;0;0;0;0;0;2;0;0;0
"20/11/2020";"03:59:00";"17";"Acidente s";"736.7";"BR-163/MS";"NORTE";"Tombamento";0;0;1;0;0;2;0;0;0;0;3;0;0;0;0
"20/11/2020";"09:56:00";"118";"Acidente s";"86.99";"BR-163/MS";"SUL";"Saídas de pista";1;0;0;0;0;1;0;0;0;0;4;0;0;0;0
"20/11/2020";"10:42:00";"130";"Acidente c";"185.915";"BR-163/MS";"SUL";"Tombamento";0;0;1;0;0;1;0;0;0;0;2;0;1;0;0
"20/11/2020";"11:37:00";"152";"Acidente c";"282.713";"BR-163/MS";"NORTE";"Colisão lateral no sentido contrário";0;1;0;0;0;0;0;0;0;1;0;1;0;0;1
"20/11/2020";"01:16:00";"179";"Acidente c";"475";"BR-163/MS";"NORTE";"Tombamento de moto";0;0;0;1;0;0;0;0;0;0;1;1;0;0;0
"20/11/2020";"01:56:00";"192";"Acidente c";"485";"BR-163/MS";"NORTE";"Colisão lateral no mesmo sentido";2;0;0;0;0;0;0;0;0;0;2;1;0;0;0
"20/11/2020";"03:13:00";"221";"Acidente s";"91.379";"BR-163/MS";"SUL";"Colisão com veículos (traseira)";0;0;1;0;0;1;0;0;0;1;4;0;0;0;0
"20/11/2020";"04:32:00";"251";"Acidente s";"365";"BR-163/MS";"NORTE";"Colisão com veículos (traseira)";0;0;2;0;0;2;0;0;0;0;4;0;0;0;0
"20/11/2020";"07:44:00";"299";"Acidente s";"225.595";"BR-163/MS";"SUL";"Tombamento de moto";0;0;0;1;0;1;0;0;0;0;2;0;0;0;0
"21/11/2020";"09:12:00";"112";"Acidente s";"6.285";"BR-163/MS";"NORTE";"Engavetamento";2;0;1;0;0;0;0;0;0;0;7;0;0;0;0
"21/11/2020";"06:01:00";"234";"Acidente c";"477";"BR-163/MS";"SUL";"Tombamento";0;1;0;0;0;0;0;0;0;0;0;1;0;0;0
"22/11/2020";"09:05:00";"85";"Acidente s";"573";"BR-163/MS";"SUL";"Tombamento";1;0;0;0;0;0;0;0;0;0;1;0;0;0;0
"22/11/2020";"02:49:00";"170";"Acidente s";"452";"BR-163/MS";"NORTE";"Colisão lateral no mesmo sentido";0;0;2;0;0;2;0;0;0;1;7;0;0;0;0
"22/11/2020";"04:13:00";"202";"Acidente c";"348.386";"BR-163/MS";"NORTE";"Capotamento";1;0;0;0;0;0;0;0;0;0;0;3;0;0;0
"22/11/2020";"05:58:00";"231";"Acidente s";"762.926";"BR-163/MS";"SUL";"Saídas de pista";1;0;0;0;0;0;0;0;0;0;2;0;0;0;0
"22/11/2020";"07:19:00";"254";"Acidente c";"323.171";"BR-163/MS";"SUL";"Capotamento";1;0;0;0;0;0;0;0;0;0;0;1;0;0;0
"22/11/2020";"10:16:00";"279";"Acidente s";"494.469";"BR-163/MS";"NORTE";"Colisão com veículos (traseira)";1;0;1;0;0;1;0;0;0;0;7;0;0;0;0
"23/11/2020";"04:39:00";"226";"Acidente s";"463.816";"BR-163/MS";"NORTE";"Colisão lateral no mesmo sentido";1;0;1;0;0;1;0;0;0;0;4;0;0;0;0
"23/11/2020";"05:40:00";"243";"Acidente c";"477.47";"BR-163/MS";"SUL";"Tombamento de moto";0;0;0;1;0;0;0;0;0;0;0;1;0;0;0
"23/11/2020";"06:58:00";"264";"Acidente s";"9.42";"BR-163/MS";"SUL";"Saídas de pista";1;0;0;0;0;0;0;0;0;0;2;0;0;0;0
"24/11/2020";"03:51:00";"17";"Acidente c";"609.823";"BR-163/MS";"NORTE";"Atropelamento de animais";0;0;0;1;0;0;0;0;0;0;0;1;0;0;0
"24/11/2020";"12:13:00";"202";"Acidente c";"806.517";"BR-163/MS";"NORTE";"Engavetamento";1;0;1;0;0;2;0;0;0;1;5;0;1;0;0
"24/11/2020";"10:17:00";"393";"Acidente s";"66";"BR-163/MS";"NORTE";"Atropelamento de animais";1;0;0;0;0;0;0;0;0;0;2;0;0;0;0
"25/11/2020";"04:12:00";"24";"Acidente s";"587.862";"BR-163/MS";"SUL";"Colisão c/ obstáculos";1;0;0;0;0;0;0;0;0;0;2;0;0;0;0
"25/11/2020";"05:08:00";"35";"Acidente s";"487.429";"BR-163/MS";"SUL";"Colisão lateral no mesmo sentido";0;0;1;0;0;2;0;0;0;1;5;0;0;0;0
"25/11/2020";"01:34:00";"205";"Acidente s";"513";"BR-163/MS";"NORTE";"Capotamento";1;0;0;0;0;0;0;0;0;0;1;0;0;0;0
"25/11/2020";"02:07:00";"213";"Acidente c";"484";"BR-163/MS";"NORTE";"Colisão lateral no mesmo sentido";1;0;0;0;0;0;0;0;0;1;2;1;0;0;0
"26/11/2020";"03:14:00";"8";"Acidente c";"476";"BR-163/MS";"NORTE";"Atropelamento de animais";0;0;0;1;0;0;0;0;0;0;0;1;0;0;0
"26/11/2020";"04:23:00";"16";"Acidente s";"173.451";"BR-163/MS";"SUL";"Atropelamento de animais";0;0;1;0;0;1;0;0;0;0;2;0;0;0;0
"26/11/2020";"06:01:00";"28";"Acidente c";"553";"BR-163/MS";"SUL";"Colisão c/ obstáculos";0;0;1;0;0;1;0;0;0;1;4;1;0;0;0
"27/11/2020";"10:49:00";"155";"Acidente c";"85";"BR-163/MS";"SUL";"Capotamento";1;0;0;0;0;0;0;0;0;0;0;1;0;0;0
"27/11/2020";"06:33:00";"294";"Acidente c";"208.353";"BR-163/MS";"NORTE";"Colisão lateral no sentido contrário";1;0;0;0;0;0;0;0;0;1;0;2;0;0;0
"27/11/2020";"11:03:00";"347";"Acidente s";"662.642";"BR-163/MS";"SUL";"Saídas de pista";0;0;0;0;0;0;0;0;0;1;1;0;0;0;0
"28/11/2020";"07:49:00";"80";"Acidente s";"613";"BR-163/MS";"SUL";"Capotamento";1;0;0;0;0;0;0;0;0;0;1;0;0;0;0
"28/11/2020";"11:44:00";"162";"Acidente c";"481";"BR-163/MS";"NORTE";"Colisão lateral no mesmo sentido";0;0;1;1;0;0;0;0;0;0;1;1;0;0;0
"28/11/2020";"05:14:00";"267";"Acidente s";"620.404";"BR-163/MS";"SUL";"Saídas de pista";0;0;0;0;0;0;0;0;0;1;1;0;0;0;0
"28/11/2020";"09:57:00";"325";"Acidente c";"680.352";"BR-163/MS";"NORTE";"Colisão com veículos (frontal)";1;0;0;1;0;0;0;0;0;0;2;1;0;0;0
"29/11/2020";"04:07:00";"23";"Acidente s";"751";"BR-163/MS";"NORTE";"Atropelamento de animais";1;0;0;0;0;0;0;0;0;0;3;0;0;0;0
"29/11/2020";"08:22:00";"69";"Acidente c";"301.744";"BR-163/MS";"SUL";"Tombamento de moto";0;0;0;1;0;0;0;0;0;0;0;2;0;0;0
"29/11/2020";"10:44:00";"108";"Acidente c";"595.451";"BR-163/MS";"NORTE";"Capotamento";0;0;0;0;0;0;0;0;0;1;0;0;0;1;0
"29/11/2020";"12:36:00";"133";"Acidente s";"801";"BR-163/MS";"NORTE";"Colisão com veículos (traseira)";1;0;0;0;0;1;0;0;0;0;2;0;0;0;0
"29/11/2020";"12:52:00";"135";"Acidente c";"218.52";"BR-163/MS";"SUL";"Colisão lateral no mesmo sentido";1;0;1;0;0;0;0;0;0;0;0;7;0;0;0
"29/11/2020";"06:45:00";"217";"Acidente c";"365.518";"BR-163/MS";"NORTE";"Colisão com veículos (frontal)";0;0;0;2;0;0;0;0;0;0;0;2;0;0;0
"29/11/2020";"09:04:00";"236";"Acidente c";"578.528";"BR-163/MS";"NORTE";"Capotamento";1;0;0;0;0;0;0;0;0;0;3;1;0;0;0
"29/11/2020";"11:50:00";"264";"Acidente s";"586.8";"BR-163/MS";"NORTE";"Atropelamento de animais";1;0;0;0;0;0;0;0;0;0;5;0;0;0;0
"30/11/2020";"03:35:00";"13";"Acidente s";"613.685";"BR-163/MS";"NORTE";"Atropelamento de animais";0;0;0;1;0;0;0;0;0;0;1;0;0;0;0
"30/11/2020";"12:46:00";"184";"Acidente s";"291";"BR-163/MS";"NORTE";"Atropelamento de animais";1;0;0;0;0;0;0;0;0;0;1;0;0;0;0
"30/11/2020";"06:37:00";"275";"Acidente s";"430";"BR-163/MS";"NORTE";"Atropelamento de animais";1;0;0;0;0;0;0;0;0;0;1;0;0;0;0
"01/12/2020";"05:00:00";"25";"Acidente c";"596.3";"BR-163/MS";"NORTE";"Tombamento";1;0;0;0;0;0;0;0;0;0;2;1;0;0;0