data;horario;n_da_ocorrencia;tipo_de_ocorrencia;km;trecho;sentido;tipo_de_acidente;automovel;bicicleta;caminhao;moto;onibus;outros;tracao_animal;transporte_de_cargas_especiais;trator_maquinas;utilitarios;ilesos;levemente_feridos;moderadamente_feridos;gravemente_feridos;mortos
"01/12/2020";"06:38:00";"41";"Acidente c";"23";"BR-163/MS";"SUL";"Tombamento de moto";0;0;0;1;0;0;0;0;0;0;0;1;0;0;0
"01/12/2020";"07:23:00";"56";"Acidente s";"23";"BR-163/MS";"SUL";"Colisão com veículos (traseira)";1;0;0;0;0;0;0;0;0;1;2;0;0;0;0
"01/12/2020";"08:36:00";"87";"Acidente c";"464";"BR-163/MS";"NORTE";"Tombamento de moto";1;0;0;1;0;0;0;0;0;0;2;1;0;0;0
"01/12/2020";"01:09:00";"185";"Acidente c";"23";"BR-163/MS";"NORTE";"Colisão com veículos (frontal)";1;0;0;1;0;0;0;0;0;0;4;1;0;0;0
"01/12/2020";"06:21:00";"248";"Acidente s";"689.808";"BR-163/MS";"SUL";"Capotamento";1;0;0;0;0;1;0;0;0;0;2;0;0;0;0
"01/12/2020";"06:38:00";"252";"Acidente c";"478.694";"BR-163/MS";"NORTE";"Tombamento de moto";0;0;0;1;0;0;0;0;0;0;0;1;0;0;0
"01/12/2020";"06:42:00";"253";"Acidente c";"730";"BR-163/MS";"NORTE";"Colisão lateral no mesmo sentido";1;0;1;0;0;0;0;0;0;0;1;1;0;0;0
"01/12/2020";"07:13:00";"257";"Acidente s";"515";"BR-163/MS";"SUL";"Colisão c/ obstáculos";1;0;1;0;0;0;0;0;0;0;7;0;0;0;0
"01/12/2020";"10:19:00";"291";"Acidente s";"500.367";"BR-163/MS";"NORTE";"Colisão c/ obstáculos";0;0;1;0;0;0;0;0;0;0;1;0;0;0;0
"02/12/2020";"10:56:00";"193";"Acidente s";"568";"BR-163/MS";"SUL";"Saídas de pista";0;0;1;0;0;1;0;0;0;0;2;0;0;0;0
"02/12/2020";"05:57:00";"332";"Acidente c";"23.148";"BR-163/MS";"NORTE";"Colisão lateral no mesmo sentido";1;0;0;1;0;1;0;0;0;0;5;1;0;0;0
"02/12/2020";"06:39:00";"341";"Acidente c";"483.53";"BR-163/MS";"SUL";"Colisão com veículos (traseira)";1;0;0;1;0;0;0;0;0;0;1;1;0;0;0
"02/12/2020";"10:38:00";"376";"Acidente c";"454.292";"BR-163/MS";"SUL";"Tombamento de moto";0;0;0;1;0;0;0;0;0;0;0;1;0;0;0
"03/12/2020";"01:17:00";"8";"Acidente c";"209.337";"BR-163/MS";"SUL";"Colisão c/ obstáculos";0;0;0;1;0;0;0;0;0;0;0;1;0;0;0
"03/12/2020";"09:48:00";"127";"Acidente c";"485";"BR-163/MS";"NORTE";"Colisão com veículos (traseira)";2;0;0;0;0;0;0;0;0;0;1;1;0;0;0
"03/12/2020";"04:10:00";"241";"Acidente c";"412";"BR-163/MS";"SUL";"Saídas de pista";0;0;1;0;0;0;0;0;0;0;1;0;0;1;0
"03/12/2020";"04:31:00";"253";"Acidente c";"476";"BR-163/MS";"NORTE";"Colisão com veículos (traseira)";0;0;3;0;0;3;0;0;0;1;7;2;0;0;0
"03/12/2020";"07:04:00";"292";"Acidente c";"114";"BR-163/MS";"NORTE";"Colisão c/ obstáculos";1;0;0;0;0;0;0;0;0;0;0;2;0;0;0
"04/12/2020";"02:35:00";"18";"Acidente s";"399.9";"BR-163/MS";"NORTE";"Tombamento";0;0;1;0;0;1;0;0;0;0;2;0;0;0;0
"04/12/2020";"02:05:00";"263";"Acidente s";"354";"BR-163/MS";"NORTE";"Saídas de pista";0;0;0;0;0;0;0;0;0;1;1;0;0;0;0
"04/12/2020";"03:41:00";"283";"Acidente c";"402.3";"BR-163/MS";"SUL";"Tombamento de moto";0;0;0;1;0;0;0;0;0;0;1;1;0;0;0
"05/12/2020";"02:00:00";"10";"Acidente s";"367.5";"BR-163/MS";"NORTE";"Colisão c/ obstáculos";1;0;0;0;0;0;0;0;0;0;1;0;0;0;0
"05/12/2020";"07:49:00";"253";"Acidente s";"444";"BR-163/MS";"SUL";"Atropelamento de animais";1;0;0;0;0;0;0;0;0;0;2;0;0;0;0
"05/12/2020";"11:13:00";"284";"Acidente c";"250";"BR-163/MS";"NORTE";"Colisão com veículos (frontal)";1;0;0;0;0;0;0;0;0;1;1;1;0;0;0
"05/12/2020";"11:57:00";"288";"Acidente c";"484.375";"BR-163/MS";"SUL";"Colisão lateral no mesmo sentido";0;0;0;2;0;0;0;0;0;0;0;1;1;0;0
"06/12/2020";"12:36:00";"5";"Acidente s";"717.232";"BR-163/MS";"NORTE";"Atropelamento de animais";1;0;0;0;0;0;0;0;0;0;2;0;0;0;0
"06/12/2020";"07:21:00";"52";"Acidente s";"53";"BR-163/MS";"SUL";"Colisão c/ obstáculos";1;0;0;0;0;0;0;0;0;0;2;0;0;0;0
"06/12/2020";"10:52:00";"102";"Acidente s";"774";"BR-163/MS";"SUL";"Atropelamento de animais";1;0;0;0;0;0;0;0;0;0;3;0;0;0;0
"06/12/2020";"06:13:00";"210";"Acidente c";"113.253";"BR-163/MS";"NORTE";"Colisão c/ obstáculos";1;0;0;0;0;0;0;0;0;0;0;1;0;0;0
"08/12/2020";"11:01:00";"193";"Acidente c";"754.896";"BR-163/MS";"NORTE";"Engavetamento";2;0;1;0;0;1;0;0;0;2;11;1;0;0;0
"09/12/2020";"08:47:00";"347";"Acidente c";"273.563";"BR-163/MS";"NORTE";"Atropelamento de pedestre";0;1;0;0;1;0;0;0;0;0;1;1;0;0;0
"09/12/2020";"11:48:00";"373";"Acidente c";"797";"BR-163/MS";"SUL";"Colisão com veículos (traseira)";0;0;2;0;0;0;0;0;0;0;1;1;0;0;0
"10/12/2020";"04:13:00";"25";"Acidente c";"180.262";"BR-163/MS";"NORTE";"Colisão com veículos (frontal)";0;0;1;0;0;0;0;0;0;1;1;0;0;0;2
"10/12/2020";"06:04:00";"282";"Acidente s";"140";"BR-163/MS";"SUL";"Colisão com veículos (traseira)";0;0;1;0;0;2;0;0;0;0;3;0;0;0;0
"10/12/2020";"06:23:00";"289";"Acidente s";"481";"BR-163/MS";"SUL";"Colisão lateral no mesmo sentido";1;0;1;0;0;0;0;0;0;0;3;0;0;0;0
"10/12/2020";"08:57:00";"318";"Atropelame";"260";"BR-163/MS";"NORTE";"Atropelamento de pedestre";0;1;0;0;0;1;0;0;0;0;1;1;0;0;0
"11/12/2020";"05:32:00";"36";"Acidente s";"78";"BR-163/MS";"NORTE";"Colisão lateral no mesmo sentido";0;0;1;0;0;0;0;0;0;1;2;0;0;0;0
"11/12/2020";"07:29:00";"333";"Acidente s";"443.143";"BR-163/MS";"NORTE";"Atropelamento de animais";0;0;0;0;0;0;0;0;0;1;1;0;0;0;0
"12/12/2020";"01:56:00";"10";"Acidente s";"389";"BR-163/MS";"SUL";"Saídas de pista";0;0;0;0;0;0;0;0;0;1;1;0;0;0;0
"12/12/2020";"05:16:00";"34";"Acidente s";"172.9";"BR-163/MS";"NORTE";"Colisão lateral no mesmo sentido";1;0;1;0;0;2;0;0;0;0;5;0;0;0;0
"12/12/2020";"11:43:00";"161";"Acidente s";"432.547";"BR-163/MS";"SUL";"Colisão c/ obstáculos";0;0;0;0;0;0;0;0;0;1;3;0;0;0;0
"12/12/2020";"02:02:00";"201";"Acidente c";"77.8";"BR-163/MS";"NORTE";"Colisão lateral no sentido contrário";0;0;0;1;0;0;0;0;0;1;1;0;1;0;0
"12/12/2020";"02:52:00";"226";"Acidente c";"10.9";"BR-163/MS";"SUL";"Tombamento de moto";0;0;0;1;0;0;0;0;0;0;0;1;0;0;0
"12/12/2020";"06:45:00";"288";"Acidente s";"166.87";"BR-163/MS";"NORTE";"Colisão c/ obstáculos";1;0;0;0;0;0;0;0;0;0;2;0;0;0;0
"12/12/2020";"11:20:00";"334";"Acidente c";"0.285";"BR-163/MS";"NORTE";"Tombamento de moto";0;0;0;1;0;0;0;0;0;0;0;1;0;0;0
"13/12/2020";"03:28:00";"18";"Acidente c";"191.865";"BR-163/MS";"NORTE";"Capotamento";0;0;0;0;0;0;0;0;0;1;0;1;1;0;1
"13/12/2020";"08:41:00";"81";"Acidente s";"364.266";"BR-163/MS";"SUL";"Colisão c/ obstáculos";1;0;0;0;0;0;0;0;0;0;2;0;0;0;0
"13/12/2020";"06:22:00";"276";"Acidente s";"266.9";"BR-163/MS";"SUL";"Colisão c/ obstáculos";1;0;0;0;0;1;0;0;0;0;3;0;0;0;0
"13/12/2020";"06:40:00";"280";"Acidente c";"485.149";"BR-163/MS";"NORTE";"Colisão com veículos (traseira)";0;0;1;0;0;0;0;0;0;1;2;1;0;0;0
"13/12/2020";"07:16:00";"295";"Acidente s";"633.876";"BR-163/MS";"NORTE";"Colisão c/ obstáculos";1;0;0;0;0;0;0;0;0;0;1;0;0;0;0
"13/12/2020";"11:36:00";"347";"Acidente s";"692.845";"BR-163/MS";"SUL";"Atropelamento de animais";0;0;0;0;0;0;0;0;0;1;2;0;0;0;0
"14/12/2020";"04:51:00";"22";"Acidente c";"743.4";"BR-163/MS";"SUL";"Atropelamento de animais";0;0;0;1;0;0;0;0;0;0;0;1;0;0;0
"14/12/2020";"05:47:00";"26";"Acidente s";"249";"BR-163/MS";"SUL";"Colisão c/ obstáculos";0;0;0;0;0;0;0;0;0;1;1;0;0;0;0
"14/12/2020";"06:35:00";"39";"Acidente s";"105";"BR-163/MS";"SUL";"Colisão c/ obstáculos";1;0;0;0;0;0;0;0;0;0;2;0;0;0;0
"14/12/2020";"05:21:00";"239";"Acidente s";"471.7";"BR-163/MS";"NORTE";"Colisão lateral no sentido contrário";2;0;0;0;0;0;0;0;0;0;2;0;0;0;0
"14/12/2020";"06:54:00";"257";"Acidente s";"429.65";"BR-163/MS";"NORTE";"Atropelamento de animais";0;0;0;0;0;0;0;0;0;1;2;0;0;0;0
"14/12/2020";"07:34:00";"267";"Acidente s";"747";"BR-163/MS";"SUL";"Atropelamento de animais";0;0;1;0;0;2;0;0;0;0;3;0;0;0;0
"15/12/2020";"12:05:00";"1";"Acidente c";"510.41";"BR-163/MS";"SUL";"Colisão c/ obstáculos";0;0;0;0;0;0;0;0;0;1;2;1;0;0;0
"15/12/2020";"06:40:00";"43";"Acidente s";"136.735";"BR-163/MS";"NORTE";"Saídas de pista";0;0;0;0;0;0;0;0;0;1;1;0;0;0;0
"15/12/2020";"03:23:00";"252";"Acidente s";"442.86";"BR-163/MS";"SUL";"Engavetamento";1;0;1;0;1;0;0;0;0;1;22;0;0;0;0
"15/12/2020";"05:54:00";"298";"Acidente s";"481.689";"BR-163/MS";"SUL";"Colisão com veículos (traseira)";1;0;0;0;0;0;0;0;0;1;4;0;0;0;0
"15/12/2020";"11:36:00";"350";"Acidente s";"55.46";"BR-163/MS";"SUL";"Capotamento";0;0;0;0;0;0;0;0;0;1;1;0;0;0;0
"16/12/2020";"12:01:00";"2";"Acidente s";"275.255";"BR-163/MS";"NORTE";"Saídas de pista";0;0;0;0;0;0;0;0;0;1;1;0;0;0;0
"16/12/2020";"03:09:00";"11";"Acidente s";"509";"BR-163/MS";"SUL";"Atropelamento de animais";1;0;0;0;0;0;0;0;0;0;1;0;0;0;0
"16/12/2020";"04:06:00";"22";"Acidente s";"293.446";"BR-163/MS";"NORTE";"Atropelamento de animais";1;0;0;0;0;0;0;0;0;0;4;0;0;0;0
"16/12/2020";"11:05:00";"176";"Acidente c";"485";"BR-163/MS";"SUL";"Colisão com veículos (traseira)";1;0;1;0;0;2;0;0;0;0;6;1;0;0;0
"16/12/2020";"06:46:00";"308";"Acidente s";"173.57";"BR-163/MS";"NORTE";"Colisão com veículos (traseira)";1;0;0;0;0;0;0;0;0;1;2;0;0;0;0
"17/12/2020";"12:53:00";"5";"Acidente s";"693.727";"BR-163/MS";"NORTE";"Atropelamento de animais";0;0;0;0;0;1;0;0;0;1;5;0;0;0;0
"17/12/2020";"12:29:00";"235";"Acidente s";"468.556";"BR-163/MS";"SUL";"Colisão c/ obstáculos";0;0;1;0;0;0;0;0;0;0;1;0;0;0;0
"17/12/2020";"07:18:00";"358";"Acidente s";"572.71";"BR-163/MS";"SUL";"Atropelamento de animais";1;0;0;0;0;0;0;0;0;0;1;0;0;0;0
"18/12/2020";"08:20:00";"147";"Acidente s";"461.554";"BR-163/MS";"SUL";"Tombamento de moto";0;0;0;1;0;0;0;0;0;0;1;0;0;0;0
"18/12/2020";"08:46:00";"159";"Acidente s";"672.1";"BR-163/MS";"SUL";"Colisão lateral no mesmo sentido";2;0;0;0;0;0;0;0;0;0;8;0;0;0;0
"18/12/2020";"09:08:00";"174";"Acidente s";"723";"BR-163/MS";"NORTE";"Colisão lateral no sentido contrário";1;0;1;0;0;0;0;0;0;0;7;0;0;0;0
"18/12/2020";"01:46:00";"281";"Acidente s";"365";"BR-163/MS";"SUL";"Colisão com veículos (traseira)";2;0;0;0;0;0;0;0;0;0;6;0;0;0;0
"18/12/2020";"03:40:00";"316";"Acidente s";"263";"BR-163/MS";"SUL";"Colisão com veículos (traseira)";2;0;0;0;0;0;0;0;0;0;3;0;0;0;0
"18/12/2020";"07:28:00";"374";"Acidente s";"555.927";"BR-163/MS";"SUL";"Saídas de pista";0;0;1;0;0;0;0;0;0;0;2;0;0;0;0
"18/12/2020";"08:01:00";"383";"Acidente s";"600";"BR-163/MS";"SUL";"Atropelamento de animais";1;0;0;0;0;0;0;0;0;0;1;0;0;0;0
"18/12/2020";"08:52:00";"391";"Acidente s";"597";"BR-163/MS";"NORTE";"Colisão com veículos (traseira)";1;0;0;0;0;1;0;0;0;0;3;0;0;0;0
"19/12/2020";"06:24:00";"56";"Acidente s";"173";"BR-163/MS";"SUL";"Colisão lateral no mesmo sentido";1;0;2;0;0;0;0;0;0;0;4;0;0;0;0
"19/12/2020";"06:44:00";"66";"Acidente s";"373.468";"BR-163/MS";"NORTE";"Colisão com veículos (traseira)";0;0;2;0;0;1;0;0;0;0;3;0;0;0;0
"19/12/2020";"07:20:00";"74";"Acidente s";"471.126";"BR-163/MS";"SUL";"Colisão com veículos (traseira)";1;0;0;0;0;0;0;0;0;1;3;0;0;0;0
"19/12/2020";"07:44:00";"83";"Acidente c";"258.149";"BR-163/MS";"SUL";"Colisão lateral no mesmo sentido";0;0;0;1;0;0;0;0;0;1;1;1;0;0;0
"19/12/2020";"08:55:00";"114";"Acidente c";"477.365";"BR-163/MS";"SUL";"Colisão lateral no sentido contrário";2;0;0;0;0;0;0;0;0;0;2;1;0;0;0
"19/12/2020";"11:12:00";"168";"Acidente s";"484.296";"BR-163/MS";"SUL";"Colisão com veículos (traseira)";1;0;0;0;0;0;0;0;0;1;2;0;0;0;0
"19/12/2020";"12:57:00";"211";"Acidente s";"522";"BR-163/MS";"NORTE";"Tombamento de moto";0;0;0;1;0;0;0;0;0;0;2;0;0;0;0
"19/12/2020";"06:51:00";"326";"Acidente s";"480.8";"BR-163/MS";"NORTE";"Saídas de pista";1;0;0;0;0;0;0;0;0;0;2;0;0;0;0
"19/12/2020";"09:24:00";"366";"Acidente s";"511";"BR-163/MS";"NORTE";"Saídas de pista";1;0;0;0;0;0;0;0;0;0;4;0;0;0;0
"19/12/2020";"09:38:00";"369";"Acidente s";"256";"BR-163/MS";"NORTE";"Saídas de pista";1;0;0;0;0;0;0;0;0;0;2;0;0;0;0
"19/12/2020";"11:04:00";"381";"Acidente s";"420";"BR-163/MS";"NORTE";"Atropelamento de animais";1;0;0;0;0;0;0;0;0;0;2;0;0;0;0
"19/12/2020";"11:41:00";"393";"Acidente s";"836";"BR-163/MS";"NORTE";"Atropelamento de animais";1;0;0;0;0;0;0;0;0;0;2;0;0;0;0
"20/12/2020";"09:23:00";"131";"Acidente s";"617";"BR-163/MS";"NORTE";"Colisão com veículos (traseira)";1;0;0;0;0;0;0;0;0;1;2;0;0;0;0
"20/12/2020";"10:41:00";"151";"Acidente c";"478";"BR-163/MS";"SUL";"Colisão com veículos (traseira)";1;0;0;1;0;0;0;0;0;0;1;2;0;0;0
"20/12/2020";"10:47:00";"153";"Acidente s";"606.379";"BR-163/MS";"NORTE";"Colisão c/ obstáculos";1;0;0;0;0;0;0;0;0;0;1;0;0;0;0
"20/12/2020";"11:13:00";"159";"Acidente c";"479.115";"BR-163/MS";"NORTE";"Colisão com veículos (traseira)";0;0;0;1;0;0;0;0;0;1;5;1;1;0;0
"20/12/2020";"12:23:00";"182";"Acidente s";"24";"BR-163/MS";"SUL";"Colisão com veículos (traseira)";1;0;0;0;0;0;0;0;0;1;5;0;0;0;0
"20/12/2020";"03:17:00";"225";"Acidente s";"784.44";"BR-163/MS";"NORTE";"Saídas de pista";1;0;0;0;0;0;0;0;0;0;2;0;0;0;0
"20/12/2020";"09:53:00";"344";"Acidente s";"785";"BR-163/MS";"NORTE";"Atropelamento de animais";1;0;0;0;0;0;0;0;0;0;2;0;0;0;0
"20/12/2020";"09:53:00";"343";"Acidente c";"473";"BR-163/MS";"SUL";"Tombamento";0;1;0;0;0;0;0;0;0;0;0;1;0;0;0
"20/12/2020";"09:57:00";"346";"Acidente s";"431.831";"BR-163/MS";"NORTE";"Atropelamento de animais";1;0;0;0;0;0;0;0;0;0;1;0;0;0;0
"20/12/2020";"10:46:00";"351";"Acidente s";"382.5";"BR-163/MS";"NORTE";"Atropelamento de animais";0;0;1;0;0;1;0;0;0;0;3;0;0;0;0
"20/12/2020";"11:53:00";"355";"Acidente s";"508.51";"BR-163/MS";"NORTE";"Atropelamento de animais";1;0;0;0;0;0;0;0;0;0;2;0;0;0;0
"21/12/2020";"08:57:00";"102";"Acidente s";"498";"BR-163/MS";"NORTE";"Colisão lateral no mesmo sentido";1;0;1;0;0;0;0;0;0;0;4;0;0;0;0
"21/12/2020";"11:20:00";"156";"Acidente s";"506";"BR-163/MS";"NORTE";"Saídas de pista";1;0;0;0;0;0;0;0;0;0;5;0;0;0;0
"21/12/2020";"04:00:00";"239";"Acidente s";"371";"BR-163/MS";"SUL";"Saídas de pista";1;0;0;0;0;0;0;0;0;0;1;0;0;0;0
"21/12/2020";"07:56:00";"291";"Acidente s";"574";"BR-163/MS";"NORTE";"Colisão lateral no mesmo sentido";1;0;1;0;0;0;0;0;0;0;2;0;0;0;0
"21/12/2020";"09:04:00";"295";"Acidente s";"677";"BR-163/MS";"NORTE";"Tombamento de moto";0;0;0;1;0;1;0;0;0;0;2;0;0;0;0
"22/12/2020";"04:17:00";"22";"Acidente s";"600.412";"BR-163/MS";"NORTE";"Atropelamento de animais";0;0;0;0;1;0;0;0;0;0;15;0;0;0;0
"22/12/2020";"04:25:00";"23";"Acidente s";"186.279";"BR-163/MS";"SUL";"Tombamento";0;0;1;0;0;0;0;0;0;0;1;0;0;0;0
"22/12/2020";"01:46:00";"224";"Acidente c";"725";"BR-163/MS";"NORTE";"Colisão lateral no sentido contrário";0;0;1;0;0;0;0;0;0;1;1;3;0;0;0
"22/12/2020";"03:49:00";"266";"Acidente c";"612";"BR-163/MS";"NORTE";"Engavetamento";2;0;1;0;0;0;0;0;0;2;3;1;1;0;0
"22/12/2020";"04:05:00";"283";"Acidente s";"586";"BR-163/MS";"NORTE";"Saídas de pista";0;0;1;0;0;0;0;0;0;0;2;0;0;0;0
"22/12/2020";"04:54:00";"305";"Acidente s";"646.6";"BR-163/MS";"NORTE";"Colisão lateral no mesmo sentido";2;0;0;0;0;0;0;0;0;0;6;0;0;0;0
"22/12/2020";"09:11:00";"361";"Acidente c";"487.487";"BR-163/MS";"NORTE";"Tombamento de moto";0;0;0;1;0;0;0;0;0;0;0;1;0;0;0
"22/12/2020";"09:16:00";"362";"Acidente s";"514";"BR-163/MS";"SUL";"Atropelamento de animais";1;0;0;0;0;0;0;0;0;0;1;0;0;0;0
"22/12/2020";"09:33:00";"364";"Acidente s";"514.123";"BR-163/MS";"NORTE";"Atropelamento de animais";1;0;0;0;0;0;0;0;0;0;3;0;0;0;0
"23/12/2020";"04:46:00";"54";"Acidente s";"693.411";"BR-163/MS";"NORTE";"Atropelamento de animais";1;0;0;0;0;0;0;0;0;0;4;0;0;0;0
"23/12/2020";"01:45:00";"280";"Acidente s";"458.8";"BR-163/MS";"SUL";"Engavetamento";3;0;0;0;0;0;0;0;0;0;5;0;0;0;0
"23/12/2020";"08:16:00";"409";"Acidente s";"585";"BR-163/MS";"NORTE";"Saídas de pista";1;0;0;0;0;0;0;0;0;0;4;0;0;0;0
"23/12/2020";"10:36:00";"428";"Acidente s";"38";"BR-163/MS";"NORTE";"Colisão com veículos (traseira)";2;0;0;0;0;0;0;0;0;0;3;0;0;0;0
"24/12/2020";"12:49:00";"10";"Acidente s";"388.376";"BR-163/MS";"NORTE";"Atropelamento de animais";1;0;0;0;0;0;0;0;0;0;1;0;0;0;0
"24/12/2020";"04:26:00";"257";"Acidente s";"498.6";"BR-163/MS";"SUL";"Tombamento de moto";0;0;0;1;0;0;0;0;0;0;1;0;0;0;0
"24/12/2020";"05:42:00";"281";"Acidente s";"492.649";"BR-163/MS";"NORTE";"Capotamento";1;0;0;0;0;0;0;0;0;0;1;0;0;0;0
"24/12/2020";"08:03:00";"315";"Acidente s";"258.412";"BR-163/MS";"SUL";"Colisão c/ obstáculos";1;0;0;0;0;0;0;0;0;0;1;0;0;0;0
"24/12/2020";"11:29:00";"340";"Acidente s";"405.475";"BR-163/MS";"NORTE";"Colisão c/ obstáculos";1;0;0;0;0;0;0;0;0;0;1;0;0;0;0
"25/12/2020";"03:34:00";"12";"Acidente s";"270";"BR-163/MS";"SUL";"Saídas de pista";1;0;0;0;0;0;0;0;0;0;1;0;0;0;0
"25/12/2020";"09:25:00";"88";"Acidente c";"192";"BR-163/MS";"SUL";"Tombamento de moto";0;0;0;1;0;0;0;0;0;0;1;1;0;0;0
"26/12/2020";"07:23:00";"276";"Acidente s";"769.409";"BR-163/MS";"SUL";"Atropelamento de animais";1;0;0;0;0;0;0;0;0;0;4;0;0;0;0
"27/12/2020";"10:15:00";"138";"Acidente c";"786";"BR-163/MS";"NORTE";"Tombamento de moto";0;0;0;1;0;0;0;0;0;0;1;0;1;0;0
"27/12/2020";"11:57:00";"160";"Acidente c";"254";"BR-163/MS";"SUL";"Capotamento";1;0;0;0;0;0;0;0;0;0;1;4;0;0;0
"27/12/2020";"07:50:00";"285";"Acidente c";"567.9";"BR-163/MS";"NORTE";"Atropelamento de animais";1;0;0;0;0;0;0;0;0;0;1;4;0;0;0
"27/12/2020";"09:04:00";"305";"Acidente s";"722.8";"BR-163/MS";"NORTE";"Colisão c/ obstáculos";1;0;0;0;0;0;0;0;0;0;1;0;0;0;0
"28/12/2020";"09:53:00";"149";"Acidente s";"57";"BR-163/MS";"SUL";"Capotamento";1;0;0;0;0;0;0;0;0;0;2;0;0;0;0
"28/12/2020";"01:34:00";"216";"Acidente s";"587.81";"BR-163/MS";"NORTE";"Tombamento";0;0;1;0;0;2;0;0;0;0;3;0;0;0;0
"28/12/2020";"04:15:00";"262";"Acidente c";"679.9";"BR-163/MS";"NORTE";"Colisão lateral no sentido contrário";2;0;0;0;0;0;0;0;0;0;1;3;1;0;0
"29/12/2020";"12:58:00";"240";"Acidente s";"483";"BR-163/MS";"NORTE";"Colisão lateral no sentido contrário";2;0;0;0;0;0;0;0;0;0;2;0;0;0;0
"30/12/2020";"07:18:00";"81";"Acidente c";"811.499";"BR-163/MS";"SUL";"Tombamento";0;0;1;0;0;2;0;0;0;0;2;2;0;0;2
"30/12/2020";"02:44:00";"242";"Acidente s";"24.8";"BR-163/MS";"SUL";"Colisão lateral no mesmo sentido";2;0;0;0;0;0;0;0;0;0;2;0;0;0;0
"30/12/2020";"03:50:00";"258";"Acidente c";"485";"BR-163/MS";"NORTE";"Colisão lateral no sentido contrário";0;0;0;2;0;0;0;0;0;0;0;1;1;0;0
"30/12/2020";"04:35:00";"269";"Acidente s";"442.458";"BR-163/MS";"SUL";"Atropelamento de animais";1;0;0;0;0;0;0;0;0;0;2;0;0;0;0
"30/12/2020";"09:16:00";"330";"Acidente s";"746.1";"BR-163/MS";"SUL";"Atropelamento de animais";0;0;0;0;0;0;0;0;0;1;5;0;0;0;0
"31/12/2020";"02:30:00";"12";"Acidente s";"712.451";"BR-163/MS";"NORTE";"Atropelamento de animais";1;0;0;0;0;0;0;0;0;0;2;0;0;0;0
"31/12/2020";"07:41:00";"69";"Acidente s";"278";"BR-163/MS";"NORTE";"Colisão c/ obstáculos";1;0;0;0;0;0;0;0;0;0;1;0;0;0;0
"31/12/2020";"10:28:00";"133";"Acidente s";"238";"BR-163/MS";"NORTE";"Tombamento";0;0;1;0;0;1;0;0;0;0;2;0;0;0;0
"31/12/2020";"12:53:00";"167";"Acidente s";"49.5";"BR-163/MS";"SUL";"Colisão c/ obstáculos";1;0;0;0;0;0;0;0;0;0;1;0;0;0;0
"31/12/2020";"02:14:00";"190";"Acidente s";"194";"BR-163/MS";"SUL";"Tombamento de moto";0;0;0;1;0;0;0;0;0;0;1;0;0;0;0
"31/12/2020";"02:15:00";"192";"Acidente s";"397";"BR-163/MS";"NORTE";"Saídas de pista";1;0;0;0;0;0;0;0;0;0;3;0;0;0;0
"01/01/2021";"12:06:00";"111";"Acidente c";"458";"BR-163/MS";"SUL";"Colisão c/ obstáculos";1;0;0;0;0;0;0;0;0;0;0;1;0;0;0
"01/01/2021";"05:26:00";"186";"Acidente c";"254";"BR-163/MS";"NORTE";"Capotamento";1;0;0;0;0;0;0;0;0;0;0;1;0;2;0
"01/01/2021";"11:50:00";"244";"Acidente c";"294";"BR-163/MS";"SUL";"Atropelamento de animais";1;0;0;0;0;0;0;0;0;0;4;0;1;0;0
"02/01/2021";"12:37:00";"3";"Acidente s";"145";"BR-163/MS";"NORTE";"Saídas de pista";1;0;0;0;0;0;0;0;0;0;1;0;0;0;0
"02/01/2021";"03:24:00";"11";"Acidente s";"374";"BR-163/MS";"SUL";"Saídas de pista";1;0;0;0;0;0;0;0;0;0;3;0;0;0;0
"02/01/2021";"08:15:00";"65";"Acidente s";"248";"BR-163/MS";"NORTE";"Capotamento";1;0;1;0;0;0;0;0;0;0;4;0;0;0;0
"02/01/2021";"02:24:00";"161";"Acidente c";"474";"BR-163/MS";"NORTE";"Colisão lateral no sentido contrário";0;0;0;1;0;0;0;0;0;1;3;1;0;0;0
"02/01/2021";"04:24:00";"197";"Acidente c";"424.6";"BR-163/MS";"NORTE";"Capotamento";1;0;0;0;0;0;0;0;0;0;0;1;0;0;0
"02/01/2021";"07:47:00";"236";"Acidente s";"768";"BR-163/MS";"SUL";"Atropelamento de animais";0;0;0;0;0;0;0;0;0;1;2;0;0;0;0
"02/01/2021";"07:49:00";"237";"Acidente c";"499";"BR-163/MS";"SUL";"Saídas de pista";1;0;0;0;0;0;0;0;0;0;4;0;1;0;0
"03/01/2021";"05:37:00";"38";"Acidente c";"458";"BR-163/MS";"NORTE";"Colisão lateral no sentido contrário";1;0;0;1;0;0;0;0;0;0;2;1;0;0;0
"03/01/2021";"09:18:00";"309";"Acidente c";"164";"BR-163/MS";"NORTE";"Colisão com veículos (traseira)";0;1;0;0;0;1;0;0;0;0;1;1;0;0;0
"03/01/2021";"10:09:00";"316";"Acidente s";"183";"BR-163/MS";"NORTE";"Capotamento";0;0;1;0;0;2;0;0;0;1;8;0;0;0;0
"04/01/2021";"06:46:00";"55";"Acidente s";"0.45";"BR-163/MS";"NORTE";"Colisão com veículos (traseira)";1;0;0;0;0;1;0;0;0;0;5;0;0;0;0
"04/01/2021";"08:15:00";"105";"Acidente c";"456";"BR-163/MS";"NORTE";"Colisão lateral no sentido contrário";1;0;0;0;0;0;0;0;0;1;1;0;2;0;0
"04/01/2021";"09:16:00";"133";"Acidente c";"524.1";"BR-163/MS";"SUL";"Capotamento";1;0;0;0;0;0;0;0;0;0;0;0;0;2;0