data;horario;n_da_ocorrencia;tipo_de_ocorrencia;km;trecho;sentido;tipo_de_acidente;automovel;bicicleta;caminhao;moto;onibus;outros;tracao_animal;transporte_de_cargas_especiais;trator_maquinas;utilitarios;ilesos;levemente_feridos;moderadamente_feridos;gravemente_feridos;mortos
"04/01/2021";"09:31:00";"138";"Acidente c";"256";"BR-163/MS";"NORTE";"Colisão lateral no mesmo sentido";1;0;0;1;0;0;0;0;0;0;5;1;0;0;0
"04/01/2021";"09:36:00";"333";"Acidente s";"135.6";"BR-163/MS";"SUL";"Atropelamento de animais";0;0;1;0;0;0;0;0;0;0;1;0;0;0;0
"05/01/2021";"07:29:00";"82";"Acidente c";"83";"BR-163/MS";"NORTE";"Tombamento";0;0;1;0;0;3;0;0;0;0;3;1;0;0;0
"05/01/2021";"08:01:00";"98";"Acidente c";"431.111";"BR-163/MS";"SUL";"Tombamento de moto";0;0;0;1;0;0;0;0;0;0;0;2;0;0;0
"05/01/2021";"11:04:00";"177";"Acidente c";"730.8";"BR-163/MS";"NORTE";"Colisão lateral no sentido contrário";0;1;0;0;0;0;0;0;0;1;1;0;0;1;0
"05/01/2021";"11:55:00";"193";"Acidente c";"78";"BR-163/MS";"NORTE";"Colisão lateral no mesmo sentido";0;0;1;1;0;2;0;0;0;0;3;1;0;0;0
"05/01/2021";"12:12:00";"195";"Acidente s";"440";"BR-163/MS";"NORTE";"Colisão com veículos (traseira)";2;0;0;0;0;0;0;0;0;0;6;0;0;0;0
"05/01/2021";"02:20:00";"242";"Acidente s";"96.4";"BR-163/MS";"SUL";"Saídas de pista";0;0;0;0;0;0;0;0;0;1;3;0;0;0;0
"05/01/2021";"04:14:00";"269";"Acidente s";"651";"BR-163/MS";"NORTE";"Colisão c/ obstáculos";1;0;0;0;0;0;0;0;0;0;4;0;0;0;0
"06/01/2021";"10:55:00";"161";"Acidente s";"167";"BR-163/MS";"SUL";"Colisão c/ obstáculos";1;0;0;0;0;0;0;0;0;0;1;0;0;0;0
"06/01/2021";"11:00:00";"352";"Acidente c";"732.667";"BR-163/MS";"NORTE";"Colisão lateral no sentido contrário";0;0;1;0;0;1;0;0;0;1;3;0;1;0;0
"07/01/2021";"01:06:00";"7";"Acidente s";"786";"BR-163/MS";"NORTE";"Atropelamento de animais";1;0;0;0;0;0;0;0;0;0;3;0;0;0;0
"07/01/2021";"09:44:00";"323";"Acidente s";"160.645";"BR-163/MS";"NORTE";"Capotamento";1;0;0;0;0;0;0;0;0;0;1;0;0;0;0
"08/01/2021";"03:47:00";"19";"Acidente s";"377.154";"BR-163/MS";"NORTE";"Atropelamento de animais";0;0;0;0;0;0;0;0;0;1;2;0;0;0;0
"08/01/2021";"05:00:00";"27";"Acidente s";"779.2";"BR-163/MS";"NORTE";"Atropelamento de animais";0;0;0;0;0;0;0;0;0;1;4;0;0;0;0
"08/01/2021";"05:42:00";"41";"Acidente s";"279";"BR-163/MS";"NORTE";"Capotamento";1;0;0;0;0;0;0;0;0;0;1;0;0;0;0
"08/01/2021";"02:49:00";"285";"Acidente s";"351";"BR-163/MS";"NORTE";"Colisão com veículos (traseira)";0;0;0;0;0;0;0;0;0;2;7;0;0;0;0
"08/01/2021";"03:56:00";"308";"Acidente s";"40";"BR-163/MS";"SUL";"Tombamento";0;0;1;0;0;0;0;0;0;0;2;0;0;0;0
"09/01/2021";"08:56:00";"158";"Acidente s";"5.8";"BR-163/MS";"NORTE";"Colisão com veículos (traseira)";0;0;0;0;0;0;0;0;0;2;7;0;0;0;0
"09/01/2021";"01:56:00";"261";"Acidente s";"510";"BR-163/MS";"NORTE";"Saídas de pista";0;0;0;0;0;0;0;0;0;1;2;0;0;0;0
"09/01/2021";"08:26:00";"396";"Acidente s";"666";"BR-163/MS";"NORTE";"Saídas de pista";0;0;1;0;0;1;0;0;0;0;2;0;0;0;0
"09/01/2021";"08:31:00";"400";"Acidente c";"482";"BR-163/MS";"NORTE";"Colisão lateral no mesmo sentido";1;0;0;1;0;0;0;0;0;0;4;0;1;0;0
"10/01/2021";"04:26:00";"281";"Acidente s";"320";"BR-163/MS";"NORTE";"Capotamento";1;0;0;0;0;0;0;0;0;0;1;0;0;0;0
"10/01/2021";"05:43:00";"308";"Acidente c";"616.285";"BR-163/MS";"SUL";"Capotamento";1;0;0;0;0;0;0;0;0;0;4;0;1;0;0
"11/01/2021";"02:14:00";"246";"Acidente c";"427.85";"BR-163/MS";"NORTE";"Colisão c/ obstáculos";0;0;1;0;0;0;0;0;0;1;2;1;0;0;0
"11/01/2021";"04:25:00";"302";"Acidente s";"20.6";"BR-163/MS";"NORTE";"Colisão com veículos (traseira)";2;0;0;0;0;0;0;0;0;0;3;0;0;0;0
"11/01/2021";"06:26:00";"325";"Acidente c";"806.42";"BR-163/MS";"NORTE";"Capotamento";0;0;0;0;0;0;0;0;0;1;0;3;0;1;0
"12/01/2021";"12:19:00";"4";"Acidente s";"11.8";"BR-163/MS";"SUL";"Colisão c/ obstáculos";0;0;0;0;0;0;0;0;0;1;1;0;0;0;0
"12/01/2021";"07:54:00";"106";"Acidente c";"602.536";"BR-163/MS";"SUL";"Capotamento";1;0;0;0;0;0;0;0;0;0;1;1;0;0;0
"12/01/2021";"12:29:00";"214";"Acidente s";"106.937";"BR-163/MS";"SUL";"Tombamento";0;0;0;0;0;0;0;0;0;1;1;0;0;0;0
"12/01/2021";"03:52:00";"267";"Acidente c";"64";"BR-163/MS";"SUL";"Colisão lateral no mesmo sentido";1;0;1;0;0;0;0;0;0;0;3;1;0;0;0
"12/01/2021";"04:12:00";"276";"Acidente c";"580.913";"BR-163/MS";"NORTE";"Tombamento de moto";0;0;0;1;0;0;0;0;0;0;0;1;0;0;0
"12/01/2021";"05:46:00";"304";"Acidente c";"615.633";"BR-163/MS";"SUL";"Colisão lateral no sentido contrário";0;0;1;1;0;0;0;0;0;0;1;1;0;0;0
"12/01/2021";"07:14:00";"322";"Acidente s";"295.375";"BR-163/MS";"SUL";"Atropelamento de animais";0;0;0;0;0;0;0;0;0;1;4;0;0;0;0
"13/01/2021";"03:18:00";"22";"Acidente c";"445.23";"BR-163/MS";"NORTE";"Colisão c/ obstáculos";0;0;0;0;0;0;0;0;0;1;0;0;1;2;0
"13/01/2021";"12:02:00";"224";"Acidente s";"627.48";"BR-163/MS";"NORTE";"Colisão com veículos (traseira)";2;0;0;0;0;0;0;0;0;0;9;0;0;0;0
"13/01/2021";"12:37:00";"234";"Acidente c";"221.4";"BR-163/MS";"SUL";"Colisão lateral no mesmo sentido";1;0;1;0;0;1;0;0;0;0;3;0;0;1;0
"13/01/2021";"03:03:00";"278";"Acidente s";"223";"BR-163/MS";"NORTE";"Capotamento";0;0;0;0;0;0;0;0;0;1;1;0;0;0;0
"13/01/2021";"06:42:00";"372";"Acidente s";"78";"BR-163/MS";"NORTE";"Capotamento";1;0;0;0;0;1;0;0;0;0;2;0;0;0;0
"13/01/2021";"07:07:00";"379";"Acidente s";"393";"BR-163/MS";"SUL";"Colisão lateral no mesmo sentido";1;0;1;0;0;0;0;0;0;0;3;0;0;0;0
"13/01/2021";"09:02:00";"398";"Acidente c";"152";"BR-163/MS";"NORTE";"Tombamento";0;0;1;0;0;2;0;0;0;0;2;0;1;0;0
"13/01/2021";"09:45:00";"410";"Acidente s";"295";"BR-163/MS";"NORTE";"Colisão c/ obstáculos";1;0;0;0;0;0;0;0;0;0;5;0;0;0;0
"13/01/2021";"11:37:00";"429";"Acidente c";"124";"BR-163/MS";"SUL";"Atropelamento de animais";0;0;0;1;0;0;0;0;0;0;0;1;0;0;0
"14/01/2021";"04:07:00";"18";"Acidente s";"330";"BR-163/MS";"SUL";"Atropelamento de animais";0;0;0;0;0;0;0;0;0;1;5;0;0;0;0
"14/01/2021";"07:06:00";"78";"Acidente s";"648";"BR-163/MS";"NORTE";"Capotamento";1;0;0;0;0;0;0;0;0;0;1;0;0;0;0
"14/01/2021";"07:45:00";"425";"Acidente s";"436.4";"BR-163/MS";"NORTE";"Atropelamento de animais";1;0;0;0;0;0;0;0;0;0;1;0;0;0;0
"14/01/2021";"09:33:00";"444";"Acidente c";"266.505";"BR-163/MS";"NORTE";"Colisão com veículos (traseira)";0;0;1;1;0;1;0;0;0;0;2;0;0;1;0
"15/01/2021";"03:06:00";"29";"Acidente s";"663.302";"BR-163/MS";"SUL";"Saídas de pista";1;0;0;0;0;0;0;0;0;0;1;0;0;0;0
"15/01/2021";"01:17:00";"236";"Acidente s";"323.193";"BR-163/MS";"SUL";"Tombamento";0;0;1;0;0;0;0;0;0;0;1;0;0;0;0
"15/01/2021";"01:33:00";"241";"Acidente s";"205.652";"BR-163/MS";"SUL";"Colisão c/ obstáculos";1;0;1;0;0;2;0;0;0;0;6;0;0;0;0
"15/01/2021";"03:01:00";"259";"Acidente s";"470";"BR-163/MS";"NORTE";"Colisão com veículos (traseira)";0;0;2;0;0;0;0;0;0;0;3;0;0;0;0
"15/01/2021";"04:47:00";"293";"Acidente c";"281.442";"BR-163/MS";"NORTE";"Tombamento";0;1;0;0;0;0;0;0;0;0;0;1;0;0;0
"15/01/2021";"05:10:00";"298";"Acidente c";"174.115";"BR-163/MS";"SUL";"Colisão com veículos (traseira)";0;0;2;0;0;0;0;0;0;0;1;0;1;0;0
"15/01/2021";"06:12:00";"311";"Acidente s";"76.44";"BR-163/MS";"NORTE";"Colisão com veículos (traseira)";1;0;1;0;0;0;0;0;0;0;2;0;0;0;0
"15/01/2021";"07:56:00";"336";"Acidente c";"679.533";"BR-163/MS";"NORTE";"Colisão lateral no sentido contrário";0;0;4;0;0;9;0;0;0;0;12;1;1;0;0
"15/01/2021";"10:33:00";"352";"Acidente s";"787.72";"BR-163/MS";"SUL";"Capotamento";0;0;0;0;0;0;0;0;0;1;1;0;0;0;0
"16/01/2021";"11:55:00";"172";"Acidente s";"648.768";"BR-163/MS";"NORTE";"Saídas de pista";1;0;0;0;0;0;0;0;0;0;2;0;0;0;0
"16/01/2021";"03:31:00";"239";"Acidente s";"365.958";"BR-163/MS";"NORTE";"Saídas de pista";0;0;1;0;0;0;0;0;0;0;1;0;0;0;0
"16/01/2021";"06:40:00";"270";"Acidente s";"266.525";"BR-163/MS";"SUL";"Colisão c/ obstáculos";1;0;0;0;0;1;0;0;0;0;2;0;0;0;0
"16/01/2021";"07:03:00";"274";"Acidente s";"386.917";"BR-163/MS";"NORTE";"Atropelamento de animais";1;0;0;0;0;0;0;0;0;0;4;0;0;0;0
"16/01/2021";"10:40:00";"319";"Atropelame";"462.509";"BR-163/MS";"NORTE";"Atropelamento de pedestre";1;0;0;0;0;0;0;0;0;0;5;0;0;0;2
"17/01/2021";"12:23:00";"2";"Acidente s";"24.1";"BR-163/MS";"SUL";"Atropelamento de animais";0;0;0;0;0;0;0;0;0;1;2;0;0;0;0
"17/01/2021";"02:44:00";"15";"Acidente c";"159.365";"BR-163/MS";"NORTE";"Capotamento";1;0;0;0;0;0;0;0;0;0;1;1;0;0;0
"17/01/2021";"10:47:00";"125";"Acidente s";"190.9";"BR-163/MS";"NORTE";"Saídas de pista";1;0;0;0;0;0;0;0;0;0;2;0;0;0;0
"17/01/2021";"07:43:00";"234";"Acidente s";"248.447";"BR-163/MS";"NORTE";"Colisão c/ obstáculos";1;0;0;0;0;0;0;0;0;0;5;0;0;0;0
"18/01/2021";"02:48:00";"14";"Acidente c";"562.292";"BR-163/MS";"NORTE";"Saídas de pista";0;0;1;0;0;0;0;0;0;0;0;1;0;0;0
"18/01/2021";"10:41:00";"241";"Acidente s";"58.9";"BR-163/MS";"NORTE";"Colisão lateral no mesmo sentido";0;0;2;0;0;2;0;0;0;0;4;0;0;0;0
"18/01/2021";"11:08:00";"252";"Acidente c";"788.106";"BR-163/MS";"NORTE";"Colisão lateral no sentido contrário";0;0;1;0;0;1;0;0;0;1;2;0;0;0;2
"19/01/2021";"01:32:00";"16";"Acidente s";"613.794";"BR-163/MS";"NORTE";"Atropelamento de animais";1;0;0;0;0;0;0;0;0;0;5;0;0;0;0
"19/01/2021";"10:09:00";"173";"Acidente c";"371.206";"BR-163/MS";"SUL";"Capotamento";1;0;0;0;0;0;0;0;0;0;0;1;0;0;0
"19/01/2021";"10:14:00";"175";"Acidente c";"23";"BR-163/MS";"SUL";"Colisão lateral no sentido contrário";1;0;1;0;0;1;0;0;0;0;3;1;0;0;0
"19/01/2021";"05:10:00";"382";"Acidente c";"466";"BR-163/MS";"NORTE";"Tombamento de moto";0;0;0;1;0;0;0;0;0;0;0;1;0;0;0
"20/01/2021";"07:39:00";"81";"Acidente s";"543.495";"BR-163/MS";"NORTE";"Colisão c/ obstáculos";0;0;0;0;0;0;0;0;0;1;2;0;0;0;0
"20/01/2021";"01:08:00";"289";"Acidente c";"730.341";"BR-163/MS";"SUL";"Colisão com veículos (traseira)";1;0;1;0;0;0;0;0;0;0;4;2;0;0;0
"20/01/2021";"05:24:00";"385";"Acidente s";"21";"BR-163/MS";"SUL";"Colisão c/ obstáculos";0;0;1;0;0;0;0;0;0;0;2;0;0;0;0
"20/01/2021";"05:32:00";"388";"Acidente s";"438.214";"BR-163/MS";"SUL";"Atropelamento de animais";0;0;0;0;0;0;0;0;0;1;1;0;0;0;0
"20/01/2021";"06:32:00";"402";"Acidente s";"388.639";"BR-163/MS";"NORTE";"Tombamento";0;0;1;0;0;2;0;0;0;0;3;0;0;0;0
"20/01/2021";"06:47:00";"405";"Acidente s";"455.827";"BR-163/MS";"NORTE";"Colisão lateral no sentido contrário";0;0;2;0;0;1;0;0;0;0;3;0;0;0;0
"20/01/2021";"10:00:00";"432";"Acidente s";"772.905";"BR-163/MS";"SUL";"Atropelamento de animais";1;0;0;0;0;0;0;0;0;0;3;0;0;0;0
"21/01/2021";"06:25:00";"29";"Acidente c";"727.945";"BR-163/MS";"NORTE";"Colisão lateral no sentido contrário";0;0;0;2;0;0;0;0;0;0;0;2;0;0;0
"21/01/2021";"10:21:00";"190";"Acidente s";"470";"BR-163/MS";"NORTE";"Colisão lateral no sentido contrário";1;0;1;0;0;0;0;0;0;0;3;0;0;0;0
"21/01/2021";"03:35:00";"327";"Acidente s";"265.5";"BR-163/MS";"SUL";"Colisão com veículos (traseira)";1;0;1;0;0;1;0;0;0;0;4;0;0;0;0
"21/01/2021";"08:45:00";"426";"Acidente c";"308.619";"BR-163/MS";"NORTE";"Colisão com veículos (frontal)";2;0;0;0;0;0;0;0;0;0;3;1;1;0;0
"22/01/2021";"08:27:00";"132";"Acidente c";"487";"BR-163/MS";"NORTE";"Colisão lateral no sentido contrário";1;0;1;0;0;0;0;0;0;0;1;0;1;0;0
"22/01/2021";"10:59:00";"237";"Acidente s";"232";"BR-163/MS";"SUL";"Tombamento de moto";0;0;0;1;0;0;0;0;0;0;2;0;0;0;0
"22/01/2021";"03:30:00";"365";"Acidente s";"793.75";"BR-163/MS";"NORTE";"Colisão c/ obstáculos";1;0;0;0;0;0;0;0;0;0;1;0;0;0;0
"22/01/2021";"10:39:00";"507";"Acidente c";"534";"BR-163/MS";"SUL";"Colisão c/ obstáculos";1;0;0;0;0;0;0;0;0;0;0;1;0;0;0
"22/01/2021";"10:59:00";"509";"Acidente s";"400.78";"BR-163/MS";"SUL";"Atropelamento de animais";0;0;0;0;0;0;0;0;0;1;2;0;0;0;0
"23/01/2021";"01:54:00";"280";"Acidente s";"500.697";"BR-163/MS";"NORTE";"Saídas de pista";1;0;1;0;0;2;0;0;0;0;4;0;0;0;0
"24/01/2021";"01:40:00";"10";"Acidente c";"195.698";"BR-163/MS";"NORTE";"Colisão lateral no sentido contrário";1;0;1;0;0;1;0;0;0;0;2;0;1;0;0
"24/01/2021";"02:24:00";"271";"Acidente s";"551";"BR-163/MS";"SUL";"Saídas de pista";1;0;0;0;0;0;0;0;0;0;1;0;0;0;0
"24/01/2021";"02:45:00";"275";"Acidente s";"258";"BR-163/MS";"NORTE";"Capotamento";2;0;0;0;0;0;0;0;0;0;3;0;0;0;0
"24/01/2021";"05:16:00";"338";"Acidente c";"486.636";"BR-163/MS";"NORTE";"Colisão lateral no sentido contrário";1;0;0;0;0;0;0;0;0;1;2;1;0;0;0
"24/01/2021";"06:50:00";"366";"Acidente c";"210";"BR-163/MS";"SUL";"Capotamento";1;0;0;0;0;0;0;0;0;0;1;1;0;0;0
"24/01/2021";"08:01:00";"382";"Acidente c";"76";"BR-163/MS";"SUL";"Colisão com veículos (traseira)";1;0;0;1;0;0;0;0;0;0;1;2;0;0;0
"24/01/2021";"10:44:00";"413";"Acidente s";"703.846";"BR-163/MS";"SUL";"Saídas de pista";1;0;0;0;0;0;0;0;0;0;1;0;0;0;0
"25/01/2021";"12:42:00";"11";"Acidente s";"258.25";"BR-163/MS";"NORTE";"Colisão c/ obstáculos";1;0;0;0;0;0;0;0;0;0;1;0;0;0;0
"25/01/2021";"06:15:00";"41";"Acidente s";"117.223";"BR-163/MS";"NORTE";"Colisão com veículos (traseira)";0;0;2;0;0;1;0;0;0;0;3;0;0;0;0
"25/01/2021";"08:16:00";"345";"Acidente s";"491.984";"BR-163/MS";"NORTE";"Colisão lateral no mesmo sentido";1;0;1;0;0;0;0;0;0;0;6;0;0;0;0
"26/01/2021";"04:46:00";"28";"Acidente c";"665.449";"BR-163/MS";"NORTE";"Tombamento";0;0;1;0;0;0;0;0;0;0;0;1;0;0;0
"26/01/2021";"03:43:00";"262";"Acidente c";"614.7";"BR-163/MS";"NORTE";"Colisão lateral no sentido contrário";0;0;0;1;0;0;0;0;0;1;1;1;1;0;0
"26/01/2021";"10:03:00";"368";"Acidente s";"262.973";"BR-163/MS";"NORTE";"Colisão c/ obstáculos";1;0;0;0;0;0;0;0;0;1;3;0;0;0;0
"27/01/2021";"12:49:00";"6";"Acidente c";"614.567";"BR-163/MS";"SUL";"Colisão com veículos (traseira)";0;0;0;1;0;0;0;0;0;1;1;1;0;0;0
"27/01/2021";"07:30:00";"68";"Acidente s";"485";"BR-163/MS";"NORTE";"Colisão com veículos (traseira)";1;0;0;1;0;0;0;0;0;1;3;0;0;0;0
"27/01/2021";"08:25:00";"92";"Acidente c";"477";"BR-163/MS";"SUL";"Tombamento de moto";0;0;0;1;0;0;0;0;0;0;0;1;0;0;0
"27/01/2021";"10:18:00";"141";"Acidente s";"499";"BR-163/MS";"NORTE";"Tombamento";1;0;0;0;0;1;0;0;0;0;2;0;0;0;0
"27/01/2021";"01:20:00";"225";"Acidente c";"520";"BR-163/MS";"SUL";"Tombamento de moto";0;0;0;1;0;0;0;0;0;0;0;2;0;0;0
"27/01/2021";"01:51:00";"235";"Acidente c";"258.229";"BR-163/MS";"NORTE";"Colisão com veículos (traseira)";1;0;0;1;0;0;0;0;0;0;1;1;0;0;0
"27/01/2021";"04:05:00";"276";"Acidente s";"548.8";"BR-163/MS";"SUL";"Tombamento";0;0;0;0;0;0;0;0;0;1;2;0;0;0;0
"27/01/2021";"10:36:00";"389";"Acidente c";"841.996";"BR-163/MS";"NORTE";"Tombamento de moto";0;0;0;1;0;0;0;0;0;0;0;0;1;0;0
"29/01/2021";"02:11:00";"13";"Acidente s";"479.485";"BR-163/MS";"SUL";"Atropelamento de animais";1;0;0;0;0;0;0;0;0;0;2;0;0;0;0
"29/01/2021";"04:44:00";"30";"Acidente s";"379.51";"BR-163/MS";"SUL";"Saídas de pista";0;0;1;0;0;0;0;0;0;0;2;0;0;0;0
"30/01/2021";"05:05:00";"36";"Acidente s";"667.483";"BR-163/MS";"NORTE";"Saídas de pista";0;0;1;0;0;0;0;0;0;0;1;0;0;0;0
"30/01/2021";"01:30:00";"250";"Acidente s";"508.138";"BR-163/MS";"SUL";"Colisão c/ obstáculos";0;0;0;0;0;0;0;0;0;1;3;0;0;0;0
"30/01/2021";"08:08:00";"373";"Acidente s";"264";"BR-163/MS";"NORTE";"Colisão c/ obstáculos";1;0;0;0;0;0;0;0;0;0;3;0;0;0;0
"30/01/2021";"09:26:00";"389";"Acidente c";"663.347";"BR-163/MS";"NORTE";"Colisão com veículos (frontal)";0;0;2;0;0;1;0;0;0;1;2;1;0;1;1
"31/01/2021";"09:37:00";"111";"Acidente c";"0.996";"BR-163/MS";"SUL";"Colisão com veículos (frontal)";2;0;0;0;0;0;0;0;0;0;0;1;0;0;1
"31/01/2021";"02:53:00";"192";"Acidente c";"544.719";"BR-163/MS";"NORTE";"Tombamento";0;0;1;0;0;1;0;0;0;0;1;0;0;1;0
"31/01/2021";"10:27:00";"298";"Acidente s";"476.849";"BR-163/MS";"SUL";"Tombamento de moto";0;0;0;1;0;0;0;0;0;0;2;0;0;0;0
"01/02/2021";"11:27:00";"237";"Acidente c";"476.701";"BR-163/MS";"NORTE";"Engavetamento";3;0;0;0;0;0;0;0;0;0;5;1;0;0;0
"01/02/2021";"02:02:00";"297";"Acidente s";"214";"BR-163/MS";"SUL";"Tombamento";0;0;1;0;0;0;0;0;0;0;1;0;0;0;0
"01/02/2021";"06:25:00";"415";"Acidente s";"484";"BR-163/MS";"NORTE";"Colisão com veículos (traseira)";2;0;0;0;0;1;0;0;0;0;3;0;0;0;0
"02/02/2021";"11:39:00";"460";"Acidente c";"602.518";"BR-163/MS";"NORTE";"Colisão c/ obstáculos";0;0;1;0;0;2;0;0;0;0;2;1;0;0;0
"03/02/2021";"09:00:00";"145";"Acidente c";"482.575";"BR-163/MS";"SUL";"Colisão c/ obstáculos";1;0;0;1;0;0;0;0;0;0;3;1;0;0;0
"03/02/2021";"11:18:00";"198";"Acidente s";"806.496";"BR-163/MS";"NORTE";"Tombamento";0;0;1;0;0;2;0;0;0;0;3;0;0;0;0
"03/02/2021";"12:38:00";"216";"Acidente s";"245.747";"BR-163/MS";"NORTE";"Colisão com veículos (traseira)";2;0;0;0;0;0;0;0;0;0;3;0;0;0;0
"03/02/2021";"03:27:00";"269";"Acidente c";"286.52";"BR-163/MS";"SUL";"Colisão lateral no sentido contrário";1;0;0;0;0;0;0;0;0;1;1;2;0;0;0
"04/02/2021";"01:54:00";"236";"Acidente c";"475.788";"BR-163/MS";"NORTE";"Colisão lateral no sentido contrário";1;0;0;0;0;0;0;0;0;1;2;1;0;0;0
"04/02/2021";"02:22:00";"244";"Acidente c";"520.548";"BR-163/MS";"SUL";"Tombamento";0;0;1;0;0;1;0;0;0;0;1;1;0;0;0
"05/02/2021";"01:28:00";"245";"Acidente c";"490";"BR-163/MS";"SUL";"Colisão com veículos (traseira)";2;0;0;0;0;0;0;0;0;0;7;1;0;0;0
"05/02/2021";"07:14:00";"359";"Acidente c";"681.427";"BR-163/MS";"SUL";"Colisão lateral no sentido contrário";1;0;0;1;0;0;0;0;0;0;1;1;0;0;0
"05/02/2021";"10:17:00";"403";"Acidente c";"609.44";"BR-163/MS";"SUL";"Tombamento de moto";0;0;0;1;0;0;0;0;0;0;1;1;0;0;0
"06/02/2021";"12:12:00";"2";"Acidente s";"795.4";"BR-163/MS";"NORTE";"Atropelamento de animais";0;0;0;0;0;0;0;0;0;1;3;0;0;0;0
"06/02/2021";"01:41:00";"12";"Acidente s";"36.9";"BR-163/MS";"SUL";"Atropelamento de animais";0;0;0;0;0;0;0;0;0;1;1;0;0;0;0
"06/02/2021";"04:49:00";"25";"Acidente c";"693.754";"BR-163/MS";"NORTE";"Colisão com veículos (traseira)";0;0;1;0;0;0;0;0;0;1;2;1;0;0;0
"06/02/2021";"06:46:00";"48";"Acidente c";"457.203";"BR-163/MS";"NORTE";"Colisão com veículos (frontal)";1;0;0;0;0;0;0;0;0;1;0;2;0;0;1
"06/02/2021";"10:03:00";"125";"Acidente c";"456";"BR-163/MS";"SUL";"Colisão lateral no sentido contrário";0;0;2;0;0;0;0;0;0;0;1;1;1;0;0
"06/02/2021";"01:13:00";"173";"Acidente c";"667";"BR-163/MS";"SUL";"Capotamento";1;0;0;0;0;0;0;0;0;0;4;1;0;0;0
"07/02/2021";"04:22:00";"24";"Acidente s";"643.126";"BR-163/MS";"NORTE";"Colisão c/ obstáculos";1;0;0;0;0;0;0;0;0;0;1;0;0;0;0
"07/02/2021";"04:43:00";"27";"Acidente c";"241.444";"BR-163/MS";"SUL";"Colisão lateral no mesmo sentido";1;0;1;0;0;1;0;0;0;0;1;2;0;0;0
"07/02/2021";"07:01:00";"55";"Acidente s";"341";"BR-163/MS";"NORTE";"Colisão com veículos (traseira)";0;0;0;0;0;0;0;0;0;2;2;0;0;0;0
"07/02/2021";"08:39:00";"86";"Acidente s";"659.57";"BR-163/MS";"SUL";"Tombamento";0;0;0;0;0;1;0;0;0;1;2;0;0;0;0
"07/02/2021";"09:29:00";"107";"Acidente c";"621";"BR-163/MS";"NORTE";"Tombamento de moto";0;0;0;1;0;0;0;0;0;0;1;1;0;0;0
"07/02/2021";"11:02:00";"150";"Acidente s";"342.175";"BR-163/MS";"SUL";"Colisão com veículos (traseira)";2;0;0;0;0;0;0;0;0;0;9;0;0;0;0
"07/02/2021";"10:05:00";"422";"Acidente c";"485";"BR-163/MS";"NORTE";"Colisão lateral no mesmo sentido";0;0;1;1;0;0;0;0;0;0;1;2;0;0;0
"08/02/2021";"08:30:00";"104";"Acidente s";"484";"BR-163/MS";"NORTE";"Colisão lateral no mesmo sentido";1;0;1;0;0;1;0;0;0;0;5;0;0;0;0
"08/02/2021";"07:38:00";"313";"Acidente s";"569.953";"BR-163/MS";"SUL";"Colisão com veículos (traseira)";1;0;0;0;0;0;0;0;0;1;6;0;0;0;0
"08/02/2021";"08:17:00";"323";"Acidente s";"359.163";"BR-163/MS";"SUL";"Atropelamento de animais";1;0;0;0;0;0;0;0;0;0;1;0;0;0;0
"09/02/2021";"12:59:00";"196";"Acidente s";"715";"BR-163/MS";"SUL";"Atropelamento de animais";1;0;0;0;0;0;0;0;0;0;1;0;0;0;0
"09/02/2021";"10:11:00";"349";"Acidente c";"679.508";"BR-163/MS";"NORTE";"Colisão lateral no sentido contrário";0;0;0;1;0;0;0;0;0;1;3;0;1;0;0
"10/02/2021";"05:21:00";"26";"Acidente s";"184.9";"BR-163/MS";"NORTE";"Atropelamento de animais";1;0;0;0;0;0;0;0;0;0;2;0;0;0;0
"10/02/2021";"08:12:00";"89";"Acidente c";"479.283";"BR-163/MS";"SUL";"Colisão lateral no sentido contrário";0;0;1;1;0;0;0;0;0;0;1;0;0;1;0
"10/02/2021";"11:01:00";"157";"Acidente s";"20.267";"BR-163/MS";"NORTE";"Tombamento";0;0;1;0;0;2;0;0;0;0;4;0;0;0;0
"10/02/2021";"03:45:00";"260";"Acidente c";"173.874";"BR-163/MS";"SUL";"Colisão com veículos (traseira)";0;0;2;0;0;4;0;0;0;0;5;2;0;0;0
"10/02/2021";"08:27:00";"333";"Acidente s";"76.36";"BR-163/MS";"NORTE";"Colisão c/ obstáculos";0;0;1;0;0;2;0;0;0;0;3;0;0;0;0
"11/02/2021";"07:53:00";"81";"Acidente s";"423.231";"BR-163/MS";"SUL";"Colisão c/ obstáculos";1;0;0;0;0;0;0;0;0;0;1;0;0;0;0
"11/02/2021";"09:57:00";"159";"Acidente s";"676";"BR-163/MS";"NORTE";"Colisão com veículos (traseira)";0;0;0;0;0;1;0;0;0;1;2;0;0;0;0
"11/02/2021";"04:04:00";"290";"Acidente s";"525.457";"BR-163/MS";"NORTE";"Capotamento";1;0;0;0;0;0;0;0;0;0;2;0;0;0;0
"12/02/2021";"05:49:00";"36";"Acidente c";"535.794";"BR-163/MS";"NORTE";"Saídas de pista";0;0;0;0;0;0;0;0;0;1;0;0;1;0;0
"12/02/2021";"07:31:00";"74";"Acidente s";"106";"BR-163/MS";"NORTE";"Capotamento";1;0;0;0;0;0;0;0;0;0;2;0;0;0;0
"12/02/2021";"06:23:00";"292";"Acidente c";"680.395";"BR-163/MS";"NORTE";"Colisão lateral no mesmo sentido";0;0;0;1;0;1;0;0;0;0;1;2;0;0;0