data;horario;n_da_ocorrencia;tipo_de_ocorrencia;km;trecho;sentido;tipo_de_acidente;automovel;bicicleta;caminhao;moto;onibus;outros;tracao_animal;transporte_de_cargas_especiais;trator_maquinas;utilitarios;ilesos;levemente_feridos;moderadamente_feridos;gravemente_feridos;mortos
"12/02/2021";"07:21:00";"308";"Acidente c";"485.462";"BR-163/MS";"NORTE";"Tombamento de moto";0;0;0;1;0;0;0;0;0;0;0;0;1;0;0
"12/02/2021";"10:36:00";"337";"Acidente s";"641.596";"BR-163/MS";"NORTE";"Saídas de pista";0;0;0;0;0;0;0;0;0;1;2;0;0;0;0
"13/02/2021";"03:28:00";"10";"Acidente s";"513.507";"BR-163/MS";"SUL";"Capotamento";1;0;0;0;0;0;0;0;0;0;1;0;0;0;0
"13/02/2021";"08:36:00";"80";"Acidente c";"125.5";"BR-163/MS";"NORTE";"Colisão lateral no sentido contrário";1;1;0;0;0;0;0;0;0;0;3;0;1;0;0
"14/02/2021";"10:16:00";"137";"Acidente c";"263";"BR-163/MS";"NORTE";"Tombamento de moto";0;0;0;1;0;0;0;0;0;0;0;1;0;0;0
"14/02/2021";"11:13:00";"144";"Acidente c";"678";"BR-163/MS";"NORTE";"Tombamento";0;0;1;0;0;1;0;0;0;0;2;1;0;0;0
"14/02/2021";"05:15:00";"235";"Acidente s";"569.5";"BR-163/MS";"NORTE";"Tombamento";1;0;0;0;0;0;0;0;0;0;2;0;0;0;0
"15/02/2021";"01:04:00";"11";"Acidente s";"432";"BR-163/MS";"SUL";"Atropelamento de animais";1;0;0;0;0;0;0;0;0;0;2;0;0;0;0
"15/02/2021";"01:17:00";"222";"Acidente c";"132.533";"BR-163/MS";"NORTE";"Colisão c/ obstáculos";1;0;0;0;0;0;0;0;0;0;1;2;0;0;0
"15/02/2021";"03:04:00";"252";"Acidente s";"293.198";"BR-163/MS";"NORTE";"Tombamento";1;0;0;0;0;0;0;0;0;0;2;0;0;0;0
"15/02/2021";"03:34:00";"264";"Acidente s";"613.237";"BR-163/MS";"SUL";"Colisão c/ obstáculos";0;0;1;0;0;2;0;0;0;0;3;0;0;0;0
"15/02/2021";"07:05:00";"330";"Acidente c";"280";"BR-163/MS";"SUL";"Colisão c/ obstáculos";1;1;0;0;0;0;0;0;0;0;1;1;0;0;0
"16/02/2021";"12:16:00";"176";"Acidente s";"507.294";"BR-163/MS";"SUL";"Tombamento";0;0;1;0;0;0;0;0;0;0;1;0;0;0;0
"16/02/2021";"08:37:00";"319";"Acidente s";"386.867";"BR-163/MS";"SUL";"Atropelamento de animais";0;0;1;0;0;2;0;0;0;0;3;0;0;0;0
"16/02/2021";"09:05:00";"324";"Acidente s";"148.2";"BR-163/MS";"NORTE";"Tombamento de moto";0;0;0;1;0;0;0;0;0;0;1;0;0;0;0
"16/02/2021";"09:18:00";"326";"Acidente s";"401.65";"BR-163/MS";"NORTE";"Atropelamento de animais";0;0;1;0;0;1;0;0;0;0;2;0;0;0;0
"17/02/2021";"09:00:00";"347";"Acidente s";"758.1";"BR-163/MS";"SUL";"Atropelamento de animais";1;0;0;0;0;0;0;0;0;0;3;0;0;0;0
"18/02/2021";"10:37:00";"375";"Acidente c";"250.841";"BR-163/MS";"SUL";"Atropelamento de animais";0;0;0;1;0;0;0;0;0;0;0;1;0;0;0
"19/02/2021";"08:46:00";"397";"Acidente c";"551";"BR-163/MS";"NORTE";"Capotamento";1;0;0;0;0;0;0;0;0;0;1;1;0;0;0
"20/02/2021";"05:11:00";"20";"Acidente c";"699.953";"BR-163/MS";"SUL";"Tombamento de moto";0;0;0;1;0;0;0;0;0;0;1;1;0;0;0
"20/02/2021";"07:30:00";"62";"Acidente c";"486.672";"BR-163/MS";"SUL";"Tombamento de moto";1;0;0;1;0;0;0;0;0;0;1;0;0;1;0
"20/02/2021";"09:26:00";"126";"Acidente c";"23.197";"BR-163/MS";"NORTE";"Colisão lateral no sentido contrário";1;0;0;0;0;0;0;0;0;1;5;2;0;0;0
"20/02/2021";"10:20:00";"144";"Acidente c";"244.655";"BR-163/MS";"SUL";"Capotamento";1;0;0;0;0;0;0;0;0;0;0;1;0;0;0
"20/02/2021";"10:01:00";"350";"Atropelame";"728.338";"BR-163/MS";"NORTE";"Atropelamento de pedestre";0;0;1;0;0;1;0;0;0;0;3;0;0;0;1
"21/02/2021";"02:49:00";"19";"Acidente s";"639.228";"BR-163/MS";"SUL";"Colisão c/ obstáculos";0;0;0;0;0;0;0;0;0;1;1;0;0;0;0
"21/02/2021";"06:32:00";"37";"Acidente c";"559.764";"BR-163/MS";"SUL";"Capotamento";0;0;1;0;0;1;0;0;0;0;1;1;0;0;1
"21/02/2021";"07:48:00";"58";"Atropelame";"20.733";"BR-163/MS";"NORTE";"Atropelamento de pedestre";0;0;1;0;0;3;0;0;0;0;4;1;0;0;0
"21/02/2021";"11:28:00";"119";"Acidente s";"674";"BR-163/MS";"SUL";"Colisão com veículos (traseira)";0;0;0;0;0;0;0;0;0;2;7;0;0;0;0
"21/02/2021";"01:54:00";"156";"Acidente s";"200.68";"BR-163/MS";"NORTE";"Capotamento";0;0;0;0;0;0;0;0;0;1;2;0;0;0;0
"22/02/2021";"03:04:00";"238";"Acidente c";"838.4";"BR-163/MS";"SUL";"Tombamento";0;0;1;0;0;1;0;0;0;0;2;1;0;0;0
"22/02/2021";"06:56:00";"313";"Acidente s";"251.564";"BR-163/MS";"SUL";"Atropelamento de animais";0;0;0;0;0;0;0;0;0;1;1;0;0;0;0
"24/02/2021";"03:54:00";"20";"Acidente s";"395.235";"BR-163/MS";"SUL";"Atropelamento de animais";0;0;0;0;0;0;0;0;0;1;1;0;0;0;0
"24/02/2021";"08:00:00";"98";"Acidente c";"690.453";"BR-163/MS";"NORTE";"Capotamento";0;0;0;0;0;0;0;0;0;1;0;1;0;0;0
"24/02/2021";"02:27:00";"311";"Acidente c";"374";"BR-163/MS";"NORTE";"Tombamento";1;0;0;0;0;0;0;0;0;0;1;1;0;0;0
"24/02/2021";"02:41:00";"321";"Acidente c";"0.3";"BR-163/MS";"NORTE";"Colisão c/ obstáculos";0;0;0;0;0;0;0;0;0;1;3;1;0;0;0
"25/02/2021";"07:22:00";"79";"Acidente s";"191.282";"BR-163/MS";"NORTE";"Saídas de pista";0;0;1;0;0;0;0;0;0;0;3;0;0;0;0
"25/02/2021";"01:58:00";"263";"Acidente s";"374";"BR-163/MS";"NORTE";"Colisão c/ obstáculos";0;0;0;0;0;0;0;0;0;1;1;0;0;0;0
"25/02/2021";"03:16:00";"288";"Acidente s";"373.122";"BR-163/MS";"SUL";"Saídas de pista";1;0;0;0;0;0;0;0;0;0;5;0;0;0;0
"25/02/2021";"06:57:00";"344";"Acidente s";"563.761";"BR-163/MS";"NORTE";"Colisão lateral no sentido contrário";0;0;0;0;0;0;0;0;0;2;3;0;0;0;0
"25/02/2021";"09:03:00";"368";"Atropelame";"126.251";"BR-163/MS";"SUL";"Atropelamento de pedestre";0;0;1;0;0;1;0;0;0;0;2;0;0;1;0
"26/02/2021";"11:34:00";"197";"Acidente s";"795.872";"BR-163/MS";"NORTE";"Colisão lateral no mesmo sentido";0;0;1;0;0;2;0;0;0;1;5;0;0;0;0
"26/02/2021";"12:50:00";"208";"Acidente s";"735.796";"BR-163/MS";"SUL";"Tombamento";0;0;1;0;0;1;0;0;0;0;2;0;0;0;0
"26/02/2021";"02:29:00";"236";"Acidente c";"528.601";"BR-163/MS";"NORTE";"Capotamento";0;0;0;0;0;0;0;0;0;1;1;1;0;0;0
"26/02/2021";"03:01:00";"241";"Acidente c";"509.678";"BR-163/MS";"NORTE";"Capotamento";0;0;0;0;0;0;0;0;0;1;0;0;0;1;1
"26/02/2021";"03:56:00";"251";"Acidente s";"479.77";"BR-163/MS";"NORTE";"Engavetamento";1;0;0;0;0;0;0;0;0;2;3;0;0;0;0
"26/02/2021";"04:11:00";"256";"Acidente s";"378.904";"BR-163/MS";"NORTE";"Capotamento";0;0;0;0;0;0;0;0;0;1;1;0;0;0;0
"27/02/2021";"01:02:00";"6";"Acidente s";"778.45";"BR-163/MS";"NORTE";"Atropelamento de animais";0;0;0;0;1;0;0;0;0;0;30;0;0;0;0
"27/02/2021";"05:17:00";"21";"Acidente c";"600";"BR-163/MS";"NORTE";"Tombamento";0;0;1;0;0;0;0;0;0;0;0;1;0;0;0
"27/02/2021";"05:32:00";"25";"Atropelame";"321.162";"BR-163/MS";"SUL";"Atropelamento de pedestre";0;0;0;0;0;1;0;0;0;0;1;0;0;0;1
"27/02/2021";"08:42:00";"93";"Acidente c";"465.411";"BR-163/MS";"NORTE";"Engavetamento";1;0;1;0;0;2;0;0;0;2;6;0;1;0;0
"27/02/2021";"12:03:00";"142";"Acidente c";"484.413";"BR-163/MS";"NORTE";"Engavetamento";2;0;0;1;0;1;0;0;0;0;3;1;0;0;0
"27/02/2021";"08:25:00";"267";"Acidente c";"634";"BR-163/MS";"SUL";"Tombamento";0;0;1;0;0;1;0;0;0;0;2;1;1;0;0
"27/02/2021";"11:24:00";"289";"Acidente s";"446";"BR-163/MS";"NORTE";"Atropelamento de animais";1;0;0;0;0;0;0;0;0;0;2;0;0;0;0
"28/02/2021";"12:20:00";"7";"Acidente s";"666.5";"BR-163/MS";"NORTE";"Saídas de pista";1;0;0;0;0;0;0;0;0;0;1;0;0;0;0
"28/02/2021";"02:38:00";"18";"Acidente s";"552.15";"BR-163/MS";"NORTE";"Atropelamento de animais";0;0;0;0;0;0;0;0;0;1;1;0;0;0;0
"28/02/2021";"04:25:00";"34";"Acidente c";"261.36";"BR-163/MS";"NORTE";"Tombamento de moto";0;0;0;1;0;0;0;0;0;0;0;1;0;0;0
"28/02/2021";"07:34:00";"77";"Acidente s";"676.83";"BR-163/MS";"NORTE";"Colisão c/ obstáculos";0;0;0;0;0;0;0;0;0;1;1;0;0;0;0
"28/02/2021";"08:13:00";"261";"Acidente s";"282.211";"BR-163/MS";"SUL";"Colisão com veículos (traseira)";1;0;0;0;0;0;0;0;0;1;6;0;0;0;0
"01/03/2021";"05:04:00";"48";"Acidente c";"408.12";"BR-163/MS";"NORTE";"Colisão com veículos (traseira)";0;0;1;1;0;0;0;0;0;0;1;0;0;1;0
"01/03/2021";"03:34:00";"272";"Acidente s";"525";"BR-163/MS";"NORTE";"Saídas de pista";0;0;0;0;0;0;0;0;0;1;2;0;0;0;0
"01/03/2021";"09:07:00";"341";"Acidente c";"375.95";"BR-163/MS";"SUL";"Tombamento de moto";0;0;0;1;0;0;0;0;0;0;0;1;0;0;0
"01/03/2021";"09:23:00";"344";"Atropelame";"479.305";"BR-163/MS";"SUL";"Atropelamento de pedestre";0;0;0;1;0;0;0;0;0;0;2;0;1;0;0
"02/03/2021";"03:35:00";"12";"Acidente s";"600";"BR-163/MS";"NORTE";"Atropelamento de animais";1;0;0;0;0;0;0;0;0;0;4;0;0;0;0
"02/03/2021";"02:36:00";"232";"Acidente s";"248.3";"BR-163/MS";"NORTE";"Saídas de pista";0;0;0;0;0;0;0;0;0;1;1;0;0;0;0
"02/03/2021";"08:49:00";"344";"Acidente c";"519.776";"BR-163/MS";"SUL";"Colisão c/ obstáculos";1;0;0;0;0;0;0;0;0;0;1;1;0;0;0
"02/03/2021";"10:03:00";"351";"Acidente c";"419.709";"BR-163/MS";"NORTE";"Tombamento de moto";0;0;0;1;0;0;0;0;0;0;0;1;0;0;0
"02/03/2021";"10:30:00";"357";"Acidente s";"372.988";"BR-163/MS";"SUL";"Colisão c/ obstáculos";0;0;0;0;0;0;0;0;0;1;1;0;0;0;0
"02/03/2021";"11:57:00";"363";"Acidente s";"149";"BR-163/MS";"NORTE";"Saídas de pista";0;0;1;0;0;2;0;0;0;0;3;0;0;0;0
"03/03/2021";"05:20:00";"17";"Acidente c";"124";"BR-163/MS";"SUL";"Saídas de pista";1;0;0;0;0;0;0;0;0;0;0;1;0;0;0
"03/03/2021";"12:22:00";"170";"Acidente c";"609.924";"BR-163/MS";"NORTE";"Tombamento de moto";0;0;0;1;0;0;0;0;0;0;0;1;0;0;0
"04/03/2021";"09:31:00";"159";"Acidente c";"267.998";"BR-163/MS";"NORTE";"Tombamento de moto";0;0;0;1;0;0;0;0;0;0;0;2;0;0;0
"04/03/2021";"06:51:00";"288";"Acidente c";"76";"BR-163/MS";"NORTE";"Tombamento de moto";0;0;0;1;0;0;0;0;0;0;0;1;0;0;0
"04/03/2021";"08:58:00";"311";"Acidente c";"149.5";"BR-163/MS";"NORTE";"Colisão lateral no sentido contrário";0;0;1;0;0;2;0;0;0;1;3;0;0;0;1
"05/03/2021";"11:08:00";"133";"Acidente c";"727.194";"BR-163/MS";"NORTE";"Colisão lateral no mesmo sentido";0;0;1;1;0;0;0;0;0;0;1;1;0;0;0
"05/03/2021";"12:52:00";"164";"Acidente s";"158.221";"BR-163/MS";"SUL";"Colisão com veículos (traseira)";0;0;2;0;0;1;0;0;0;0;3;0;0;0;0
"05/03/2021";"03:18:00";"198";"Acidente c";"350.699";"BR-163/MS";"NORTE";"Colisão lateral no mesmo sentido";0;0;1;0;0;2;0;0;0;0;2;1;0;0;0
"05/03/2021";"10:29:00";"285";"Acidente s";"164.828";"BR-163/MS";"SUL";"Tombamento";0;0;1;0;0;2;0;0;0;0;3;0;0;0;0
"06/03/2021";"04:11:00";"13";"Acidente s";"272.94";"BR-163/MS";"SUL";"Colisão c/ obstáculos";1;0;0;0;0;0;0;0;0;0;1;0;0;0;0
"06/03/2021";"02:55:00";"169";"Acidente s";"68.72";"BR-163/MS";"NORTE";"Saídas de pista";1;0;0;0;0;0;0;0;0;0;5;0;0;0;0
"06/03/2021";"04:00:00";"188";"Acidente s";"144.66";"BR-163/MS";"SUL";"Tombamento";0;0;1;0;0;2;0;0;0;0;3;0;0;0;0
"06/03/2021";"06:34:00";"216";"Acidente s";"485.64";"BR-163/MS";"SUL";"Colisão com veículos (traseira)";2;0;0;0;0;1;0;0;0;0;7;0;0;0;0
"06/03/2021";"08:08:00";"237";"Acidente c";"749.901";"BR-163/MS";"SUL";"Atropelamento de animais";0;0;0;1;0;0;0;0;0;0;0;0;0;1;0
"07/03/2021";"01:12:00";"169";"Acidente c";"563.8";"BR-163/MS";"NORTE";"Colisão lateral no mesmo sentido";0;0;1;1;0;1;0;0;0;0;1;1;0;0;1
"07/03/2021";"01:30:00";"173";"Acidente c";"727.7";"BR-163/MS";"NORTE";"Colisão lateral no sentido contrário";1;0;0;0;0;0;0;0;0;1;1;1;0;0;0
"07/03/2021";"03:00:00";"198";"Acidente c";"78";"BR-163/MS";"NORTE";"Colisão c/ obstáculos";1;0;0;0;0;0;0;0;0;0;0;2;0;0;0
"08/03/2021";"05:12:00";"29";"Acidente c";"82.2";"BR-163/MS";"SUL";"Tombamento de moto";0;0;0;1;0;0;0;0;0;0;1;1;0;0;0
"08/03/2021";"06:42:00";"52";"Acidente s";"485";"BR-163/MS";"NORTE";"Colisão com veículos (traseira)";1;0;1;0;0;0;0;0;0;0;3;0;0;0;0
"08/03/2021";"03:19:00";"208";"Acidente c";"174.109";"BR-163/MS";"NORTE";"Tombamento";0;0;1;0;0;1;0;0;0;0;1;1;0;0;0
"08/03/2021";"03:29:00";"210";"Acidente s";"219.141";"BR-163/MS";"SUL";"Colisão com veículos (traseira)";2;0;0;0;0;1;0;0;0;0;3;0;0;0;0
"08/03/2021";"05:20:00";"233";"Acidente c";"88.559";"BR-163/MS";"NORTE";"Tombamento de moto";0;0;0;1;0;0;0;0;0;0;0;1;0;0;0
"09/03/2021";"12:32:00";"4";"Acidente s";"316.63";"BR-163/MS";"SUL";"Colisão c/ obstáculos";1;0;0;0;0;0;0;0;0;0;2;0;0;0;0
"09/03/2021";"02:14:00";"243";"Acidente s";"238.44";"BR-163/MS";"SUL";"Capotamento";1;0;0;0;0;1;0;0;0;0;5;0;0;0;0
"09/03/2021";"02:35:00";"244";"Acidente c";"324.618";"BR-163/MS";"SUL";"Colisão lateral no sentido contrário";0;0;0;2;0;0;0;0;0;0;1;1;0;0;0
"09/03/2021";"07:51:00";"338";"Acidente c";"335.715";"BR-163/MS";"NORTE";"Colisão com veículos (frontal)";0;0;1;0;0;2;0;0;0;3;4;0;0;1;1
"10/03/2021";"05:09:00";"26";"Acidente s";"519.165";"BR-163/MS";"NORTE";"Colisão c/ obstáculos";1;0;0;0;0;0;0;0;0;0;1;0;0;0;0
"10/03/2021";"05:12:00";"27";"Acidente c";"735.962";"BR-163/MS";"NORTE";"Atropelamento de animais";1;0;0;0;0;0;0;0;0;0;0;1;0;0;0
"10/03/2021";"11:28:00";"180";"Acidente s";"269.723";"BR-163/MS";"SUL";"Colisão com veículos (traseira)";0;0;2;0;0;4;0;0;0;0;7;0;0;0;0
"10/03/2021";"12:07:00";"190";"Acidente c";"266.5";"BR-163/MS";"SUL";"Tombamento de moto";0;0;0;1;0;0;0;0;0;0;0;1;0;0;0
"11/03/2021";"01:54:00";"244";"Acidente c";"478.1";"BR-163/MS";"SUL";"Colisão com veículos (traseira)";0;0;0;1;0;0;0;0;0;1;1;0;1;0;0
"11/03/2021";"07:21:00";"335";"Acidente s";"349.5";"BR-163/MS";"SUL";"Capotamento";1;0;0;0;0;0;0;0;0;0;1;0;0;0;0
"12/03/2021";"02:13:00";"20";"Acidente s";"390.428";"BR-163/MS";"SUL";"Atropelamento de animais";0;0;0;0;0;0;0;0;0;1;3;0;0;0;0
"12/03/2021";"02:50:00";"24";"Acidente c";"715.5";"BR-163/MS";"SUL";"Capotamento";1;0;0;0;0;0;0;0;0;0;0;2;0;0;0
"12/03/2021";"04:34:00";"33";"Acidente s";"233.709";"BR-163/MS";"SUL";"Saídas de pista";1;0;0;0;0;0;0;0;0;0;1;0;0;0;0
"12/03/2021";"06:23:00";"51";"Acidente c";"117.467";"BR-163/MS";"SUL";"Colisão com veículos (traseira)";0;0;2;0;0;0;0;0;0;0;1;0;0;0;1
"12/03/2021";"10:11:00";"165";"Acidente s";"257.362";"BR-163/MS";"SUL";"Colisão c/ obstáculos";1;0;0;0;0;0;0;0;0;1;3;0;0;0;0
"12/03/2021";"04:22:00";"264";"Acidente c";"501";"BR-163/MS";"SUL";"Colisão com veículos (traseira)";1;0;1;0;0;0;0;0;0;0;1;1;0;1;0
"12/03/2021";"04:30:00";"266";"Acidente s";"211.114";"BR-163/MS";"SUL";"Colisão com veículos (traseira)";1;0;0;0;0;0;0;0;0;1;2;0;0;0;0
"12/03/2021";"05:44:00";"288";"Acidente c";"19.8";"BR-163/MS";"NORTE";"Colisão com veículos (frontal)";1;0;0;1;0;0;0;0;0;0;1;0;1;0;0
"13/03/2021";"09:41:00";"271";"Acidente c";"259.557";"BR-163/MS";"NORTE";"Tombamento de moto";1;0;0;1;0;0;0;0;0;0;2;1;0;0;0
"14/03/2021";"04:37:00";"40";"Acidente s";"236.68";"BR-163/MS";"NORTE";"Colisão c/ obstáculos";0;0;1;0;0;0;0;0;0;0;1;0;0;0;0
"14/03/2021";"10:37:00";"250";"Acidente s";"489.446";"BR-163/MS";"SUL";"Atropelamento de animais";0;0;0;0;0;0;0;0;0;1;2;0;0;0;0
"15/03/2021";"02:55:00";"256";"Acidente c";"43.519";"BR-163/MS";"NORTE";"Colisão lateral no sentido contrário";1;0;2;0;0;1;0;0;0;0;2;2;0;0;0
"15/03/2021";"04:02:00";"281";"Acidente c";"609";"BR-163/MS";"NORTE";"Colisão com veículos (frontal)";0;0;0;1;0;0;0;0;0;0;0;1;0;0;0
"16/03/2021";"06:59:00";"62";"Acidente s";"553.639";"BR-163/MS";"SUL";"Colisão com veículos (traseira)";0;0;2;0;0;4;0;0;0;0;6;0;0;0;0
"16/03/2021";"07:57:00";"96";"Acidente s";"587";"BR-163/MS";"SUL";"Colisão c/ obstáculos";1;0;0;0;0;0;0;0;0;0;3;0;0;0;0
"16/03/2021";"09:48:00";"145";"Acidente c";"756.53";"BR-163/MS";"SUL";"Tombamento de moto";0;0;0;1;0;0;0;0;0;0;0;1;1;0;0
"16/03/2021";"12:51:00";"225";"Acidente s";"601.436";"BR-163/MS";"SUL";"Colisão c/ obstáculos";1;0;0;0;0;0;0;0;0;0;1;0;0;0;0
"17/03/2021";"11:26:00";"173";"Acidente c";"487.505";"BR-163/MS";"SUL";"Colisão lateral no sentido contrário";1;0;0;1;0;0;0;0;0;0;1;1;0;0;0
"17/03/2021";"02:19:00";"214";"Acidente s";"304.841";"BR-163/MS";"NORTE";"Engavetamento";1;0;1;0;0;0;0;0;0;1;3;0;0;0;0
"17/03/2021";"05:03:00";"247";"Acidente c";"654.643";"BR-163/MS";"SUL";"Capotamento";1;0;0;0;0;0;0;0;0;0;0;0;0;0;1
"17/03/2021";"10:53:00";"306";"Acidente s";"693.189";"BR-163/MS";"SUL";"Colisão c/ obstáculos";0;0;1;0;0;0;0;0;0;0;2;0;0;0;0
"18/03/2021";"06:58:00";"267";"Acidente c";"832.164";"BR-163/MS";"NORTE";"Tombamento";0;0;0;1;0;0;0;0;0;0;0;2;0;0;0
"18/03/2021";"07:24:00";"273";"Acidente c";"22.95";"BR-163/MS";"NORTE";"Colisão com veículos (traseira)";0;0;1;1;0;0;0;0;0;0;1;0;1;0;0
"18/03/2021";"07:34:00";"275";"Acidente c";"22.8";"BR-163/MS";"SUL";"Colisão com veículos (frontal)";0;0;2;0;0;4;0;0;0;0;5;0;0;0;1
"19/03/2021";"12:20:00";"377";"Acidente c";"489.385";"BR-163/MS";"NORTE";"Tombamento de moto";0;0;0;1;0;0;0;0;0;0;1;1;0;0;0
"19/03/2021";"01:51:00";"250";"Acidente s";"181.232";"BR-163/MS";"NORTE";"Tombamento";0;0;1;0;0;1;0;0;0;0;2;0;0;0;0
"19/03/2021";"04:32:00";"297";"Acidente c";"467.56";"BR-163/MS";"SUL";"Tombamento";0;1;0;0;0;0;0;0;0;0;0;1;0;0;0
"19/03/2021";"04:48:00";"301";"Acidente s";"209";"BR-163/MS";"NORTE";"Colisão lateral no sentido contrário";0;0;1;0;0;0;0;0;0;1;2;0;0;0;0
"20/03/2021";"12:48:00";"4";"Acidente s";"513.257";"BR-163/MS";"NORTE";"Saídas de pista";1;0;0;0;0;0;0;0;0;0;2;0;0;0;0
"20/03/2021";"07:47:00";"74";"Acidente s";"766";"BR-163/MS";"SUL";"Atropelamento de animais";1;0;0;0;0;0;0;0;0;0;1;0;0;0;0
"20/03/2021";"08:41:00";"102";"Acidente c";"633.12";"BR-163/MS";"NORTE";"Tombamento de moto";0;0;0;1;0;0;0;0;0;0;0;2;0;0;0
"20/03/2021";"08:27:00";"327";"Acidente c";"323.247";"BR-163/MS";"SUL";"Capotamento";1;0;0;0;0;0;0;0;0;0;0;1;0;0;0
"21/03/2021";"12:38:00";"197";"Acidente s";"270.95";"BR-163/MS";"SUL";"Colisão lateral no mesmo sentido";1;0;1;0;0;1;0;0;0;0;5;0;0;0;0
"21/03/2021";"04:47:00";"263";"Acidente s";"601.7";"BR-163/MS";"SUL";"Colisão c/ obstáculos";0;0;0;0;0;0;0;0;0;1;1;0;0;0;0
"21/03/2021";"05:20:00";"273";"Acidente s";"364.9";"BR-163/MS";"NORTE";"Colisão com veículos (traseira)";0;0;1;0;0;0;0;0;0;1;4;0;0;0;0
"21/03/2021";"05:29:00";"277";"Acidente c";"505.608";"BR-163/MS";"SUL";"Capotamento";0;0;0;0;0;0;0;0;0;1;1;1;0;0;0
"21/03/2021";"07:01:00";"305";"Acidente s";"436";"BR-163/MS";"NORTE";"Capotamento";2;0;0;0;0;1;0;0;0;0;4;0;0;0;0
"22/03/2021";"09:08:00";"123";"Acidente c";"78.611";"BR-163/MS";"SUL";"Colisão lateral no sentido contrário";0;0;0;1;0;0;0;0;0;1;1;1;0;2;0
"22/03/2021";"12:51:00";"193";"Acidente c";"258.331";"BR-163/MS";"NORTE";"Tombamento de moto";1;0;0;1;0;0;0;0;0;0;1;1;0;0;0
"22/03/2021";"07:24:00";"273";"Acidente s";"374.126";"BR-163/MS";"NORTE";"Saídas de pista";1;0;0;0;0;0;0;0;0;0;1;0;0;0;0
"23/03/2021";"07:34:00";"108";"Acidente c";"30.782";"BR-163/MS";"NORTE";"Capotamento";1;0;0;0;0;0;0;0;0;1;2;1;0;0;0
"23/03/2021";"12:02:00";"211";"Acidente s";"463.918";"BR-163/MS";"NORTE";"Saídas de pista";1;0;0;0;0;0;0;0;0;0;1;0;0;0;0
"23/03/2021";"01:07:00";"229";"Acidente s";"477";"BR-163/MS";"SUL";"Tombamento de moto";0;0;0;1;0;0;0;0;0;0;1;0;0;0;0
"23/03/2021";"04:27:00";"276";"Acidente s";"18.304";"BR-163/MS";"NORTE";"Colisão lateral no mesmo sentido";1;0;0;0;0;0;0;0;0;1;3;0;0;0;0
"24/03/2021";"07:38:00";"96";"Acidente c";"0.282";"BR-163/MS";"NORTE";"Tombamento";0;0;1;0;0;1;0;0;0;0;1;0;1;0;0
"24/03/2021";"06:38:00";"326";"Acidente s";"691.285";"BR-163/MS";"SUL";"Colisão lateral no mesmo sentido";1;0;1;0;0;0;0;0;0;0;2;0;0;0;0
"24/03/2021";"07:48:00";"347";"Acidente c";"526.379";"BR-163/MS";"NORTE";"Colisão com veículos (traseira)";0;0;2;0;0;2;0;0;0;0;5;1;0;0;0
"24/03/2021";"08:15:00";"352";"Acidente s";"526.505";"BR-163/MS";"NORTE";"Colisão lateral no sentido contrário";1;0;0;0;0;0;0;0;0;1;2;0;0;0;0
"25/03/2021";"12:08:00";"1";"Acidente c";"748.687";"BR-163/MS";"SUL";"Tombamento";0;0;1;0;0;1;0;0;0;0;3;0;1;0;0
"25/03/2021";"04:13:00";"16";"Acidente s";"613.687";"BR-163/MS";"SUL";"Atropelamento de animais";1;0;0;0;0;0;0;0;0;0;1;0;0;0;0
"25/03/2021";"02:10:00";"257";"Acidente c";"704.52";"BR-163/MS";"SUL";"Colisão c/ obstáculos";0;0;1;0;0;0;0;0;0;1;5;1;0;0;0
"25/03/2021";"11:33:00";"403";"Acidente s";"146.297";"BR-163/MS";"SUL";"Tombamento";0;0;1;0;0;0;0;0;0;0;1;0;0;0;0
"26/03/2021";"08:08:00";"98";"Acidente c";"258";"BR-163/MS";"NORTE";"Colisão lateral no mesmo sentido";1;0;0;1;0;0;0;0;0;0;1;1;0;0;0
"26/03/2021";"05:49:00";"304";"Acidente s";"479.269";"BR-163/MS";"SUL";"Colisão com veículos (traseira)";0;0;0;1;0;0;0;0;0;1;3;0;0;0;0
"26/03/2021";"09:42:00";"348";"Acidente c";"550.945";"BR-163/MS";"SUL";"Capotamento";1;0;0;0;0;0;0;0;0;0;0;0;1;0;0
"27/03/2021";"04:36:00";"246";"Acidente s";"655.85";"BR-163/MS";"NORTE";"Colisão c/ obstáculos";0;0;0;0;0;0;0;0;0;1;3;0;0;0;0
"27/03/2021";"06:46:00";"273";"Acidente c";"18.583";"BR-163/MS";"NORTE";"Colisão lateral no sentido contrário";0;0;0;2;0;0;0;0;0;0;0;2;0;0;0
"28/03/2021";"06:16:00";"39";"Acidente s";"342.168";"BR-163/MS";"SUL";"Colisão c/ obstáculos";1;0;0;0;0;0;0;0;0;0;1;0;0;0;0
"28/03/2021";"07:55:00";"68";"Acidente s";"29.451";"BR-163/MS";"NORTE";"Colisão c/ obstáculos";0;0;0;0;0;1;0;0;0;1;2;0;0;0;0
"28/03/2021";"09:07:00";"86";"Acidente s";"390.429";"BR-163/MS";"SUL";"Colisão lateral no mesmo sentido";0;0;2;0;0;5;0;0;0;0;7;0;0;0;0
"29/03/2021";"09:28:00";"184";"Acidente c";"666.23";"BR-163/MS";"NORTE";"Capotamento";0;0;1;0;0;1;0;0;0;0;1;0;0;0;1
"29/03/2021";"09:42:00";"191";"Acidente s";"207.31";"BR-163/MS";"SUL";"Colisão com veículos (traseira)";1;0;0;0;0;0;0;0;0;1;3;0;0;0;0
"29/03/2021";"01:57:00";"264";"Acidente s";"602";"BR-163/MS";"NORTE";"Colisão com veículos (traseira)";1;0;0;0;0;1;0;0;0;0;2;0;0;0;0