data;horario;n_da_ocorrencia;tipo_de_ocorrencia;km;trecho;sentido;tipo_de_acidente;automovel;bicicleta;caminhao;moto;onibus;outros;tracao_animal;transporte_de_cargas_especiais;trator_maquinas;utilitarios;ilesos;levemente_feridos;moderadamente_feridos;gravemente_feridos;mortos
"29/03/2021";"02:28:00";"277";"Acidente s";"555.566";"BR-163/MS";"SUL";"Tombamento";0;0;0;0;0;0;0;0;0;1;1;0;0;0;0
"30/03/2021";"08:49:00";"123";"Acidente s";"479.141";"BR-163/MS";"SUL";"Colisão lateral no mesmo sentido";1;0;0;0;0;0;0;0;0;1;3;0;0;0;0
"30/03/2021";"09:22:00";"136";"Acidente s";"484.3";"BR-163/MS";"SUL";"Colisão lateral no mesmo sentido";1;0;1;0;0;0;0;0;0;0;3;0;0;0;0
"30/03/2021";"03:18:00";"233";"Acidente s";"334";"BR-163/MS";"SUL";"Colisão lateral no mesmo sentido";0;0;2;0;0;2;0;0;0;0;4;0;0;0;0
"30/03/2021";"10:49:00";"340";"Acidente s";"22";"BR-163/MS";"NORTE";"Atropelamento de animais";0;0;0;0;1;0;0;0;0;0;18;0;0;0;0
"31/03/2021";"01:28:00";"19";"Acidente s";"384.77";"BR-163/MS";"SUL";"Saídas de pista";0;0;1;0;0;0;0;0;0;0;1;0;0;0;0
"31/03/2021";"05:29:00";"45";"Acidente s";"738.29";"BR-163/MS";"SUL";"Atropelamento de animais";0;0;0;0;0;0;0;0;0;1;2;0;0;0;0
"31/03/2021";"11:23:00";"188";"Acidente c";"251.341";"BR-163/MS";"NORTE";"Colisão com veículos (traseira)";0;0;1;1;0;0;0;0;0;0;1;0;0;1;0
"31/03/2021";"02:05:00";"241";"Acidente c";"485.744";"BR-163/MS";"SUL";"Engavetamento";1;0;2;0;0;1;0;0;0;2;7;1;0;0;0
"31/03/2021";"03:27:00";"259";"Acidente s";"77.431";"BR-163/MS";"SUL";"Colisão lateral no mesmo sentido";0;0;0;2;0;0;0;0;0;1;3;0;0;0;0
"31/03/2021";"04:56:00";"290";"Acidente s";"143.61";"BR-163/MS";"SUL";"Saídas de pista";0;0;0;0;0;0;0;0;0;1;2;0;0;0;0
"31/03/2021";"06:32:00";"310";"Acidente s";"31.662";"BR-163/MS";"NORTE";"Saídas de pista";1;0;0;0;0;0;0;0;0;0;1;0;0;0;0
"31/03/2021";"06:42:00";"315";"Acidente s";"759.325";"BR-163/MS";"NORTE";"Atropelamento de animais";0;0;0;0;0;0;0;0;0;1;2;0;0;0;0
"31/03/2021";"06:54:00";"317";"Acidente s";"210.905";"BR-163/MS";"NORTE";"Colisão lateral no sentido contrário";0;0;0;0;0;1;0;0;0;1;2;0;0;0;0
"31/03/2021";"07:29:00";"327";"Acidente c";"479.974";"BR-163/MS";"SUL";"Colisão com veículos (traseira)";0;0;1;1;0;0;0;0;0;0;1;0;1;0;0
"01/04/2021";"04:36:00";"71";"Acidente s";"6.436";"BR-163/MS";"SUL";"Colisão c/ obstáculos";1;0;0;0;0;0;0;0;0;0;3;0;0;0;0
"01/04/2021";"03:20:00";"264";"Acidente s";"484.415";"BR-163/MS";"NORTE";"Colisão c/ obstáculos";2;0;0;0;0;0;0;0;0;0;3;0;0;0;0
"01/04/2021";"06:38:00";"318";"Acidente s";"297.343";"BR-163/MS";"NORTE";"Atropelamento de animais";1;0;0;0;0;0;0;0;0;0;2;0;0;0;0
"02/04/2021";"05:20:00";"79";"Acidente s";"520.47";"BR-163/MS";"NORTE";"Colisão c/ obstáculos";1;0;0;0;0;0;0;0;0;0;2;0;0;0;0
"02/04/2021";"08:40:00";"144";"Acidente s";"226.8";"BR-163/MS";"NORTE";"Colisão com veículos (traseira)";0;0;2;0;0;2;0;0;0;0;4;0;0;0;0
"02/04/2021";"01:25:00";"240";"Acidente s";"566.567";"BR-163/MS";"SUL";"Saídas de pista";1;0;0;0;0;0;0;0;0;0;3;0;0;0;0
"03/04/2021";"08:57:00";"106";"Acidente c";"77.7";"BR-163/MS";"NORTE";"Colisão com veículos (traseira)";0;0;0;1;0;0;0;0;0;1;1;1;0;0;0
"04/04/2021";"01:25:00";"3";"Acidente c";"614.744";"BR-163/MS";"NORTE";"Tombamento de moto";0;0;0;1;0;0;0;0;0;0;0;1;0;0;0
"04/04/2021";"09:30:00";"90";"Acidente s";"579";"BR-163/MS";"SUL";"Saídas de pista";1;0;0;0;0;0;0;0;0;0;4;0;0;0;0
"04/04/2021";"12:24:00";"125";"Acidente c";"192.95";"BR-163/MS";"SUL";"Tombamento";0;0;1;0;0;0;0;0;0;0;0;1;1;0;0
"04/04/2021";"06:17:00";"214";"Acidente s";"313";"BR-163/MS";"SUL";"Colisão c/ obstáculos";2;0;0;0;0;0;0;0;0;0;9;0;0;0;0
"04/04/2021";"06:38:00";"218";"Acidente c";"423.679";"BR-163/MS";"NORTE";"Tombamento de moto";0;0;0;1;0;0;0;0;0;0;0;1;1;0;0
"04/04/2021";"06:59:00";"220";"Acidente c";"276.341";"BR-163/MS";"SUL";"Tombamento de moto";0;0;0;1;0;0;0;0;0;0;0;0;0;0;1
"04/04/2021";"08:14:00";"232";"Acidente s";"221.993";"BR-163/MS";"NORTE";"Atropelamento de animais";1;0;0;0;0;0;0;0;0;0;1;0;0;0;0
"04/04/2021";"09:33:00";"242";"Acidente s";"603.116";"BR-163/MS";"SUL";"Saídas de pista";1;0;0;0;0;0;0;0;0;0;3;0;0;0;0
"06/04/2021";"03:03:00";"27";"Acidente s";"818.865";"BR-163/MS";"SUL";"Atropelamento de animais";0;0;0;0;0;0;0;0;0;1;1;0;0;0;0
"07/04/2021";"04:09:00";"321";"Acidente s";"36.5";"BR-163/MS";"NORTE";"Saídas de pista";0;0;1;0;0;0;0;0;0;0;1;0;0;0;0
"07/04/2021";"07:13:00";"370";"Acidente c";"459.322";"BR-163/MS";"NORTE";"Atropelamento de animais";0;0;0;1;0;0;0;0;0;0;0;1;0;0;0
"08/04/2021";"12:01:00";"198";"Acidente s";"237";"BR-163/MS";"SUL";"Colisão lateral no mesmo sentido";0;0;1;0;0;1;0;0;0;1;3;0;0;0;0
"08/04/2021";"01:47:00";"239";"Acidente s";"140.918";"BR-163/MS";"SUL";"Tombamento";0;0;1;0;0;1;0;0;0;0;2;0;0;0;0
"08/04/2021";"04:44:00";"293";"Acidente c";"6.556";"BR-163/MS";"NORTE";"Colisão lateral no mesmo sentido";1;0;0;1;0;0;0;0;0;0;2;1;0;0;0
"08/04/2021";"05:12:00";"301";"Acidente s";"117.623";"BR-163/MS";"NORTE";"Colisão lateral no sentido contrário";1;0;1;0;0;2;0;0;0;0;6;0;0;0;0
"09/04/2021";"05:19:00";"31";"Acidente s";"576";"BR-163/MS";"SUL";"Colisão c/ obstáculos";0;0;0;0;0;0;0;0;0;1;1;0;0;0;0
"09/04/2021";"07:47:00";"91";"Acidente c";"479";"BR-163/MS";"NORTE";"Colisão lateral no mesmo sentido";1;0;0;1;0;0;0;0;0;0;2;2;0;0;0
"09/04/2021";"04:24:00";"250";"Acidente s";"523";"BR-163/MS";"NORTE";"Tombamento de moto";0;0;0;1;0;0;0;0;0;0;2;0;0;0;0
"09/04/2021";"11:46:00";"344";"Acidente s";"618.465";"BR-163/MS";"SUL";"Colisão lateral no sentido contrário";1;0;1;0;0;0;0;0;0;0;2;0;0;0;0
"10/04/2021";"04:50:00";"22";"Acidente s";"308";"BR-163/MS";"SUL";"Tombamento de moto";0;0;0;1;0;0;0;0;0;0;1;0;0;0;0
"10/04/2021";"07:39:00";"69";"Acidente s";"609.55";"BR-163/MS";"NORTE";"Colisão c/ obstáculos";1;0;0;0;0;0;0;0;0;0;1;0;0;0;0
"10/04/2021";"04:50:00";"244";"Acidente s";"216.767";"BR-163/MS";"NORTE";"Colisão c/ obstáculos";1;0;0;0;0;0;0;0;0;0;2;0;0;0;0
"10/04/2021";"06:11:00";"258";"Acidente s";"278.797";"BR-163/MS";"NORTE";"Capotamento";1;0;0;0;0;0;0;0;0;0;5;0;0;0;0
"10/04/2021";"06:46:00";"267";"Acidente c";"459";"BR-163/MS";"NORTE";"Colisão com veículos (frontal)";1;0;0;0;0;0;0;0;0;1;0;2;0;3;0
"10/04/2021";"06:47:00";"268";"Atropelame";"280.454";"BR-163/MS";"SUL";"Atropelamento de pedestre";1;1;0;0;0;0;0;0;0;0;1;1;0;0;0
"11/04/2021";"12:31:00";"4";"Acidente s";"502.91";"BR-163/MS";"SUL";"Colisão c/ obstáculos";1;0;0;0;0;0;0;0;0;0;2;0;0;0;0
"11/04/2021";"05:31:00";"29";"Acidente s";"94.874";"BR-163/MS";"SUL";"Colisão lateral no mesmo sentido";1;0;1;0;0;0;0;0;0;0;2;0;0;0;0
"11/04/2021";"08:28:00";"86";"Acidente s";"6";"BR-163/MS";"NORTE";"Colisão c/ obstáculos";0;0;0;2;0;0;0;0;0;0;4;0;0;0;0
"11/04/2021";"10:02:00";"113";"Acidente c";"399";"BR-163/MS";"SUL";"Colisão lateral no mesmo sentido";0;0;0;1;0;0;0;0;0;1;1;2;0;0;0
"11/04/2021";"02:28:00";"167";"Acidente s";"590";"BR-163/MS";"NORTE";"Colisão c/ obstáculos";0;0;0;0;0;0;0;0;0;1;1;0;0;0;0
"11/04/2021";"06:04:00";"225";"Acidente c";"614.533";"BR-163/MS";"SUL";"Colisão lateral no mesmo sentido";1;0;0;0;0;0;0;0;0;1;2;1;0;0;0
"11/04/2021";"07:48:00";"250";"Acidente s";"331";"BR-163/MS";"NORTE";"Atropelamento de animais";1;0;0;0;0;0;0;0;0;0;2;0;0;0;0
"12/04/2021";"12:24:00";"2";"Atropelame";"270.68";"BR-163/MS";"SUL";"Atropelamento de pedestre";1;0;0;0;0;0;0;0;0;0;1;0;0;0;1
"12/04/2021";"06:32:00";"41";"Acidente s";"421.409";"BR-163/MS";"SUL";"Colisão c/ obstáculos";1;0;0;0;0;0;0;0;0;0;1;0;0;0;0
"12/04/2021";"10:11:00";"151";"Acidente c";"177.649";"BR-163/MS";"NORTE";"Colisão lateral no mesmo sentido";0;0;1;0;0;2;0;0;0;0;2;1;0;0;0
"14/04/2021";"05:22:00";"25";"Acidente s";"470";"BR-163/MS";"NORTE";"Atropelamento de animais";1;0;0;0;0;0;0;0;0;0;3;0;0;0;0
"14/04/2021";"04:49:00";"276";"Acidente c";"258";"BR-163/MS";"NORTE";"Tombamento de moto";0;0;0;1;0;0;0;0;0;0;0;1;0;0;0
"15/04/2021";"10:24:00";"230";"Acidente c";"597";"BR-163/MS";"SUL";"Colisão c/ obstáculos";0;0;1;0;0;2;0;0;0;0;2;1;0;0;0
"15/04/2021";"10:53:00";"239";"Acidente s";"261.112";"BR-163/MS";"NORTE";"Saídas de pista";0;1;0;0;0;0;0;0;0;1;2;0;0;0;0
"16/04/2021";"05:20:00";"91";"Acidente c";"791.25";"BR-163/MS";"SUL";"Colisão com veículos (traseira)";0;0;0;1;0;0;0;0;0;1;4;0;0;0;1
"16/04/2021";"06:28:00";"351";"Acidente s";"781.812";"BR-163/MS";"SUL";"Atropelamento de animais";0;0;1;0;0;0;0;0;0;0;1;0;0;0;0
"16/04/2021";"08:31:00";"384";"Acidente c";"481.937";"BR-163/MS";"SUL";"Colisão com veículos (traseira)";1;0;0;1;0;0;0;0;0;0;3;1;0;0;1
"16/04/2021";"10:04:00";"395";"Acidente c";"265";"BR-163/MS";"SUL";"Atropelamento de pedestre";1;1;0;0;0;0;0;0;0;0;1;1;0;0;0
"17/04/2021";"08:07:00";"285";"Acidente c";"485.753";"BR-163/MS";"NORTE";"Colisão com veículos (frontal)";2;0;0;0;0;0;0;0;0;0;2;1;0;0;0
"17/04/2021";"09:35:00";"299";"Acidente s";"735.802";"BR-163/MS";"SUL";"Tombamento";0;0;1;0;0;2;0;0;0;0;3;0;0;0;0
"18/04/2021";"05:03:00";"27";"Acidente c";"71.2";"BR-163/MS";"SUL";"Capotamento";0;0;0;0;0;0;0;0;0;1;0;2;0;0;0
"18/04/2021";"07:24:00";"52";"Acidente s";"424.554";"BR-163/MS";"NORTE";"Tombamento";0;0;1;0;0;1;0;0;0;0;2;0;0;0;0
"18/04/2021";"09:33:00";"100";"Acidente c";"840.58";"BR-163/MS";"NORTE";"Tombamento de moto";0;0;0;1;0;0;0;0;0;0;0;1;0;0;0
"18/04/2021";"04:19:00";"215";"Acidente s";"621.707";"BR-163/MS";"NORTE";"Colisão c/ obstáculos";1;0;1;0;0;2;0;0;0;0;8;0;0;0;0
"19/04/2021";"03:59:00";"20";"Acidente c";"735.744";"BR-163/MS";"SUL";"Colisão com veículos (traseira)";2;0;0;0;0;0;0;0;0;0;0;3;0;1;0
"19/04/2021";"06:52:00";"42";"Acidente c";"477";"BR-163/MS";"NORTE";"Tombamento de moto";0;0;0;1;0;0;0;0;0;0;1;1;0;0;0
"19/04/2021";"09:54:00";"121";"Acidente c";"489.5";"BR-163/MS";"NORTE";"Tombamento de moto";0;0;0;1;0;0;0;0;0;0;0;2;0;0;0
"19/04/2021";"01:34:00";"185";"Acidente c";"41.881";"BR-163/MS";"SUL";"Tombamento";0;0;1;0;0;1;0;0;0;0;1;0;1;0;0
"20/04/2021";"04:04:00";"12";"Acidente s";"264.248";"BR-163/MS";"NORTE";"Atropelamento de animais";1;0;0;0;0;0;0;0;0;0;1;0;0;0;0
"20/04/2021";"08:32:00";"104";"Acidente c";"86.806";"BR-163/MS";"SUL";"Colisão lateral no mesmo sentido";1;0;1;0;0;1;0;0;0;0;4;2;0;0;0
"20/04/2021";"03:19:00";"261";"Acidente c";"261.537";"BR-163/MS";"SUL";"Colisão lateral no mesmo sentido";0;2;0;1;0;0;0;0;0;0;0;3;0;0;0
"20/04/2021";"03:32:00";"266";"Acidente c";"614.627";"BR-163/MS";"SUL";"Colisão lateral no sentido contrário";0;0;0;2;0;0;0;0;0;0;0;2;0;0;0
"20/04/2021";"06:10:00";"316";"Acidente s";"342.7";"BR-163/MS";"NORTE";"Atropelamento de animais";0;0;0;0;0;0;0;0;0;1;3;0;0;0;0
"20/04/2021";"06:14:00";"318";"Acidente s";"239.964";"BR-163/MS";"NORTE";"Saídas de pista";1;0;0;0;0;1;0;0;0;0;3;0;0;0;0
"20/04/2021";"10:43:00";"371";"Acidente c";"669.685";"BR-163/MS";"NORTE";"Colisão c/ obstáculos";1;0;0;0;0;0;0;0;0;0;0;2;0;0;0
"21/04/2021";"07:02:00";"264";"Acidente s";"593.38";"BR-163/MS";"NORTE";"Atropelamento de animais";0;0;0;0;0;0;0;0;0;1;5;0;0;0;0
"22/04/2021";"06:55:00";"51";"Acidente c";"681.694";"BR-163/MS";"NORTE";"Colisão com veículos (frontal)";0;0;0;1;0;0;0;0;0;1;1;1;0;0;0
"22/04/2021";"07:29:00";"354";"Acidente s";"119.164";"BR-163/MS";"NORTE";"Colisão c/ obstáculos";1;0;0;0;0;0;0;0;0;0;1;0;0;0;0
"23/04/2021";"07:11:00";"59";"Acidente c";"498";"BR-163/MS";"SUL";"Colisão c/ obstáculos";0;0;1;0;0;1;0;0;0;0;1;1;0;0;0
"23/04/2021";"12:25:00";"194";"Acidente s";"838";"BR-163/MS";"SUL";"Saídas de pista";0;0;1;0;0;0;0;0;0;0;1;0;0;0;0
"24/04/2021";"04:34:00";"24";"Acidente s";"798.942";"BR-163/MS";"SUL";"Atropelamento de animais";1;0;0;0;0;0;0;0;0;0;3;0;0;0;0
"24/04/2021";"08:32:00";"271";"Acidente c";"215.339";"BR-163/MS";"SUL";"Saídas de pista";1;0;0;0;0;0;0;0;0;0;3;1;0;0;0
"25/04/2021";"07:20:00";"226";"Acidente s";"196.924";"BR-163/MS";"NORTE";"Atropelamento de animais";0;0;0;0;0;0;0;0;0;1;2;0;0;0;0
"25/04/2021";"10:35:00";"250";"Acidente c";"680.457";"BR-163/MS";"NORTE";"Tombamento de moto";0;0;0;1;0;0;0;0;0;0;0;2;0;0;0
"26/04/2021";"02:52:00";"12";"Acidente c";"374.191";"BR-163/MS";"NORTE";"Capotamento";1;0;0;0;0;0;0;0;0;0;0;0;1;0;0
"26/04/2021";"05:03:00";"22";"Acidente s";"486.341";"BR-163/MS";"NORTE";"Colisão com veículos (traseira)";0;0;0;1;0;0;0;0;0;1;3;0;0;0;0
"26/04/2021";"10:50:00";"193";"Acidente s";"115.601";"BR-163/MS";"SUL";"Saídas de pista";1;0;0;0;0;0;0;0;0;0;1;0;0;0;0
"26/04/2021";"07:08:00";"324";"Acidente s";"222.16";"BR-163/MS";"NORTE";"Saídas de pista";1;0;0;0;0;0;0;0;0;0;3;0;0;0;0
"27/04/2021";"07:50:00";"81";"Acidente s";"485.7";"BR-163/MS";"SUL";"Engavetamento";3;0;0;0;0;0;0;0;0;1;10;0;0;0;0
"27/04/2021";"08:38:00";"286";"Acidente s";"475.22";"BR-163/MS";"NORTE";"Colisão lateral no sentido contrário";1;0;1;0;0;0;0;0;0;0;4;0;0;0;0
"27/04/2021";"09:50:00";"292";"Acidente s";"551.66";"BR-163/MS";"SUL";"Atropelamento de animais";0;0;0;0;0;0;0;0;0;1;1;0;0;0;0
"28/04/2021";"09:31:00";"163";"Acidente c";"463.77";"BR-163/MS";"SUL";"Colisão lateral no mesmo sentido";0;0;0;1;0;0;0;0;0;1;1;0;0;2;0
"28/04/2021";"12:50:00";"224";"Acidente c";"386";"BR-163/MS";"NORTE";"Capotamento";1;0;1;0;0;0;0;0;0;0;3;1;0;0;0
"29/04/2021";"08:30:00";"107";"Acidente s";"447.3";"BR-163/MS";"SUL";"Tombamento";0;0;1;0;0;2;0;0;0;0;3;0;0;0;0
"29/04/2021";"11:51:00";"164";"Acidente c";"214.989";"BR-163/MS";"SUL";"Colisão com veículos (traseira)";0;0;0;1;0;0;0;0;0;1;1;2;0;0;0
"29/04/2021";"12:51:00";"175";"Acidente c";"250.507";"BR-163/MS";"NORTE";"Colisão com veículos (traseira)";0;0;0;1;0;1;0;0;0;0;1;1;0;0;0
"29/04/2021";"05:17:00";"263";"Acidente s";"256.933";"BR-163/MS";"NORTE";"Colisão com veículos (traseira)";1;0;0;0;0;0;0;0;0;1;4;0;0;0;0
"29/04/2021";"06:31:00";"279";"Acidente c";"264.7";"BR-163/MS";"SUL";"Colisão lateral no mesmo sentido";0;0;1;1;0;2;0;0;0;0;3;0;0;1;0
"29/04/2021";"08:00:00";"299";"Atropelame";"76";"BR-163/MS";"SUL";"Atropelamento de pedestre";0;1;0;0;0;1;0;0;0;0;1;1;0;0;0
"29/04/2021";"08:08:00";"300";"Acidente s";"589.511";"BR-163/MS";"NORTE";"Tombamento";0;0;1;0;0;0;0;0;0;0;2;0;0;0;0
"30/04/2021";"07:01:00";"39";"Acidente c";"327.359";"BR-163/MS";"SUL";"Colisão com veículos (traseira)";0;0;0;1;0;0;0;0;0;0;0;0;0;1;0
"30/04/2021";"07:37:00";"65";"Acidente c";"477.815";"BR-163/MS";"NORTE";"Colisão lateral no sentido contrário";0;0;0;1;0;0;0;0;0;1;2;0;1;0;0
"30/04/2021";"09:26:00";"124";"Acidente c";"462";"BR-163/MS";"NORTE";"Colisão lateral no sentido contrário";0;0;1;0;0;1;0;0;0;1;2;1;0;0;0
"30/04/2021";"01:08:00";"181";"Acidente c";"501";"BR-163/MS";"SUL";"Tombamento de moto";0;0;0;1;0;0;0;0;0;0;0;0;1;0;0
"30/04/2021";"04:37:00";"237";"Acidente c";"260.262";"BR-163/MS";"NORTE";"Colisão com veículos (traseira)";0;1;0;0;0;1;0;0;0;0;1;1;0;0;0
"30/04/2021";"06:23:00";"257";"Acidente s";"21.936";"BR-163/MS";"SUL";"Colisão com veículos (traseira)";1;0;0;0;0;0;0;0;0;1;4;0;0;0;0
"30/04/2021";"08:49:00";"295";"Acidente s";"313.409";"BR-163/MS";"SUL";"Colisão com veículos (traseira)";1;0;1;0;0;2;0;0;0;0;5;0;0;0;0
"01/05/2021";"04:06:00";"179";"Acidente s";"278.868";"BR-163/MS";"NORTE";"Saídas de pista";1;0;0;0;0;1;0;0;0;0;2;0;0;0;0
"01/05/2021";"04:39:00";"188";"Acidente c";"309";"BR-163/MS";"NORTE";"Saídas de pista";1;0;0;0;0;0;0;0;0;0;0;1;0;0;0
"01/05/2021";"06:21:00";"213";"Acidente c";"489.944";"BR-163/MS";"NORTE";"Colisão com veículos (traseira)";2;1;0;1;0;1;0;0;0;0;6;0;0;1;0
"01/05/2021";"08:29:00";"231";"Acidente c";"528.674";"BR-163/MS";"SUL";"Colisão c/ obstáculos";0;0;0;1;0;0;0;0;0;0;0;1;0;0;0
"01/05/2021";"09:04:00";"239";"Acidente s";"91.359";"BR-163/MS";"NORTE";"Colisão com veículos (traseira)";0;0;0;0;0;1;0;0;0;1;3;0;0;0;0
"02/05/2021";"09:08:00";"90";"Acidente c";"520.266";"BR-163/MS";"NORTE";"Colisão c/ obstáculos";0;0;0;1;0;0;0;0;0;0;0;0;0;1;0
"02/05/2021";"04:55:00";"201";"Acidente s";"687.711";"BR-163/MS";"SUL";"Atropelamento de animais";1;0;0;0;0;0;0;0;0;0;3;0;0;0;0
"02/05/2021";"06:15:00";"213";"Acidente c";"261.52";"BR-163/MS";"SUL";"Tombamento de moto";0;0;0;1;0;0;0;0;0;0;0;1;0;0;0
"03/05/2021";"12:20:00";"181";"Acidente s";"21.6";"BR-163/MS";"NORTE";"Colisão com veículos (traseira)";0;0;0;0;0;1;0;0;0;2;4;0;0;0;0
"03/05/2021";"05:27:00";"275";"Acidente s";"256";"BR-163/MS";"NORTE";"Colisão lateral no mesmo sentido";1;0;1;0;0;1;0;0;0;0;6;0;0;0;0
"04/05/2021";"06:08:00";"29";"Acidente c";"507.34";"BR-163/MS";"NORTE";"Colisão lateral no sentido contrário";1;0;1;0;0;0;0;0;0;0;2;1;1;0;1
"04/05/2021";"06:53:00";"43";"Acidente s";"286.417";"BR-163/MS";"NORTE";"Atropelamento de animais";0;0;0;0;0;0;0;0;0;1;1;0;0;0;0
"04/05/2021";"07:26:00";"58";"Acidente c";"481.727";"BR-163/MS";"NORTE";"Colisão lateral no mesmo sentido";0;0;1;0;1;0;0;0;0;0;1;1;0;0;0
"04/05/2021";"04:55:00";"285";"Acidente s";"332.756";"BR-163/MS";"NORTE";"Colisão lateral no mesmo sentido";1;0;1;0;0;0;0;0;0;1;3;0;0;0;0
"04/05/2021";"07:50:00";"335";"Acidente s";"76.648";"BR-163/MS";"NORTE";"Colisão com veículos (traseira)";1;0;1;0;0;0;0;0;0;0;2;0;0;0;0
"05/05/2021";"02:43:00";"20";"Acidente s";"152.188";"BR-163/MS";"NORTE";"Atropelamento de animais";0;0;0;0;0;0;0;0;0;1;4;0;0;0;0
"05/05/2021";"10:02:00";"156";"Acidente c";"468";"BR-163/MS";"NORTE";"Capotamento";1;0;0;0;0;0;0;0;0;0;0;0;1;0;0
"05/05/2021";"03:20:00";"269";"Acidente c";"581.9";"BR-163/MS";"NORTE";"Tombamento";0;0;1;0;0;1;0;0;0;0;1;1;0;0;0
"06/05/2021";"07:44:00";"80";"Acidente c";"181.969";"BR-163/MS";"NORTE";"Tombamento de moto";0;0;0;1;0;0;0;0;0;0;0;0;1;0;0
"06/05/2021";"05:37:00";"303";"Acidente s";"480.321";"BR-163/MS";"SUL";"Engavetamento";1;0;1;1;0;0;0;0;0;0;5;0;0;0;0
"06/05/2021";"07:12:00";"326";"Acidente s";"11.834";"BR-163/MS";"NORTE";"Colisão c/ obstáculos";1;0;0;0;0;1;0;0;0;0;2;0;0;0;0
"07/05/2021";"03:56:00";"23";"Acidente s";"26.765";"BR-163/MS";"SUL";"Atropelamento de animais";0;0;0;0;0;0;0;0;0;1;5;0;0;0;0
"07/05/2021";"05:47:00";"35";"Acidente c";"361.61";"BR-163/MS";"NORTE";"Colisão lateral no sentido contrário";1;0;1;0;0;0;0;0;0;0;1;1;0;0;0
"07/05/2021";"01:09:00";"186";"Acidente s";"657";"BR-163/MS";"NORTE";"Colisão c/ obstáculos";1;0;0;0;0;0;0;0;0;0;1;0;0;0;0
"07/05/2021";"02:47:00";"223";"Acidente s";"158.569";"BR-163/MS";"NORTE";"Colisão com veículos (traseira)";2;0;0;0;0;1;0;0;0;0;3;0;0;0;0
"08/05/2021";"02:12:00";"9";"Acidente s";"281.3";"BR-163/MS";"SUL";"Colisão c/ obstáculos";1;0;0;0;0;0;0;0;0;0;1;0;0;0;0
"08/05/2021";"02:38:00";"10";"Acidente s";"735.589";"BR-163/MS";"SUL";"Saídas de pista";1;0;0;0;0;0;0;0;0;0;3;0;0;0;0
"08/05/2021";"07:23:00";"56";"Acidente s";"1.9";"BR-163/MS";"NORTE";"Colisão com veículos (traseira)";2;0;0;0;0;0;0;0;0;0;5;0;0;0;0
"08/05/2021";"11:54:00";"158";"Acidente c";"270";"BR-163/MS";"NORTE";"Colisão c/ obstáculos";0;1;1;0;0;0;0;0;0;0;1;1;0;0;0
"08/05/2021";"01:08:00";"178";"Acidente c";"356.6";"BR-163/MS";"SUL";"Colisão com veículos (traseira)";0;0;1;1;0;2;0;0;0;1;4;0;1;0;0
"09/05/2021";"12:02:00";"1";"Acidente c";"222.497";"BR-163/MS";"SUL";"Colisão com veículos (traseira)";0;0;0;1;0;0;0;0;0;1;1;0;1;0;0
"09/05/2021";"05:14:00";"224";"Acidente c";"275.59";"BR-163/MS";"SUL";"Tombamento de moto";0;0;0;1;0;0;0;0;0;0;0;1;0;0;0
"09/05/2021";"06:18:00";"240";"Acidente c";"726.842";"BR-163/MS";"NORTE";"Colisão com veículos (traseira)";0;0;0;1;0;0;0;0;0;0;0;1;0;0;0
"09/05/2021";"06:43:00";"245";"Acidente c";"462.824";"BR-163/MS";"NORTE";"Colisão com veículos (traseira)";3;0;0;0;0;0;0;0;0;0;3;2;0;0;0
"10/05/2021";"01:34:00";"8";"Acidente s";"424.4";"BR-163/MS";"NORTE";"Atropelamento de animais";1;0;0;0;0;0;0;0;0;0;1;0;0;0;0
"10/05/2021";"07:06:00";"47";"Acidente c";"470.697";"BR-163/MS";"SUL";"Tombamento";0;1;0;0;0;0;0;0;0;0;0;1;0;0;0
"10/05/2021";"01:03:00";"186";"Acidente c";"725";"BR-163/MS";"NORTE";"Tombamento de moto";0;0;0;1;0;0;0;0;0;0;1;1;0;0;0
"10/05/2021";"02:16:00";"207";"Acidente c";"418.147";"BR-163/MS";"NORTE";"Colisão com veículos (traseira)";0;1;1;0;0;0;0;0;0;0;1;0;0;1;0
"10/05/2021";"04:45:00";"250";"Acidente s";"126";"BR-163/MS";"NORTE";"Colisão c/ obstáculos";1;0;0;0;0;0;0;0;0;0;2;0;0;0;0
"11/05/2021";"04:57:00";"29";"Acidente s";"569.107";"BR-163/MS";"SUL";"Atropelamento de animais";0;0;0;0;0;0;0;0;0;1;2;0;0;0;0
"11/05/2021";"05:03:00";"30";"Acidente s";"372.428";"BR-163/MS";"SUL";"Atropelamento de animais";1;0;0;0;0;0;0;0;0;0;3;0;0;0;0
"12/05/2021";"07:07:00";"51";"Acidente s";"19.268";"BR-163/MS";"NORTE";"Saídas de pista";1;0;0;0;0;0;0;0;0;0;1;0;0;0;0
"12/05/2021";"12:55:00";"204";"Acidente s";"841.364";"BR-163/MS";"SUL";"Colisão com veículos (traseira)";1;0;1;0;0;2;0;0;0;0;4;0;0;0;0
"12/05/2021";"03:13:00";"248";"Acidente s";"472.7";"BR-163/MS";"NORTE";"Colisão lateral no sentido contrário";2;0;0;0;0;0;0;0;0;0;2;0;0;0;0
"12/05/2021";"05:55:00";"293";"Acidente c";"475.838";"BR-163/MS";"NORTE";"Colisão com veículos (traseira)";0;0;0;2;0;0;0;0;0;0;1;1;0;0;0