data;horario;n_da_ocorrencia;tipo_de_ocorrencia;km;trecho;sentido;tipo_de_acidente;automovel;bicicleta;caminhao;moto;onibus;outros;tracao_animal;transporte_de_cargas_especiais;trator_maquinas;utilitarios;ilesos;levemente_feridos;moderadamente_feridos;gravemente_feridos;mortos
"22/12/2021";"09:09:00";"114";"Acidente c";"490.635";"BR-163/MS";"NORTE";"Colisão com veículos (traseira)";0;0;0;0;0;0;0;0;0;2;4;0;2;0;0
"22/12/2021";"05:32:00";"264";"Acidente s";"114.251";"BR-163/MS";"NORTE";"Colisão com veículos (frontal)";2;0;0;0;0;0;0;0;0;0;4;0;0;0;0
"22/12/2021";"05:47:00";"269";"Acidente c";"482.536";"BR-163/MS";"NORTE";"Atropelamento de pedestre";1;1;0;0;0;0;0;0;0;0;2;0;1;0;0
"22/12/2021";"08:19:00";"302";"Acidente c";"410.691";"BR-163/MS";"SUL";"Colisão lateral no sentido contrário";1;0;1;0;1;3;0;0;0;0;16;1;0;0;0
"22/12/2021";"10:27:00";"322";"Acidente s";"540.836";"BR-163/MS";"NORTE";"Atropelamento de animais";0;0;0;0;0;0;0;0;0;1;4;0;0;0;0
"22/12/2021";"11:00:00";"325";"Acidente c";"473.644";"BR-163/MS";"SUL";"Atropelamento de animais";1;0;0;0;0;0;0;0;0;0;3;1;0;1;0
"22/12/2021";"11:29:00";"326";"Acidente c";"13.306";"BR-163/MS";"NORTE";"Colisão lateral no sentido contrário";1;0;0;1;0;0;0;0;0;0;2;1;0;0;0
"23/12/2021";"02:20:00";"17";"Acidente s";"46.909";"BR-163/MS";"SUL";"Atropelamento de animais";1;0;0;0;0;0;0;0;0;0;3;0;0;0;0
"23/12/2021";"07:53:00";"82";"Acidente s";"24.5";"BR-163/MS";"SUL";"Colisão c/ obstáculos";0;0;0;0;0;0;0;0;0;1;4;0;0;0;0
"23/12/2021";"03:39:00";"266";"Acidente c";"244.53";"BR-163/MS";"NORTE";"Tombamento de moto";0;0;0;1;0;0;0;0;0;0;0;1;0;0;0
"23/12/2021";"03:52:00";"272";"Acidente s";"486.75";"BR-163/MS";"SUL";"Engavetamento";1;0;0;0;0;1;0;0;0;1;8;0;0;0;0
"23/12/2021";"09:44:00";"358";"Acidente c";"596.206";"BR-163/MS";"SUL";"Capotamento";1;0;0;0;0;0;0;0;0;0;1;2;0;0;0
"24/12/2021";"12:52:00";"6";"Acidente s";"664.52";"BR-163/MS";"NORTE";"Atropelamento de animais";0;0;0;0;1;0;0;0;0;0;45;0;0;0;0
"24/12/2021";"02:04:00";"14";"Acidente c";"211.516";"BR-163/MS";"SUL";"Colisão c/ obstáculos";0;0;0;0;0;0;0;0;0;1;1;1;0;0;0
"24/12/2021";"07:56:00";"71";"Acidente s";"5.787";"BR-163/MS";"NORTE";"Colisão com veículos (traseira)";2;0;0;0;0;0;0;0;0;0;5;0;0;0;0
"24/12/2021";"10:24:00";"112";"Acidente s";"660.45";"BR-163/MS";"NORTE";"Saídas de pista";1;0;0;0;0;0;0;0;0;0;4;0;0;0;0
"24/12/2021";"12:56:00";"148";"Acidente s";"446.342";"BR-163/MS";"SUL";"Capotamento";1;0;0;0;0;0;0;0;0;0;3;0;0;0;0
"24/12/2021";"03:39:00";"191";"Acidente s";"365.39";"BR-163/MS";"NORTE";"Colisão com veículos (traseira)";1;0;0;0;0;1;0;0;0;0;3;0;0;0;0
"24/12/2021";"06:09:00";"231";"Acidente s";"422.237";"BR-163/MS";"NORTE";"Capotamento";1;0;0;0;0;0;0;0;0;0;1;0;0;0;0
"24/12/2021";"06:55:00";"243";"Acidente c";"655.634";"BR-163/MS";"SUL";"Colisão c/ obstáculos";0;0;0;1;0;0;0;0;0;0;0;1;0;0;0
"24/12/2021";"08:02:00";"258";"Acidente s";"511.354";"BR-163/MS";"SUL";"Saídas de pista";0;0;1;0;0;0;0;0;0;0;1;0;0;0;0
"24/12/2021";"08:21:00";"262";"Acidente c";"681.275";"BR-163/MS";"NORTE";"Colisão lateral no sentido contrário";1;0;0;1;0;0;0;0;0;0;2;1;0;0;0
"24/12/2021";"09:51:00";"276";"Acidente c";"451.564";"BR-163/MS";"SUL";"Atropelamento de animais";0;0;0;1;0;0;0;0;0;0;0;1;0;0;0
"25/12/2021";"12:56:00";"5";"Acidente s";"346.704";"BR-163/MS";"SUL";"Saídas de pista";1;0;0;0;0;0;0;0;0;0;1;0;0;0;0
"25/12/2021";"03:51:00";"14";"Acidente s";"276.366";"BR-163/MS";"SUL";"Colisão c/ obstáculos";1;0;0;0;0;0;0;0;0;0;1;0;0;0;0
"25/12/2021";"07:32:00";"137";"Acidente c";"303.382";"BR-163/MS";"SUL";"Colisão com veículos (frontal)";1;0;0;0;0;0;0;0;0;1;0;2;0;0;0
"26/12/2021";"07:57:00";"233";"Acidente s";"267.7";"BR-163/MS";"NORTE";"Capotamento";0;0;0;0;0;0;0;0;0;1;2;0;0;0;0
"26/12/2021";"08:47:00";"244";"Acidente s";"697.392";"BR-163/MS";"SUL";"Colisão c/ obstáculos";1;0;0;0;0;0;0;0;0;0;6;0;0;0;0
"27/12/2021";"12:25:00";"3";"Acidente s";"685.856";"BR-163/MS";"NORTE";"Atropelamento de animais";0;0;0;0;0;0;0;0;0;1;2;0;0;0;0
"27/12/2021";"12:25:00";"4";"Acidente s";"710.219";"BR-163/MS";"NORTE";"Atropelamento de animais";1;0;0;0;0;0;0;0;0;0;5;0;0;0;0
"27/12/2021";"04:36:00";"16";"Acidente c";"306.62";"BR-163/MS";"SUL";"Saídas de pista";0;0;1;0;0;1;0;0;0;0;1;2;0;0;0
"27/12/2021";"02:18:00";"212";"Acidente s";"387.584";"BR-163/MS";"NORTE";"Colisão lateral no mesmo sentido";1;0;1;0;0;1;0;0;0;0;4;0;0;0;0
"27/12/2021";"05:41:00";"283";"Acidente s";"346.684";"BR-163/MS";"SUL";"Saídas de pista";1;0;0;0;0;0;0;0;0;0;3;0;0;0;0
"28/12/2021";"09:27:00";"118";"Acidente s";"783.386";"BR-163/MS";"NORTE";"Saídas de pista";1;0;0;0;0;0;0;0;0;0;5;0;0;0;0
"28/12/2021";"02:47:00";"202";"Acidente s";"112.962";"BR-163/MS";"SUL";"Colisão lateral no mesmo sentido";0;0;1;0;1;1;0;0;0;0;19;0;0;0;0
"28/12/2021";"07:03:00";"252";"Acidente c";"777.37";"BR-163/MS";"SUL";"Colisão com veículos (traseira)";0;0;1;0;0;1;0;0;0;1;2;1;0;0;0
"28/12/2021";"10:19:00";"274";"Acidente s";"484.386";"BR-163/MS";"NORTE";"Colisão lateral no sentido contrário";0;0;1;0;0;2;0;0;0;1;4;0;0;0;0
"29/12/2021";"01:31:00";"5";"Acidente s";"748.72";"BR-163/MS";"NORTE";"Atropelamento de animais";0;0;0;0;0;0;0;0;0;1;4;0;0;0;0
"29/12/2021";"02:20:00";"187";"Acidente c";"679.93";"BR-163/MS";"SUL";"Colisão com veículos (traseira)";1;0;0;0;0;0;0;0;0;1;5;1;0;0;0
"29/12/2021";"02:21:00";"188";"Acidente s";"490.593";"BR-163/MS";"NORTE";"Colisão com veículos (traseira)";2;0;0;0;0;0;0;0;0;0;3;0;0;0;0
"29/12/2021";"10:37:00";"268";"Acidente c";"258.639";"BR-163/MS";"NORTE";"Tombamento de moto";0;0;0;1;0;0;0;0;0;0;0;1;0;0;0
"30/12/2021";"01:54:00";"6";"Acidente s";"661.548";"BR-163/MS";"SUL";"Atropelamento de animais";1;0;0;0;0;0;0;0;0;0;1;0;0;0;0
"30/12/2021";"05:45:00";"19";"Acidente c";"475.781";"BR-163/MS";"SUL";"Colisão lateral no mesmo sentido";0;0;0;1;0;0;0;0;0;1;1;1;0;0;0
"30/12/2021";"06:30:00";"31";"Acidente s";"19.165";"BR-163/MS";"SUL";"Colisão c/ obstáculos";1;0;0;0;0;0;0;0;0;0;1;0;0;0;0
"30/12/2021";"10:48:00";"128";"Acidente s";"617.178";"BR-163/MS";"NORTE";"Colisão com veículos (traseira)";2;0;0;0;0;0;0;0;0;0;8;0;0;0;0
"30/12/2021";"04:18:00";"212";"Acidente c";"503.126";"BR-163/MS";"SUL";"Capotamento";1;0;0;0;0;0;0;0;0;0;0;0;0;2;0
"30/12/2021";"08:40:00";"254";"Acidente c";"20.716";"BR-163/MS";"NORTE";"Tombamento de moto";0;0;0;1;0;0;0;0;0;0;0;1;0;0;0
"30/12/2021";"08:52:00";"255";"Acidente s";"533.715";"BR-163/MS";"SUL";"Colisão c/ obstáculos";1;0;0;0;0;0;0;0;0;0;4;0;0;0;0
"31/12/2021";"07:44:00";"54";"Acidente c";"258.625";"BR-163/MS";"NORTE";"Colisão c/ obstáculos";0;0;0;1;0;0;0;0;0;0;0;1;0;0;0
"31/12/2021";"07:15:00";"217";"Acidente c";"475.824";"BR-163/MS";"SUL";"Tombamento de moto";0;0;0;1;0;0;0;0;0;0;0;1;0;0;0
"31/12/2021";"08:21:00";"226";"Acidente s";"550.281";"BR-163/MS";"NORTE";"Capotamento";1;0;0;0;0;0;0;0;0;0;3;0;0;0;0
"31/12/2021";"08:29:00";"229";"Acidente s";"255";"BR-163/MS";"NORTE";"Saídas de pista";1;0;0;0;0;0;0;0;0;0;1;0;0;0;0
"01/01/2022";"05:22:00";"20";"Acidente c";"393.113";"BR-163/MS";"NORTE";"Colisão lateral no mesmo sentido";0;0;1;0;0;1;0;0;0;1;2;1;0;0;0
"01/01/2022";"01:42:00";"82";"Acidente c";"56.517";"BR-163/MS";"SUL";"Tombamento";0;0;1;0;0;2;0;0;0;0;2;1;0;0;0
"01/01/2022";"03:17:00";"96";"Acidente s";"823.541";"BR-163/MS";"NORTE";"Tombamento de moto";0;0;0;1;0;0;0;0;0;0;1;0;0;0;0
"02/01/2022";"05:26:00";"186";"Acidente s";"485.75";"BR-163/MS";"NORTE";"Colisão com veículos (traseira)";1;0;0;0;0;0;0;0;0;1;5;0;0;0;0
"02/01/2022";"07:12:00";"208";"Acidente s";"813.815";"BR-163/MS";"NORTE";"Colisão lateral no sentido contrário";1;0;0;0;0;0;0;0;0;1;13;0;0;0;0
"02/01/2022";"07:47:00";"220";"Acidente s";"842.358";"BR-163/MS";"NORTE";"Saídas de pista";1;0;0;0;0;0;0;0;0;0;3;0;0;0;0
"03/01/2022";"02:08:00";"8";"Acidente s";"595.71";"BR-163/MS";"NORTE";"Atropelamento de animais";1;0;0;0;0;0;0;0;0;0;4;0;0;0;0
"03/01/2022";"08:23:00";"76";"Acidente c";"500.497";"BR-163/MS";"SUL";"Tombamento de moto";0;0;0;1;0;0;0;0;0;0;1;0;1;0;0
"03/01/2022";"10:08:00";"114";"Acidente c";"486.487";"BR-163/MS";"NORTE";"Engavetamento";3;0;0;0;0;0;0;0;0;0;10;0;1;0;0
"03/01/2022";"12:56:00";"146";"Acidente s";"151.736";"BR-163/MS";"NORTE";"Tombamento";0;0;1;0;0;0;0;0;0;0;1;0;0;0;0
"03/01/2022";"08:03:00";"218";"Acidente s";"511.165";"BR-163/MS";"SUL";"Colisão c/ obstáculos";1;0;1;0;0;1;0;0;0;0;7;0;0;0;0
"04/01/2022";"08:00:00";"49";"Acidente c";"472.551";"BR-163/MS";"NORTE";"Tombamento de moto";0;0;0;1;0;0;0;0;0;0;0;2;0;0;0
"04/01/2022";"10:09:00";"91";"Acidente c";"103.642";"BR-163/MS";"NORTE";"Tombamento";0;0;1;0;0;0;0;0;0;0;0;0;1;0;0
"04/01/2022";"04:47:00";"171";"Acidente c";"695.244";"BR-163/MS";"NORTE";"Capotamento";0;0;1;0;0;0;0;0;0;0;0;1;0;0;0
"05/01/2022";"05:16:00";"16";"Acidente c";"465.3";"BR-163/MS";"NORTE";"Colisão lateral no sentido contrário";0;0;1;1;0;2;0;0;0;0;3;1;0;0;0
"05/01/2022";"09:44:00";"105";"Acidente s";"636.701";"BR-163/MS";"NORTE";"Saídas de pista";1;0;0;0;0;0;0;0;0;0;2;0;0;0;0
"05/01/2022";"03:06:00";"184";"Acidente c";"490.418";"BR-163/MS";"SUL";"Colisão lateral no sentido contrário";0;0;0;1;0;0;0;0;0;1;5;1;0;0;0
"05/01/2022";"05:39:00";"223";"Acidente c";"485.146";"BR-163/MS";"SUL";"Tombamento de moto";0;0;0;1;0;0;0;0;0;0;0;0;1;0;0
"05/01/2022";"07:13:00";"236";"Acidente s";"550.534";"BR-163/MS";"SUL";"Atropelamento de animais";0;0;0;0;0;0;0;0;0;1;2;0;0;0;0
"05/01/2022";"09:39:00";"247";"Acidente s";"721.491";"BR-163/MS";"NORTE";"Atropelamento de animais";1;0;0;0;0;0;0;0;0;0;3;0;0;0;0
"06/01/2022";"05:07:00";"12";"Acidente s";"391.538";"BR-163/MS";"SUL";"Colisão com veículos (traseira)";1;0;0;0;0;0;0;0;0;1;7;0;0;0;0
"06/01/2022";"06:53:00";"39";"Acidente s";"736.914";"BR-163/MS";"NORTE";"Saídas de pista";1;0;0;0;0;1;0;0;0;0;3;0;0;0;0
"06/01/2022";"01:17:00";"141";"Acidente c";"600.779";"BR-163/MS";"NORTE";"Saídas de pista";0;0;0;0;0;0;0;0;0;1;4;1;0;0;0
"06/01/2022";"10:35:00";"251";"Acidente c";"778.857";"BR-163/MS";"SUL";"Tombamento";0;0;1;0;0;1;0;0;0;0;1;0;1;0;0
"07/01/2022";"07:59:00";"53";"Acidente s";"838.287";"BR-163/MS";"SUL";"Tombamento";0;0;1;0;0;0;0;0;0;0;1;0;0;0;0
"07/01/2022";"01:30:00";"142";"Acidente s";"408.113";"BR-163/MS";"SUL";"Saídas de pista";0;0;1;0;0;2;0;0;0;0;3;0;0;0;0
"07/01/2022";"06:31:00";"193";"Acidente c";"682.3";"BR-163/MS";"SUL";"Colisão lateral no mesmo sentido";1;0;1;0;0;3;0;0;0;0;4;1;0;0;0
"07/01/2022";"08:12:00";"213";"Acidente c";"78.9";"BR-163/MS";"SUL";"Colisão c/ obstáculos";1;0;0;1;0;0;0;0;0;0;1;2;0;0;0
"07/01/2022";"09:34:00";"222";"Acidente s";"451.39";"BR-163/MS";"SUL";"Atropelamento de animais";0;0;0;0;0;0;0;0;0;1;2;0;0;0;0
"08/01/2022";"12:03:00";"1";"Acidente c";"534.677";"BR-163/MS";"SUL";"Atropelamento de animais";0;0;0;0;0;0;0;0;0;1;3;1;0;0;0
"08/01/2022";"03:34:00";"16";"Acidente c";"462.99";"BR-163/MS";"NORTE";"Atropelamento de animais";0;0;0;0;0;0;0;0;0;1;1;3;0;0;0
"08/01/2022";"03:53:00";"20";"Acidente s";"652.822";"BR-163/MS";"SUL";"Atropelamento de animais";0;0;0;0;0;0;0;0;0;1;3;0;0;0;0
"08/01/2022";"01:57:00";"132";"Acidente s";"490.607";"BR-163/MS";"NORTE";"Colisão com veículos (traseira)";1;0;0;0;0;0;0;0;0;1;7;0;0;0;0
"08/01/2022";"02:19:00";"140";"Acidente s";"681.432";"BR-163/MS";"SUL";"Colisão com veículos (traseira)";0;0;0;0;0;0;0;0;0;2;9;0;0;0;0
"08/01/2022";"02:24:00";"141";"Acidente c";"843.266";"BR-163/MS";"NORTE";"Engavetamento";1;0;1;0;0;1;0;0;0;1;7;1;0;0;0
"08/01/2022";"03:52:00";"156";"Acidente s";"408.86";"BR-163/MS";"NORTE";"Colisão com veículos (traseira)";0;0;1;0;0;3;0;0;0;0;4;0;0;0;0
"08/01/2022";"05:57:00";"175";"Acidente s";"483.119";"BR-163/MS";"NORTE";"Colisão lateral no mesmo sentido";1;0;1;0;0;2;0;0;0;0;4;0;0;0;0
"09/01/2022";"05:05:00";"26";"Acidente c";"487.14";"BR-163/MS";"SUL";"Colisão com veículos (frontal)";1;0;1;0;0;2;0;0;0;0;3;0;0;1;0
"09/01/2022";"06:41:00";"35";"Acidente c";"311.375";"BR-163/MS";"NORTE";"Tombamento de moto";0;0;0;1;0;0;0;0;0;0;0;0;0;0;1
"09/01/2022";"09:55:00";"64";"Acidente s";"666.118";"BR-163/MS";"NORTE";"Colisão com veículos (traseira)";0;0;1;1;0;0;0;0;0;0;1;0;0;0;0
"09/01/2022";"07:27:00";"161";"Acidente c";"481.984";"BR-163/MS";"SUL";"Capotamento";0;0;0;0;0;0;0;0;0;1;0;1;0;0;0
"10/01/2022";"08:40:00";"90";"Acidente s";"484.409";"BR-163/MS";"NORTE";"Colisão com veículos (traseira)";1;0;0;1;0;0;0;0;0;0;3;0;0;0;0
"10/01/2022";"09:16:00";"106";"Acidente s";"251.788";"BR-163/MS";"NORTE";"Colisão com veículos (traseira)";0;0;0;0;0;0;0;0;0;2;3;0;0;0;0
"10/01/2022";"09:27:00";"109";"Acidente s";"265.149";"BR-163/MS";"SUL";"Colisão lateral no mesmo sentido";1;0;1;0;0;0;0;0;0;0;5;0;0;0;0
"10/01/2022";"11:32:00";"159";"Acidente c";"731.685";"BR-163/MS";"NORTE";"Tombamento de moto";0;0;0;1;0;0;0;0;0;0;0;1;0;0;0
"10/01/2022";"04:25:00";"230";"Acidente s";"575.547";"BR-163/MS";"NORTE";"Colisão lateral no mesmo sentido";1;0;1;0;0;0;0;0;0;0;3;0;0;0;0
"10/01/2022";"08:56:00";"273";"Acidente s";"436.233";"BR-163/MS";"SUL";"Atropelamento de animais";1;0;0;0;0;0;0;0;0;0;2;0;0;0;0
"11/01/2022";"06:48:00";"38";"Acidente s";"364.3";"BR-163/MS";"NORTE";"Colisão com veículos (traseira)";1;0;1;0;0;0;0;0;0;0;3;0;0;0;0
"11/01/2022";"07:20:00";"51";"Acidente s";"614.821";"BR-163/MS";"NORTE";"Colisão lateral no sentido contrário";1;0;0;0;0;0;0;0;0;1;3;0;0;0;0
"11/01/2022";"07:23:00";"52";"Acidente s";"520.35";"BR-163/MS";"NORTE";"Colisão lateral no mesmo sentido";1;0;0;0;0;0;0;0;0;1;9;0;0;0;0
"12/01/2022";"03:01:00";"5";"Acidente s";"443.781";"BR-163/MS";"SUL";"Saídas de pista";1;0;0;0;0;0;0;0;0;0;4;0;0;0;0
"12/01/2022";"02:19:00";"167";"Acidente c";"485.19";"BR-163/MS";"NORTE";"Tombamento de moto";0;0;0;1;0;0;0;0;0;0;0;1;0;0;0
"13/01/2022";"06:15:00";"21";"Acidente c";"103.801";"BR-163/MS";"SUL";"Tombamento";0;0;1;0;0;2;0;0;0;0;2;1;0;0;0
"13/01/2022";"09:32:00";"95";"Acidente s";"562.6";"BR-163/MS";"SUL";"Colisão com veículos (traseira)";1;0;0;0;0;0;0;0;0;1;4;0;0;0;0
"13/01/2022";"10:58:00";"111";"Acidente s";"278.75";"BR-163/MS";"SUL";"Tombamento";0;0;1;0;0;1;0;0;0;0;2;0;0;0;0
"14/01/2022";"03:26:00";"184";"Acidente c";"763.779";"BR-163/MS";"SUL";"Tombamento";0;0;1;0;0;2;0;0;0;0;2;1;0;0;0
"14/01/2022";"04:19:00";"192";"Acidente c";"398.857";"BR-163/MS";"NORTE";"Colisão com veículos (traseira)";0;0;2;0;0;3;0;0;0;0;4;0;1;0;0
"14/01/2022";"06:07:00";"217";"Acidente s";"327.412";"BR-163/MS";"NORTE";"Colisão com veículos (traseira)";1;0;0;0;0;0;0;0;0;1;3;0;0;0;0
"15/01/2022";"02:36:00";"10";"Acidente c";"485.28";"BR-163/MS";"SUL";"Colisão lateral no sentido contrário";1;0;0;0;1;0;0;0;0;0;34;2;0;0;0
"15/01/2022";"07:43:00";"55";"Acidente c";"623.5";"BR-163/MS";"NORTE";"Capotamento";1;0;0;0;0;0;0;0;0;0;1;1;0;0;0
"15/01/2022";"08:37:00";"69";"Acidente c";"11.227";"BR-163/MS";"NORTE";"Tombamento de moto";0;0;0;1;0;0;0;0;0;0;1;1;0;0;0
"15/01/2022";"03:19:00";"171";"Acidente c";"484.826";"BR-163/MS";"NORTE";"Engavetamento";1;0;0;0;0;0;0;0;0;2;4;1;0;0;0
"15/01/2022";"09:29:00";"257";"Acidente s";"128.319";"BR-163/MS";"NORTE";"Atropelamento de animais";1;0;0;0;0;0;0;0;0;0;4;0;0;0;0
"15/01/2022";"09:59:00";"258";"Atropelame";"484.733";"BR-163/MS";"NORTE";"Atropelamento de pedestre";0;1;0;0;0;0;0;0;0;0;0;2;0;0;0
"16/01/2022";"02:44:00";"123";"Acidente c";"834.19";"BR-163/MS";"NORTE";"Capotamento";1;0;0;0;0;0;0;0;0;0;1;3;0;0;0
"16/01/2022";"06:02:00";"159";"Acidente s";"144.683";"BR-163/MS";"NORTE";"Colisão c/ obstáculos";0;0;2;0;0;0;0;0;0;0;2;0;0;0;0
"16/01/2022";"06:59:00";"171";"Acidente s";"743.148";"BR-163/MS";"NORTE";"Saídas de pista";0;0;1;0;0;1;0;0;0;0;2;0;0;0;0
"17/01/2022";"06:46:00";"39";"Acidente s";"647.73";"BR-163/MS";"SUL";"Saídas de pista";0;0;0;0;0;0;0;0;0;1;3;0;0;0;0
"17/01/2022";"01:45:00";"150";"Acidente c";"201.988";"BR-163/MS";"NORTE";"Capotamento";0;0;0;0;0;0;0;0;0;1;1;0;1;0;0
"17/01/2022";"07:10:00";"213";"Acidente s";"201.5";"BR-163/MS";"NORTE";"Atropelamento de animais";0;0;0;0;0;0;0;0;0;1;2;0;0;0;0
"18/01/2022";"07:01:00";"34";"Acidente s";"254.281";"BR-163/MS";"NORTE";"Saídas de pista";1;0;0;0;0;0;0;0;0;0;2;0;0;0;0
"18/01/2022";"04:11:00";"187";"Acidente s";"258.945";"BR-163/MS";"SUL";"Saídas de pista";1;0;0;0;0;0;0;0;0;0;1;0;0;0;0
"18/01/2022";"04:32:00";"192";"Acidente s";"258.63";"BR-163/MS";"SUL";"Tombamento de moto";0;0;0;1;0;0;0;0;0;0;0;0;0;0;0
"18/01/2022";"09:17:00";"236";"Acidente s";"564.517";"BR-163/MS";"NORTE";"Atropelamento de animais";1;0;0;0;0;1;0;0;0;0;2;0;0;0;0
"19/01/2022";"12:52:00";"3";"Acidente c";"368.663";"BR-163/MS";"SUL";"Saídas de pista";1;0;0;0;0;0;0;0;0;0;0;1;0;0;0
"19/01/2022";"05:20:00";"22";"Acidente s";"166.729";"BR-163/MS";"NORTE";"Saídas de pista";0;0;0;0;0;0;0;0;0;1;1;0;0;0;0
"19/01/2022";"06:29:00";"223";"Acidente s";"484.964";"BR-163/MS";"NORTE";"Engavetamento";1;0;2;0;0;2;0;0;0;0;7;0;0;0;0
"19/01/2022";"06:52:00";"227";"Acidente s";"665.44";"BR-163/MS";"NORTE";"Colisão com veículos (traseira)";1;0;1;0;0;0;0;0;0;0;2;0;0;0;0
"19/01/2022";"07:24:00";"234";"Acidente s";"796.109";"BR-163/MS";"SUL";"Atropelamento de animais";1;0;0;0;0;0;0;0;0;0;2;0;0;0;0
"20/01/2022";"03:33:00";"9";"Acidente s";"270.23";"BR-163/MS";"SUL";"Colisão c/ obstáculos";0;0;1;0;0;0;0;0;0;0;1;0;0;0;0
"20/01/2022";"11:09:00";"145";"Acidente c";"635.38";"BR-163/MS";"SUL";"Capotamento";0;0;1;0;0;1;0;0;0;1;2;0;0;0;1
"20/01/2022";"08:31:00";"281";"Acidente c";"563.31";"BR-163/MS";"SUL";"Colisão com veículos (traseira)";1;0;1;0;0;2;0;0;0;0;3;1;0;1;0
"20/01/2022";"08:45:00";"284";"Acidente s";"6.401";"BR-163/MS";"NORTE";"Saídas de pista";0;0;0;0;0;0;0;0;0;1;1;0;0;0;0
"21/01/2022";"08:59:00";"80";"Acidente s";"261.828";"BR-163/MS";"NORTE";"Colisão com veículos (traseira)";0;0;0;0;0;0;0;0;0;2;4;0;0;0;0
"21/01/2022";"03:58:00";"168";"Acidente s";"39.458";"BR-163/MS";"SUL";"Tombamento de moto";0;0;0;1;0;0;0;0;0;0;1;0;0;0;0
"22/01/2022";"04:17:00";"11";"Acidente c";"522.86";"BR-163/MS";"SUL";"Colisão com veículos (traseira)";1;0;0;0;0;1;0;0;0;0;1;1;0;0;0
"22/01/2022";"04:44:00";"12";"Acidente c";"479.121";"BR-163/MS";"SUL";"Tombamento de moto";0;0;0;1;0;0;0;0;0;0;0;1;0;0;0
"22/01/2022";"10:12:00";"86";"Acidente s";"647.822";"BR-163/MS";"SUL";"Tombamento";0;0;1;0;0;1;0;0;0;0;2;0;0;0;0
"22/01/2022";"10:13:00";"229";"Acidente s";"679.78";"BR-163/MS";"SUL";"Colisão c/ obstáculos";1;0;0;0;0;0;0;0;0;0;1;0;0;0;0
"22/01/2022";"11:54:00";"240";"Acidente s";"257.289";"BR-163/MS";"SUL";"Saídas de pista";2;0;0;0;0;0;0;0;0;1;4;0;0;0;0
"23/01/2022";"06:08:00";"23";"Acidente c";"27.329";"BR-163/MS";"SUL";"Colisão c/ obstáculos";0;0;0;1;0;0;0;0;0;0;0;1;0;0;0
"23/01/2022";"03:12:00";"117";"Acidente c";"613.493";"BR-163/MS";"NORTE";"Colisão com veículos (frontal)";1;0;1;0;0;1;0;0;0;0;2;0;0;1;0
"23/01/2022";"05:28:00";"147";"Acidente s";"661.283";"BR-163/MS";"NORTE";"Atropelamento de animais";1;0;0;0;0;0;0;0;0;0;5;0;0;0;0
"23/01/2022";"06:26:00";"156";"Acidente c";"37.174";"BR-163/MS";"NORTE";"Colisão lateral no mesmo sentido";0;0;2;0;0;3;0;0;0;3;7;5;0;1;2
"24/01/2022";"03:47:00";"226";"Acidente s";"264.918";"BR-163/MS";"NORTE";"Capotamento";0;0;0;0;0;0;0;0;0;1;1;0;0;0;0
"24/01/2022";"09:41:00";"291";"Acidente s";"787.934";"BR-163/MS";"SUL";"Capotamento";0;0;0;0;0;0;0;0;0;1;1;0;0;0;0
"24/01/2022";"10:38:00";"295";"Acidente s";"311.633";"BR-163/MS";"SUL";"Atropelamento de animais";1;0;0;0;0;0;0;0;0;0;1;0;0;0;0
"25/01/2022";"01:19:00";"5";"Acidente s";"6.44";"BR-163/MS";"SUL";"Colisão c/ obstáculos";1;0;0;0;0;0;0;0;0;0;2;0;0;0;0
"25/01/2022";"06:03:00";"29";"Acidente c";"611.949";"BR-163/MS";"NORTE";"Colisão lateral no mesmo sentido";1;0;0;1;0;0;0;0;0;0;2;0;1;0;0
"25/01/2022";"12:52:00";"156";"Acidente c";"336";"BR-163/MS";"SUL";"Capotamento";0;0;0;0;0;0;0;0;0;1;0;1;0;0;0
"25/01/2022";"05:52:00";"226";"Acidente s";"49.376";"BR-163/MS";"NORTE";"Colisão c/ obstáculos";1;0;0;0;0;0;0;0;0;0;1;0;0;0;0
"25/01/2022";"06:43:00";"239";"Acidente s";"478.694";"BR-163/MS";"NORTE";"Colisão lateral no sentido contrário";0;0;0;1;0;0;0;0;0;1;2;0;0;0;0
"26/01/2022";"03:36:00";"8";"Acidente s";"451.8";"BR-163/MS";"NORTE";"Atropelamento de animais";0;0;0;0;0;0;0;0;0;1;5;0;0;0;0
"26/01/2022";"11:17:00";"116";"Acidente s";"258.671";"BR-163/MS";"NORTE";"Tombamento de moto";0;0;0;1;0;0;0;0;0;0;0;0;0;0;0
"26/01/2022";"03:19:00";"159";"Acidente s";"117.915";"BR-163/MS";"NORTE";"Saídas de pista";1;0;0;0;0;0;0;0;0;0;2;0;0;0;0
"26/01/2022";"05:03:00";"185";"Acidente s";"255.2";"BR-163/MS";"SUL";"Colisão c/ obstáculos";1;0;0;0;0;0;0;0;0;0;1;0;0;0;0
"26/01/2022";"07:04:00";"206";"Acidente c";"486.3";"BR-163/MS";"NORTE";"Colisão lateral no sentido contrário";0;0;0;2;0;0;0;0;0;0;1;1;0;0;0
"26/01/2022";"07:43:00";"214";"Acidente s";"264.548";"BR-163/MS";"NORTE";"Tombamento de moto";0;0;0;1;0;0;0;0;0;0;1;0;0;0;0