data;horario;n_da_ocorrencia;tipo_de_ocorrencia;km;trecho;sentido;tipo_de_acidente;automovel;bicicleta;caminhao;moto;onibus;outros;tracao_animal;transporte_de_cargas_especiais;trator_maquinas;utilitarios;ilesos;levemente_feridos;moderadamente_feridos;gravemente_feridos;mortos
"04/07/2022";"12:33:00";"152";"Acidente c";"822.241";"BR-163/MS";"NORTE";"Colisão com veículos (traseira)";0;0;1;0;0;2;0;0;0;1;3;4;0;0;0
"05/07/2022";"06:45:00";"41";"Acidente s";"788.2";"BR-163/MS";"NORTE";"Colisão c/ obstáculos";0;0;1;0;0;0;0;0;0;0;2;0;0;0;0
"05/07/2022";"04:44:00";"228";"Acidente s";"227.25";"BR-163/MS";"SUL";"Colisão com veículos (traseira)";1;0;1;0;0;1;0;0;0;0;4;0;0;0;0
"05/07/2022";"06:06:00";"242";"Acidente s";"258.89";"BR-163/MS";"NORTE";"Engavetamento";1;0;2;0;0;3;0;0;0;0;6;0;0;0;0
"05/07/2022";"07:44:00";"262";"Acidente s";"539.1";"BR-163/MS";"NORTE";"Atropelamento de animais";1;0;0;0;0;0;0;0;0;0;3;0;0;0;0
"06/07/2022";"12:14:00";"148";"Acidente s";"485.63";"BR-163/MS";"SUL";"Engavetamento";1;0;2;0;0;3;0;0;0;0;6;0;0;0;0
"06/07/2022";"01:19:00";"161";"Acidente c";"250.895";"BR-163/MS";"SUL";"Colisão lateral no mesmo sentido";1;0;0;0;0;0;0;0;0;1;5;0;1;0;0
"06/07/2022";"03:26:00";"195";"Acidente c";"408.322";"BR-163/MS";"SUL";"Colisão com veículos (traseira)";0;0;0;1;0;1;0;0;0;0;1;1;0;1;0
"06/07/2022";"04:25:00";"215";"Acidente s";"162.412";"BR-163/MS";"NORTE";"Atropelamento de animais";1;0;0;0;0;0;0;0;0;0;3;0;0;0;0
"06/07/2022";"05:37:00";"232";"Acidente c";"479.964";"BR-163/MS";"NORTE";"Colisão com veículos (traseira)";1;0;0;1;0;0;0;0;0;0;2;0;0;1;0
"07/07/2022";"07:20:00";"49";"Acidente s";"366.3";"BR-163/MS";"SUL";"Saídas de pista";1;0;0;0;0;0;0;0;0;0;2;0;0;0;0
"07/07/2022";"01:10:00";"167";"Acidente s";"203.31";"BR-163/MS";"NORTE";"Tombamento";0;0;1;0;0;2;0;0;0;0;3;0;0;0;0
"07/07/2022";"02:45:00";"200";"Acidente s";"264";"BR-163/MS";"NORTE";"Saídas de pista";0;0;0;0;0;0;0;0;0;1;1;0;0;0;0
"08/07/2022";"12:31:00";"4";"Acidente s";"505.902";"BR-163/MS";"SUL";"Atropelamento de animais";0;0;0;0;0;0;0;0;0;1;3;0;0;0;0
"08/07/2022";"08:50:00";"103";"Acidente c";"72.394";"BR-163/MS";"NORTE";"Tombamento";0;0;1;0;0;2;0;0;0;0;2;2;0;0;0
"08/07/2022";"09:37:00";"294";"Atropelame";"503.551";"BR-163/MS";"SUL";"Atropelamento de pedestre";0;0;0;0;0;1;0;0;0;0;1;0;0;0;1
"08/07/2022";"09:43:00";"296";"Acidente s";"482.19";"BR-163/MS";"NORTE";"Tombamento de moto";0;0;0;1;0;0;0;0;0;0;1;0;0;0;0
"09/07/2022";"05:02:00";"34";"Acidente c";"347.802";"BR-163/MS";"SUL";"Colisão c/ obstáculos";1;0;0;0;0;0;0;0;0;0;4;1;0;0;0
"09/07/2022";"01:56:00";"153";"Acidente c";"264.501";"BR-163/MS";"SUL";"Colisão c/ obstáculos";0;1;0;0;0;0;0;0;0;0;0;1;0;0;0
"10/07/2022";"04:46:00";"24";"Acidente s";"18.146";"BR-163/MS";"NORTE";"Colisão c/ obstáculos";1;0;0;0;0;0;0;0;0;0;1;0;0;0;0
"10/07/2022";"08:45:00";"72";"Acidente s";"27.148";"BR-163/MS";"SUL";"Colisão c/ obstáculos";1;0;0;0;0;0;0;0;0;0;3;0;0;0;0
"10/07/2022";"04:49:00";"184";"Acidente c";"419.95";"BR-163/MS";"SUL";"Colisão lateral no sentido contrário";1;0;0;1;0;0;0;0;0;0;2;0;1;0;0
"10/07/2022";"10:26:00";"269";"Acidente s";"479.508";"BR-163/MS";"SUL";"Colisão c/ obstáculos";1;0;0;0;0;0;0;0;0;0;1;0;0;0;0
"11/07/2022";"09:46:00";"110";"Acidente s";"47.994";"BR-163/MS";"SUL";"Tombamento";0;0;1;0;0;0;0;0;0;0;1;0;0;0;0
"11/07/2022";"09:49:00";"111";"Acidente c";"487.53";"BR-163/MS";"NORTE";"Colisão lateral no sentido contrário";0;0;0;1;0;0;0;0;0;0;1;1;0;0;0
"12/07/2022";"12:20:00";"197";"Acidente s";"441.743";"BR-163/MS";"NORTE";"Saídas de pista";1;0;0;0;0;0;0;0;0;0;1;0;0;0;0
"12/07/2022";"02:52:00";"245";"Acidente c";"477.725";"BR-163/MS";"NORTE";"Colisão com veículos (traseira)";1;0;0;1;0;0;0;0;0;0;2;2;0;0;0
"12/07/2022";"03:28:00";"262";"Acidente c";"479.964";"BR-163/MS";"SUL";"Colisão com veículos (traseira)";0;0;1;0;0;0;0;0;0;1;1;1;0;0;0
"12/07/2022";"06:00:00";"294";"Acidente s";"464.837";"BR-163/MS";"SUL";"Tombamento";0;0;1;0;0;1;0;0;0;0;2;0;0;0;0
"13/07/2022";"04:27:00";"8";"Acidente c";"834.888";"BR-163/MS";"NORTE";"Capotamento";1;0;0;0;0;0;0;0;0;0;0;0;2;0;0
"13/07/2022";"11:05:00";"126";"Acidente c";"39.203";"BR-163/MS";"NORTE";"Colisão lateral no mesmo sentido";1;0;0;1;0;0;0;0;0;0;3;1;0;0;0
"13/07/2022";"03:05:00";"179";"Acidente s";"76.609";"BR-163/MS";"NORTE";"Colisão com veículos (traseira)";0;0;0;0;0;0;0;0;0;2;7;0;0;0;0
"13/07/2022";"03:34:00";"184";"Acidente c";"169.928";"BR-163/MS";"SUL";"Colisão lateral no mesmo sentido";2;0;0;0;0;0;0;0;0;0;2;1;0;0;0
"13/07/2022";"05:03:00";"198";"Acidente s";"490.349";"BR-163/MS";"NORTE";"Colisão lateral no mesmo sentido";1;0;0;0;0;1;0;0;0;0;3;0;0;0;0
"13/07/2022";"06:26:00";"211";"Acidente s";"457.834";"BR-163/MS";"NORTE";"Saídas de pista";0;0;0;0;0;0;0;0;0;1;1;0;0;0;0
"14/07/2022";"11:26:00";"138";"Acidente s";"620.719";"BR-163/MS";"NORTE";"Colisão lateral no mesmo sentido";0;0;0;0;0;0;0;0;0;2;6;0;0;0;0
"14/07/2022";"11:53:00";"141";"Acidente s";"125.1";"BR-163/MS";"SUL";"Colisão c/ obstáculos";0;0;1;0;0;0;0;0;0;0;2;0;0;0;0
"14/07/2022";"12:26:00";"150";"Acidente c";"776.788";"BR-163/MS";"NORTE";"Capotamento";1;0;0;0;0;0;0;0;0;0;0;3;0;0;0
"14/07/2022";"09:28:00";"283";"Acidente s";"203.13";"BR-163/MS";"NORTE";"Colisão c/ obstáculos";0;0;0;0;0;0;0;0;0;1;2;0;0;0;0
"15/07/2022";"04:08:00";"14";"Acidente c";"611.287";"BR-163/MS";"NORTE";"Colisão com veículos (traseira)";1;0;1;0;0;1;0;0;0;0;3;3;0;0;0
"15/07/2022";"08:22:00";"77";"Acidente c";"681.467";"BR-163/MS";"NORTE";"Colisão lateral no sentido contrário";0;0;0;1;0;0;0;0;0;1;0;2;0;0;0
"15/07/2022";"01:14:00";"205";"Acidente s";"491.12";"BR-163/MS";"SUL";"Colisão lateral no sentido contrário";1;0;0;0;0;0;0;0;0;1;4;0;0;0;0
"15/07/2022";"05:42:00";"338";"Acidente s";"260";"BR-163/MS";"NORTE";"Saídas de pista";1;0;0;0;0;0;0;0;0;0;2;0;0;0;0
"15/07/2022";"09:04:00";"377";"Acidente s";"435.946";"BR-163/MS";"NORTE";"Atropelamento de animais";1;0;0;0;0;0;0;0;0;0;4;0;0;0;0
"16/07/2022";"05:19:00";"34";"Acidente c";"589.833";"BR-163/MS";"NORTE";"Capotamento";1;0;0;0;0;0;0;0;0;0;0;2;0;0;0
"16/07/2022";"11:25:00";"160";"Acidente c";"491.561";"BR-163/MS";"SUL";"Colisão lateral no sentido contrário";1;0;0;0;0;1;0;0;0;0;0;4;1;0;0
"16/07/2022";"02:09:00";"207";"Acidente s";"77.598";"BR-163/MS";"SUL";"Colisão lateral no sentido contrário";1;0;1;0;0;2;0;0;0;0;6;0;0;0;0
"16/07/2022";"06:08:00";"290";"Acidente c";"623.941";"BR-163/MS";"SUL";"Colisão com veículos (traseira)";1;0;0;1;0;0;0;0;0;0;1;0;1;0;0
"17/07/2022";"05:09:00";"20";"Acidente c";"66.264";"BR-163/MS";"SUL";"Colisão com veículos (traseira)";1;0;0;1;0;0;0;0;0;0;2;0;0;0;1
"17/07/2022";"02:45:00";"224";"Acidente s";"496.612";"BR-163/MS";"SUL";"Outros";1;0;0;0;0;0;0;0;0;0;3;0;0;0;0
"18/07/2022";"07:28:00";"46";"Acidente c";"754.379";"BR-163/MS";"SUL";"Colisão com veículos (traseira)";1;0;0;0;0;0;0;0;0;1;4;1;0;0;0
"18/07/2022";"08:39:00";"95";"Acidente c";"477.254";"BR-163/MS";"NORTE";"Engavetamento";0;0;0;0;0;0;0;0;0;3;5;2;0;0;0
"18/07/2022";"11:04:00";"176";"Acidente s";"663.363";"BR-163/MS";"SUL";"Tombamento";0;0;1;0;0;1;0;0;0;0;2;0;0;0;0
"18/07/2022";"04:10:00";"281";"Acidente c";"484.484";"BR-163/MS";"SUL";"Tombamento de moto";0;0;0;1;0;0;0;0;0;0;0;0;1;0;0
"18/07/2022";"07:48:00";"339";"Acidente s";"134.5";"BR-163/MS";"NORTE";"Colisão c/ obstáculos";0;0;1;0;0;1;0;0;0;0;2;0;0;0;0
"19/07/2022";"08:32:00";"107";"Acidente s";"279.279";"BR-163/MS";"NORTE";"Colisão lateral no mesmo sentido";0;0;2;0;0;1;0;0;0;0;8;0;0;0;0
"19/07/2022";"01:22:00";"243";"Acidente c";"331.51";"BR-163/MS";"SUL";"Colisão c/ obstáculos";0;0;1;2;0;2;0;0;0;0;4;1;0;0;0
"19/07/2022";"03:34:00";"286";"Acidente s";"6.952";"BR-163/MS";"NORTE";"Saídas de pista";1;0;0;0;0;0;0;0;0;0;1;0;0;0;0
"19/07/2022";"07:13:00";"335";"Acidente c";"289.28";"BR-163/MS";"NORTE";"Tombamento de moto";0;0;0;1;0;0;0;0;0;0;0;2;0;0;0
"20/07/2022";"06:31:00";"322";"Acidente c";"208.88";"BR-163/MS";"SUL";"Colisão com veículos (traseira)";0;0;1;1;0;0;0;0;0;0;1;0;0;1;0
"20/07/2022";"08:50:00";"346";"Acidente s";"461.465";"BR-163/MS";"SUL";"Saídas de pista";1;0;0;0;0;0;0;0;0;0;3;0;0;0;0
"20/07/2022";"08:54:00";"348";"Acidente s";"258.685";"BR-163/MS";"SUL";"Tombamento de moto";0;0;0;1;0;0;0;0;0;0;1;0;0;0;0
"20/07/2022";"09:11:00";"350";"Acidente s";"516";"BR-163/MS";"SUL";"Atropelamento de animais";1;0;0;0;0;0;0;0;0;0;2;0;0;0;0
"20/07/2022";"10:30:00";"361";"Acidente s";"666.62";"BR-163/MS";"NORTE";"Colisão com veículos (traseira)";0;0;2;0;0;0;0;0;0;0;2;0;0;0;0
"21/07/2022";"05:16:00";"31";"Acidente s";"188.91";"BR-163/MS";"NORTE";"Atropelamento de animais";1;0;0;0;0;0;0;0;0;0;3;0;0;0;0
"21/07/2022";"05:42:00";"37";"Acidente c";"75.834";"BR-163/MS";"SUL";"Colisão com veículos (frontal)";1;0;1;0;0;3;0;0;0;0;3;1;0;0;1
"21/07/2022";"09:45:00";"336";"Acidente s";"336.2";"BR-163/MS";"SUL";"Colisão com veículos (traseira)";0;0;2;0;0;3;0;0;0;0;5;0;0;0;0
"22/07/2022";"01:42:00";"11";"Acidente s";"468.385";"BR-163/MS";"NORTE";"Atropelamento de animais";1;0;0;0;0;0;0;0;0;0;3;0;0;0;0
"22/07/2022";"02:26:00";"14";"Acidente c";"710.383";"BR-163/MS";"SUL";"Tombamento";0;0;1;0;0;2;0;0;0;0;3;0;1;0;0
"22/07/2022";"06:16:00";"29";"Acidente s";"212.15";"BR-163/MS";"SUL";"Colisão lateral no mesmo sentido";0;0;1;0;0;0;0;0;0;1;3;0;0;0;0
"22/07/2022";"06:44:00";"38";"Acidente c";"9.5";"BR-163/MS";"SUL";"Colisão lateral no sentido contrário";1;0;0;0;0;0;0;0;0;1;2;1;0;0;0
"22/07/2022";"04:54:00";"258";"Acidente c";"258.632";"BR-163/MS";"NORTE";"Tombamento de moto";0;0;0;1;0;0;0;0;0;0;1;1;0;0;0
"22/07/2022";"07:25:00";"286";"Acidente c";"537.704";"BR-163/MS";"NORTE";"Atropelamento de animais";1;0;0;0;0;0;0;0;0;0;0;1;0;0;0
"23/07/2022";"10:47:00";"149";"Acidente c";"695.461";"BR-163/MS";"NORTE";"Capotamento";1;0;0;0;0;0;0;0;0;0;0;2;0;0;1
"23/07/2022";"10:13:00";"293";"Acidente c";"257.8";"BR-163/MS";"NORTE";"Colisão com veículos (frontal)";1;0;0;0;0;0;0;0;0;1;7;0;1;0;0
"24/07/2022";"04:01:00";"24";"Acidente s";"255.574";"BR-163/MS";"NORTE";"Saídas de pista";1;0;0;0;0;0;0;0;0;0;2;0;0;0;0
"25/07/2022";"05:52:00";"33";"Acidente s";"626.1";"BR-163/MS";"SUL";"Saídas de pista";0;0;0;0;0;0;0;0;0;1;2;0;0;0;0
"25/07/2022";"06:10:00";"35";"Acidente c";"480.415";"BR-163/MS";"SUL";"Saídas de pista";1;0;0;0;0;0;0;0;0;0;1;1;0;1;0
"25/07/2022";"11:25:00";"159";"Acidente c";"225.365";"BR-163/MS";"NORTE";"Colisão c/ obstáculos";1;0;0;0;0;0;0;0;0;0;0;1;0;0;0
"25/07/2022";"12:12:00";"173";"Acidente c";"503.1";"BR-163/MS";"NORTE";"Colisão lateral no mesmo sentido";1;0;0;1;0;0;0;0;0;0;1;0;2;0;0
"25/07/2022";"03:17:00";"222";"Acidente s";"105.542";"BR-163/MS";"SUL";"Tombamento";0;0;1;0;0;2;0;0;0;0;3;0;0;0;0
"25/07/2022";"06:00:00";"279";"Acidente c";"16.647";"BR-163/MS";"SUL";"Colisão com veículos (traseira)";1;0;0;1;0;0;0;0;0;0;1;0;0;1;0
"25/07/2022";"06:49:00";"293";"Acidente s";"425.332";"BR-163/MS";"NORTE";"Atropelamento de animais";1;0;0;0;0;0;0;0;0;0;2;0;0;0;0
"26/07/2022";"10:25:00";"135";"Acidente s";"196.1";"BR-163/MS";"SUL";"Colisão c/ obstáculos";1;0;1;0;0;0;0;0;0;0;3;0;0;0;0
"26/07/2022";"10:33:00";"136";"Acidente s";"58.89";"BR-163/MS";"NORTE";"Colisão lateral no sentido contrário";1;0;0;0;0;1;0;0;0;0;2;0;0;0;0
"26/07/2022";"01:54:00";"186";"Acidente c";"658.211";"BR-163/MS";"SUL";"Colisão lateral no sentido contrário";1;0;1;0;0;1;0;0;0;0;2;0;0;0;1
"26/07/2022";"05:13:00";"222";"Acidente s";"257.69";"BR-163/MS";"NORTE";"Engavetamento";2;0;0;0;0;0;0;0;0;1;3;0;0;0;0
"26/07/2022";"09:36:00";"275";"Atropelame";"261.737";"BR-163/MS";"NORTE";"Atropelamento de pedestre";1;0;0;0;0;0;0;0;0;0;1;0;0;0;1
"27/07/2022";"05:40:00";"30";"Acidente s";"701.3";"BR-163/MS";"NORTE";"Saídas de pista";0;0;0;0;0;1;0;0;0;1;4;0;0;0;0
"27/07/2022";"05:40:00";"29";"Acidente s";"329.422";"BR-163/MS";"NORTE";"Colisão c/ obstáculos";0;0;1;0;0;1;0;0;0;1;3;0;0;0;0
"27/07/2022";"08:10:00";"77";"Acidente s";"475.475";"BR-163/MS";"SUL";"Colisão com veículos (traseira)";0;0;2;0;0;3;0;0;0;0;5;0;0;0;0
"27/07/2022";"10:59:00";"137";"Acidente s";"498.804";"BR-163/MS";"SUL";"Saídas de pista";0;0;1;0;0;2;0;0;0;0;3;0;0;0;0
"27/07/2022";"04:33:00";"216";"Acidente c";"658.211";"BR-163/MS";"SUL";"Tombamento";0;0;2;0;0;1;0;0;0;0;2;1;0;0;0
"28/07/2022";"01:02:00";"10";"Acidente c";"258.536";"BR-163/MS";"SUL";"Tombamento de moto";0;0;0;1;0;0;0;0;0;0;0;1;0;0;0
"28/07/2022";"06:24:00";"47";"Acidente s";"776.692";"BR-163/MS";"SUL";"Tombamento";0;0;1;0;0;1;0;0;0;0;2;0;0;0;0
"28/07/2022";"06:53:00";"56";"Acidente c";"484.385";"BR-163/MS";"NORTE";"Tombamento de moto";0;0;0;1;0;0;0;0;0;0;0;1;0;0;0
"28/07/2022";"10:54:00";"148";"Acidente s";"242.656";"BR-163/MS";"SUL";"Saídas de pista";1;0;0;0;0;0;0;0;0;0;1;0;0;0;0
"28/07/2022";"11:34:00";"360";"Acidente s";"462.6";"BR-163/MS";"NORTE";"Atropelamento de animais";0;0;0;0;0;0;0;0;0;1;4;0;0;0;0
"29/07/2022";"07:10:00";"74";"Acidente s";"755.658";"BR-163/MS";"NORTE";"Saídas de pista";1;0;0;0;0;0;0;0;0;0;2;0;0;0;0
"29/07/2022";"01:26:00";"210";"Acidente s";"267.746";"BR-163/MS";"SUL";"Colisão com veículos (traseira)";1;0;0;0;0;1;0;0;0;0;2;0;0;0;0
"29/07/2022";"10:41:00";"369";"Acidente c";"248.448";"BR-163/MS";"SUL";"Tombamento de moto";0;0;0;1;0;0;0;0;0;0;0;0;1;0;0
"30/07/2022";"12:13:00";"2";"Acidente s";"131.165";"BR-163/MS";"SUL";"Tombamento";0;0;1;0;0;0;0;0;0;0;1;0;0;0;0
"30/07/2022";"04:01:00";"26";"Acidente s";"330.514";"BR-163/MS";"SUL";"Capotamento";1;0;0;0;0;0;0;0;0;0;2;0;0;0;0
"30/07/2022";"07:06:00";"78";"Acidente s";"252.28";"BR-163/MS";"NORTE";"Saídas de pista";1;0;0;0;0;0;0;0;0;0;1;0;0;0;0
"31/07/2022";"04:59:00";"14";"Acidente c";"264.594";"BR-163/MS";"NORTE";"Capotamento";1;0;0;0;0;0;0;0;0;0;0;0;0;1;0
"31/07/2022";"05:33:00";"16";"Acidente s";"537.811";"BR-163/MS";"NORTE";"Atropelamento de animais";0;0;0;0;0;0;0;0;0;1;1;0;0;0;0
"31/07/2022";"05:28:00";"233";"Atropelame";"259.695";"BR-163/MS";"NORTE";"Atropelamento de pedestre";0;0;0;0;0;1;0;0;0;0;1;0;0;0;1
"31/07/2022";"06:00:00";"239";"Acidente s";"134.3";"BR-163/MS";"NORTE";"Atropelamento de animais";0;0;0;0;1;0;0;0;0;0;3;0;0;0;0
"01/08/2022";"08:48:00";"128";"Acidente s";"414.833";"BR-163/MS";"NORTE";"Atropelamento de animais";1;0;0;0;0;0;0;0;0;0;1;0;0;0;0
"01/08/2022";"10:16:00";"158";"Acidente c";"432.25";"BR-163/MS";"NORTE";"Colisão com veículos (traseira)";1;0;1;0;0;2;0;0;0;0;4;1;0;0;0
"01/08/2022";"11:07:00";"173";"Acidente s";"645.2";"BR-163/MS";"NORTE";"Capotamento";0;0;0;0;0;0;0;0;0;1;1;0;0;0;0
"01/08/2022";"11:08:00";"174";"Acidente s";"18.5";"BR-163/MS";"NORTE";"Tombamento de moto";0;0;0;1;0;0;0;0;0;0;2;0;0;0;0
"02/08/2022";"11:30:00";"172";"Acidente s";"242.61";"BR-163/MS";"NORTE";"Colisão lateral no mesmo sentido";0;0;2;0;0;4;0;0;0;0;6;0;0;0;0
"02/08/2022";"04:52:00";"242";"Acidente c";"87.736";"BR-163/MS";"SUL";"Colisão c/ obstáculos";0;0;1;0;0;1;0;0;0;0;1;0;0;0;1
"02/08/2022";"05:27:00";"248";"Atropelame";"639.639";"BR-163/MS";"NORTE";"Atropelamento de pedestre";0;0;1;0;0;2;0;0;0;0;3;0;0;0;1
"02/08/2022";"06:34:00";"271";"Acidente s";"712.142";"BR-163/MS";"NORTE";"Atropelamento de animais";0;0;1;0;0;2;0;0;0;0;4;0;0;0;0
"02/08/2022";"11:48:00";"329";"Acidente s";"387";"BR-163/MS";"SUL";"Atropelamento de animais";1;0;0;0;0;0;0;0;0;0;3;0;0;0;0
"03/08/2022";"01:32:00";"196";"Acidente c";"256.7";"BR-163/MS";"SUL";"Tombamento de moto";0;0;0;1;0;0;0;0;0;0;0;1;0;0;0
"03/08/2022";"02:09:00";"206";"Acidente s";"225.598";"BR-163/MS";"NORTE";"Colisão lateral no mesmo sentido";1;0;1;0;0;0;0;0;0;0;2;0;0;0;0
"03/08/2022";"02:12:00";"208";"Acidente c";"498.819";"BR-163/MS";"SUL";"Tombamento de moto";0;0;0;1;0;0;0;0;0;0;1;1;0;0;0
"03/08/2022";"07:04:00";"294";"Acidente c";"724.693";"BR-163/MS";"NORTE";"Colisão com veículos (frontal)";0;0;1;0;0;0;0;0;0;1;2;2;0;0;0
"04/08/2022";"02:00:00";"15";"Acidente c";"185.13";"BR-163/MS";"SUL";"Tombamento";0;0;1;0;0;0;0;0;0;0;0;1;0;0;0
"04/08/2022";"03:29:00";"18";"Acidente s";"244.944";"BR-163/MS";"NORTE";"Saídas de pista";0;0;0;0;0;0;0;0;0;1;2;0;0;0;0
"04/08/2022";"03:50:00";"20";"Acidente c";"1.609";"BR-163/MS";"SUL";"Colisão com veículos (frontal)";2;0;0;0;0;0;0;0;0;0;2;1;1;0;0
"04/08/2022";"04:46:00";"22";"Acidente c";"614.71";"BR-163/MS";"NORTE";"Colisão lateral no sentido contrário";0;0;0;1;0;0;0;0;0;1;1;1;0;0;0
"04/08/2022";"06:21:00";"33";"Acidente c";"720.29";"BR-163/MS";"NORTE";"Tombamento de moto";0;0;0;1;0;0;0;0;0;0;0;0;1;0;0
"04/08/2022";"08:17:00";"112";"Acidente c";"359.746";"BR-163/MS";"NORTE";"Colisão com veículos (traseira)";1;0;1;0;0;2;0;0;0;0;3;4;0;0;0
"04/08/2022";"01:58:00";"220";"Acidente c";"128.339";"BR-163/MS";"SUL";"Colisão com veículos (frontal)";0;0;2;0;0;2;0;0;0;0;2;2;0;0;0
"04/08/2022";"02:12:00";"224";"Acidente c";"515.4";"BR-163/MS";"NORTE";"Colisão com veículos (traseira)";1;0;1;0;0;0;0;0;0;0;1;1;3;0;0
"04/08/2022";"10:32:00";"338";"Acidente c";"210.84";"BR-163/MS";"SUL";"Colisão lateral no sentido contrário";0;1;0;0;0;0;0;0;0;1;3;1;0;0;0
"04/08/2022";"11:16:00";"343";"Acidente s";"459.879";"BR-163/MS";"NORTE";"Colisão com veículos (traseira)";1;0;0;1;0;0;0;0;0;0;2;0;0;0;0
"05/08/2022";"04:24:00";"26";"Acidente s";"359.741";"BR-163/MS";"NORTE";"Capotamento";1;0;0;0;0;0;0;0;0;0;1;0;0;0;0
"05/08/2022";"11:36:00";"168";"Acidente c";"254.9";"BR-163/MS";"NORTE";"Capotamento";0;0;0;0;0;0;0;0;0;1;0;0;0;1;0
"05/08/2022";"11:49:00";"172";"Acidente s";"394.65";"BR-163/MS";"SUL";"Colisão com veículos (traseira)";2;0;0;0;0;0;0;0;0;0;3;0;0;0;0
"05/08/2022";"04:24:00";"256";"Acidente s";"479.453";"BR-163/MS";"NORTE";"Engavetamento";0;0;0;0;0;1;0;0;0;2;3;0;0;0;0
"05/08/2022";"10:25:00";"373";"Acidente c";"660.842";"BR-163/MS";"SUL";"Atropelamento de animais";0;0;0;0;0;0;0;0;0;1;2;1;0;0;0
"06/08/2022";"02:08:00";"242";"Acidente s";"175.976";"BR-163/MS";"SUL";"Colisão lateral no mesmo sentido";2;0;0;0;0;0;0;0;0;0;5;0;0;0;0
"06/08/2022";"04:24:00";"273";"Acidente s";"560.31";"BR-163/MS";"NORTE";"Engavetamento";2;0;0;0;0;0;0;0;0;1;8;0;0;0;0
"06/08/2022";"05:17:00";"279";"Acidente s";"156.2";"BR-163/MS";"SUL";"Engavetamento";0;0;1;0;0;3;0;0;0;0;4;0;0;0;0
"06/08/2022";"09:49:00";"377";"Acidente s";"769.737";"BR-163/MS";"SUL";"Atropelamento de animais";0;0;1;0;0;1;0;0;0;0;2;0;0;0;0
"07/08/2022";"02:09:00";"187";"Acidente s";"249.82";"BR-163/MS";"NORTE";"Saídas de pista";1;0;0;0;0;0;0;0;0;0;1;0;0;0;0
"07/08/2022";"07:22:00";"264";"Acidente s";"495.57";"BR-163/MS";"SUL";"Colisão com veículos (traseira)";1;0;0;0;0;1;0;0;0;0;3;0;0;0;0
"07/08/2022";"08:47:00";"277";"Acidente c";"436.264";"BR-163/MS";"NORTE";"Colisão c/ obstáculos";1;0;0;0;0;0;0;0;0;0;1;2;0;0;0
"08/08/2022";"02:13:00";"15";"Acidente s";"240.95";"BR-163/MS";"NORTE";"Capotamento";1;0;0;0;0;0;0;0;0;0;3;0;0;0;0
"08/08/2022";"05:11:00";"65";"Acidente s";"682.129";"BR-163/MS";"SUL";"Saídas de pista";0;0;0;0;0;0;0;0;0;1;1;0;0;0;0
"08/08/2022";"06:54:00";"92";"Acidente s";"721.607";"BR-163/MS";"NORTE";"Tombamento de moto";0;0;0;1;0;0;0;0;0;0;2;0;0;0;0
"08/08/2022";"10:19:00";"181";"Acidente s";"343.8";"BR-163/MS";"SUL";"Colisão lateral no mesmo sentido";0;0;1;0;0;0;0;0;0;1;2;0;0;0;0
"08/08/2022";"03:00:00";"270";"Acidente s";"466.322";"BR-163/MS";"NORTE";"Saídas de pista";0;0;0;0;0;0;0;0;0;1;1;0;0;0;0
"08/08/2022";"07:10:00";"356";"Acidente c";"485.482";"BR-163/MS";"NORTE";"Colisão com veículos (traseira)";2;0;0;0;0;0;0;0;0;0;6;0;1;0;0
"09/08/2022";"12:41:00";"168";"Acidente c";"686.784";"BR-163/MS";"NORTE";"Colisão c/ obstáculos";0;0;0;0;0;0;0;0;0;1;2;2;0;0;0
"09/08/2022";"06:50:00";"271";"Acidente s";"735.732";"BR-163/MS";"SUL";"Saídas de pista";0;0;1;0;0;1;0;0;0;0;2;0;0;0;0
"10/08/2022";"11:55:00";"201";"Acidente c";"457.19";"BR-163/MS";"NORTE";"Colisão com veículos (frontal)";1;0;0;1;0;0;0;0;0;0;1;1;0;0;0
"10/08/2022";"10:33:00";"447";"Acidente s";"24.372";"BR-163/MS";"SUL";"Atropelamento de animais";1;0;0;0;0;0;0;0;0;0;1;0;0;0;0
"11/08/2022";"02:48:00";"15";"Acidente s";"360.5";"BR-163/MS";"SUL";"Atropelamento de animais";0;0;1;0;0;0;0;0;0;0;1;0;0;0;0
"11/08/2022";"07:16:00";"92";"Acidente s";"257.5";"BR-163/MS";"NORTE";"Colisão com veículos (traseira)";2;0;0;0;0;0;0;0;0;0;2;0;0;0;0
"11/08/2022";"09:49:00";"166";"Acidente s";"551.72";"BR-163/MS";"SUL";"Tombamento";0;0;1;0;0;1;0;0;0;0;2;0;0;0;0
"11/08/2022";"10:22:00";"180";"Acidente s";"21.8";"BR-163/MS";"NORTE";"Saídas de pista";1;0;0;0;0;0;0;0;0;0;1;0;0;0;0
"11/08/2022";"10:45:00";"187";"Acidente s";"498.822";"BR-163/MS";"SUL";"Saídas de pista";0;0;1;0;0;1;0;0;0;0;2;0;0;0;0
"11/08/2022";"10:52:00";"190";"Acidente s";"597.245";"BR-163/MS";"NORTE";"Atropelamento de animais";1;0;0;0;0;0;0;0;0;0;1;0;0;0;0
"11/08/2022";"10:56:00";"192";"Acidente s";"21.7";"BR-163/MS";"NORTE";"Engavetamento";2;0;1;0;0;1;0;0;0;0;9;0;0;0;0
"11/08/2022";"12:22:00";"216";"Acidente c";"479.45";"BR-163/MS";"SUL";"Tombamento de moto";0;0;0;1;0;0;0;0;0;0;0;1;0;0;0