data;horario;n_da_ocorrencia;tipo_de_ocorrencia;km;trecho;sentido;tipo_de_acidente;automovel;bicicleta;caminhao;moto;onibus;outros;tracao_animal;transporte_de_cargas_especiais;trator_maquinas;utilitarios;ilesos;levemente_feridos;moderadamente_feridos;gravemente_feridos;mortos
"26/10/2022";"06:16:00";"59";"AC02 - Aci";"487+400";"BR-163/MS";"SUL";"Tombamento";0;0;0;0;0;2;0;0;0;0;1;1;0;0;0
"26/10/2022";"04:36:00";"309";"AC03 - Aci";"296+250";"BR-163/MS";"NORTE";"Colisão - Lateral";1;0;1;0;0;2;0;0;0;1;7;0;0;0;0
"26/10/2022";"06:37:00";"345";"AC02 - Aci";"20+800";"BR-163/MS";"SUL";"Colisão - Frontal";1;0;0;1;0;0;0;0;0;0;2;1;0;0;0
"26/10/2022";"10:04:00";"426";"AC02 - Aci";"400+500";"BR-163/MS";"SUL";"Tombamento de moto";0;0;0;1;0;0;0;0;0;0;0;2;0;0;0
"27/10/2022";"02:25:00";"10";"AC02 - Aci";"56+050";"BR-163/MS";"SUL";"Saída de pista";1;0;0;0;0;0;0;0;0;0;0;1;0;0;0
"27/10/2022";"03:20:00";"15";"AC02 - Aci";"424+265";"BR-163/MS";"NORTE";"Saída de pista";1;0;0;0;0;0;0;0;0;0;0;1;0;0;0
"27/10/2022";"04:59:00";"26";"AC02 - Aci";"616+985";"BR-163/MS";"NORTE";"Colisão - Transversal";0;0;0;1;0;0;0;0;0;1;1;1;0;0;0
"27/10/2022";"10:24:00";"328";"AC03 - Aci";"792+758";"BR-163/MS";"SUL";"Colisão - Traseira";0;0;1;0;0;4;0;0;0;0;5;0;0;0;0
"27/10/2022";"11:00:00";"333";"AC03 - Aci";"383+501";"BR-163/MS";"SUL";"Atropelamento de Animal";0;0;0;0;0;0;0;0;0;1;1;0;0;0;0
"28/10/2022";"02:05:00";"7";"AC02 - Aci";"587+500";"BR-163/MS";"NORTE";"Capotamento";0;0;0;0;0;0;0;0;0;1;0;0;1;0;0
"28/10/2022";"05:23:00";"18";"AC02 - Aci";"103+015";"BR-163/MS";"SUL";"Tombamento de moto";0;0;0;1;0;0;0;0;0;0;0;0;1;0;0
"28/10/2022";"06:43:00";"306";"AC02 - Aci";"436+293";"BR-163/MS";"SUL";"Capotamento";1;0;0;0;0;0;0;0;0;0;2;1;0;0;0
"28/10/2022";"06:59:00";"313";"AC02 - Aci";"436+293";"BR-163/MS";"SUL";"Atropelamento de Animal";1;0;0;0;0;0;0;0;0;0;2;1;0;0;0
"29/10/2022";"07:21:00";"63";"AC02 - Aci";"455+100";"BR-163/MS";"SUL";"Colisão - Transversal";1;0;2;0;0;4;0;0;0;1;10;0;1;1;0
"29/10/2022";"06:34:00";"350";"AC02 - Aci";"260+600";"BR-163/MS";"NORTE";"Atropelamento - Usuário";1;0;0;0;0;0;0;0;0;0;1;1;0;0;0
"29/10/2022";"06:45:00";"371";"AC01 - Aci";"260+600";"BR-163/MS";"NORTE";"Colisão - Traseira";0;0;0;1;0;0;0;0;0;1;1;0;0;0;1
"29/10/2022";"06:54:00";"375";"AC03 - Aci";"537+897";"BR-163/MS";"NORTE";"Atropelamento de Animal";0;0;1;0;0;0;0;0;0;0;1;0;0;0;0
"29/10/2022";"08:23:00";"408";"AC03 - Aci";"547+156";"BR-163/MS";"NORTE";"Atropelamento de Animal";1;0;0;0;0;0;0;0;0;0;3;0;0;0;0
"30/10/2022";"09:28:00";"105";"AC03 - Aci";"418+950";"BR-163/MS";"NORTE";"Colisão - Lateral";1;0;0;0;0;0;0;0;0;1;2;0;0;0;0
"30/10/2022";"02:47:00";"184";"AC03 - Aci";"836+550";"BR-163/MS";"NORTE";"Choque Defensa";0;0;0;0;0;3;0;0;0;0;3;0;0;0;0
"30/10/2022";"10:01:00";"335";"AC02 - Aci";"476+701";"BR-163/MS";"NORTE";"Tombamento de moto";0;0;0;1;0;0;0;0;0;0;0;0;0;1;0
"31/10/2022";"05:10:00";"20";"AC02 - Aci";"273+500";"BR-163/MS";"NORTE";"Tombamento";0;0;0;0;0;2;0;0;0;0;1;0;1;0;0
"31/10/2022";"08:25:00";"78";"AC03 - Aci";"42+600";"BR-163/MS";"SUL";"Saída de pista";0;0;0;0;0;0;0;0;0;1;1;0;0;0;0
"31/10/2022";"10:12:00";"107";"AC03 - Aci";"186+250";"BR-163/MS";"SUL";"Tombamento";0;0;1;0;0;2;0;0;0;0;3;0;0;0;0
"31/10/2022";"01:57:00";"150";"AC03 - Aci";"234+850";"BR-163/MS";"NORTE";"Saída de pista";0;0;0;0;0;0;0;0;0;1;2;0;0;0;0
"31/10/2022";"07:01:00";"200";"AC01 - Aci";"488+625";"BR-163/MS";"NORTE";"Colisão - Traseira";0;0;1;1;0;0;0;0;0;0;1;0;0;0;1
"01/11/2022";"10:19:00";"99";"AC02 - Aci";"549+000";"BR-163/MS";"NORTE";"Colisão - Transversal";0;0;0;1;0;0;0;0;0;1;1;1;0;0;0
"01/11/2022";"11:30:00";"215";"AC02 - Aci";"258+900";"BR-163/MS";"SUL";"Atropelamento - Morador/Trabalhador/Estudante";0;1;0;0;0;1;0;0;0;0;1;0;0;1;0
"02/11/2022";"08:19:00";"64";"AC02 - Aci";"550+510";"BR-163/MS";"SUL";"Tombamento";0;0;0;0;0;3;0;0;0;0;2;1;0;0;0
"03/11/2022";"12:27:00";"4";"AC02 - Aci";"466+322";"BR-163/MS";"SUL";"Tombamento de moto";0;0;0;1;0;0;0;0;0;0;0;1;0;0;0
"03/11/2022";"05:30:00";"19";"AC03 - Aci";"655+500";"BR-163/MS";"SUL";"Tombamento";0;0;0;0;0;0;0;0;0;1;1;0;0;0;0
"03/11/2022";"11:41:00";"161";"AC02 - Aci";"41+620";"BR-163/MS";"NORTE";"Colisão - Traseira";1;0;0;0;1;0;0;0;0;0;0;20;0;0;0
"03/11/2022";"12:48:00";"174";"AC02 - Aci";"78+654";"BR-163/MS";"NORTE";"Colisão - Frontal";1;0;0;0;0;0;0;0;0;1;2;1;0;0;0
"03/11/2022";"06:26:00";"258";"AC02 - Aci";"463+924";"BR-163/MS";"NORTE";"Colisão - Frontal";0;0;0;0;0;2;0;0;0;1;2;0;1;0;0
"03/11/2022";"06:44:00";"283";"AC02 - Aci";"678+900";"BR-163/MS";"SUL";"Colisão - Lateral";0;0;0;1;0;1;0;0;0;0;1;1;0;0;0
"03/11/2022";"07:33:00";"298";"AC03 - Aci";"263+800";"BR-163/MS";"NORTE";"Colisão - Lateral";0;0;0;1;0;0;0;0;0;1;2;0;0;0;0
"04/11/2022";"06:44:00";"55";"AC02 - Aci";"738+738";"BR-163/MS";"NORTE";"Atropelamento de Animal";0;0;0;1;0;0;0;0;0;0;0;1;0;0;0
"04/11/2022";"08:38:00";"121";"AC02 - Aci";"485+730";"BR-163/MS";"SUL";"Colisão - Transversal";1;0;2;0;0;0;0;0;0;0;6;1;0;0;0
"04/11/2022";"04:46:00";"267";"AC03 - Aci";"485+486";"BR-163/MS";"SUL";;2;0;0;0;0;0;0;0;0;0;2;0;0;0;0
"04/11/2022";"06:40:00";"296";"AC01 - Aci";"251+250";"BR-163/MS";"SUL";"Colisão - Frontal";0;0;0;1;0;0;0;0;0;1;4;0;0;0;1
"05/11/2022";"12:53:00";"8";"AC03 - Aci";"667+800";"BR-163/MS";"NORTE";"Capotamento";1;0;0;0;0;0;0;0;0;0;1;0;0;0;0
"05/11/2022";"07:22:00";"63";"AC02 - Aci";"480+990";"BR-163/MS";"NORTE";"Colisão - Transversal";1;0;1;0;0;2;0;0;0;0;3;0;1;0;0
"05/11/2022";"08:41:00";"121";"AC03 - Aci";"64+241";"BR-163/MS";"SUL";"Colisão - Traseira";2;0;0;0;0;0;0;0;0;0;9;0;0;0;0
"05/11/2022";"08:19:00";"303";"AC03 - Aci";"544+806";"BR-163/MS";"SUL";"Colisão - Traseira";0;0;2;0;0;0;0;0;0;0;2;0;0;0;0
"06/11/2022";"05:29:00";"17";"AC01 - Aci";"690+381";"BR-163/MS";"SUL";"Colisão - Lateral";1;0;1;0;0;3;0;0;0;0;3;0;1;0;1
"06/11/2022";"02:41:00";"148";"AC02 - Aci";"256+746";"BR-163/MS";"SUL";"Saída de pista";1;0;0;0;0;0;0;0;0;0;0;1;0;0;0
"06/11/2022";"06:50:00";"224";"AC02 - Aci";"262+450";"BR-163/MS";"NORTE";"Tombamento";0;1;0;0;0;0;0;0;0;0;0;1;0;0;0
"06/11/2022";"07:12:00";"230";"AC02 - Aci";"845+200";"BR-163/MS";"SUL";"Choque Defensa";0;0;0;1;0;0;0;0;0;0;0;0;1;0;0
"06/11/2022";"07:35:00";"235";"AC02 - Aci";"18+700";"BR-163/MS";"SUL";"Colisão - Traseira";1;0;0;1;0;0;0;0;0;0;1;1;0;0;0
"06/11/2022";"10:28:00";"277";"AC03 - Aci";"463+681";"BR-163/MS";"NORTE";"Atropelamento de Animal";1;0;0;0;0;0;0;0;0;0;1;0;0;0;0
"07/11/2022";"05:37:00";"21";"AC03 - Aci";"2+500";"BR-163/MS";"SUL";"Saída de pista";1;0;0;0;0;0;0;0;0;0;1;0;0;0;0
"07/11/2022";"10:51:00";"150";"AC02 - Aci";"259+494";"BR-163/MS";"NORTE";"Colisão - Transversal";0;0;0;0;0;0;0;0;0;2;1;1;0;0;0
"07/11/2022";"01:04:00";"181";"AC03 - Aci";"31+054";"BR-163/MS";"SUL";"Colisão - Lateral";1;0;1;0;0;2;0;0;0;0;5;0;0;0;0
"07/11/2022";"01:46:00";"190";"AC03 - Aci";"561+280";"BR-163/MS";"NORTE";"Saída de pista";1;0;0;0;0;0;0;0;0;0;5;0;0;0;0
"07/11/2022";"05:43:00";"238";"AC02 - Aci";"682+280";"BR-163/MS";"NORTE";"Colisão - Traseira";1;0;0;0;0;0;0;0;0;1;5;1;0;0;0
"07/11/2022";"11:32:00";"306";"AC04 - Atr";"77+323";"BR-163/MS";"SUL";"Atropelamento - Morador/Trabalhador/Estudante";0;0;0;1;0;0;0;0;0;0;1;1;0;0;0
"08/11/2022";"02:52:00";"12";"AC03 - Aci";"452+909";"BR-163/MS";"NORTE";"Atropelamento de Animal";0;0;0;0;0;0;0;0;0;1;1;0;0;0;0
"08/11/2022";"08:58:00";"124";"AC02 - Aci";"487+530";"BR-163/MS";"NORTE";"Colisão - Lateral";1;0;0;0;0;1;0;0;0;0;2;1;0;0;0
"08/11/2022";"02:43:00";"247";"AC03 - Aci";"603+654";"BR-163/MS";"SUL";"Colisão - Traseira";1;0;0;0;0;0;0;0;0;1;5;0;0;0;0
"08/11/2022";"03:59:00";"267";"AC03 - Aci";"485+680";"BR-163/MS";"SUL";"Engavetamento";1;0;1;0;0;2;0;0;0;1;6;0;0;0;0
"08/11/2022";"07:59:00";"355";"AC03 - Aci";"813+400";"BR-163/MS";"NORTE";"Colisão - Transversal";0;0;1;0;0;2;0;0;0;1;5;0;0;0;0
"08/11/2022";"08:14:00";"358";"AC04 - Atr";"393+562";"BR-163/MS";"NORTE";"Atropelamento - Usuário";1;0;0;0;0;2;0;0;0;0;3;0;0;1;0
"09/11/2022";"12:50:00";"10";"AC03 - Aci";"739+858";"BR-163/MS";"SUL";"Atropelamento de Animal";1;0;0;0;0;0;0;0;0;0;2;0;0;0;0
"09/11/2022";"06:56:00";"90";"AC03 - Aci";"485+630";"BR-163/MS";"SUL";"Colisão - Traseira";0;0;1;0;0;1;0;0;0;0;2;0;0;0;0
"09/11/2022";"06:59:00";"92";"AC03 - Aci";"691+967";"BR-163/MS";"NORTE";"Tombamento";0;0;1;0;0;2;0;0;0;0;3;0;0;0;0
"09/11/2022";"08:06:00";"115";"AC02 - Aci";"658+150";"BR-163/MS";"NORTE";"Colisão - Traseira";0;0;2;0;0;6;0;0;0;0;7;1;0;1;0
"09/11/2022";"10:10:00";"155";"AC02 - Aci";"301+321";"BR-163/MS";"NORTE";"Tombamento de moto";0;0;0;1;0;0;0;0;0;0;1;1;0;0;0
"09/11/2022";"05:36:00";"296";"AC02 - Aci";"484+000";"BR-163/MS";"NORTE";"Colisão - Lateral";0;1;0;1;0;0;0;0;0;0;0;1;1;0;0
"09/11/2022";"06:03:00";"303";"AC04 - Atr";"481+980";"BR-163/MS";"SUL";"Atropelamento - Andarilho";0;1;0;0;0;1;0;0;0;0;1;0;0;1;0
"09/11/2022";"06:26:00";"308";"AC03 - Aci";"799+199";"BR-163/MS";"SUL";"Colisão - Traseira";0;0;1;0;0;5;0;0;0;1;7;0;0;0;0
"09/11/2022";"09:42:00";"402";"AC03 - Aci";"809+000";"BR-163/MS";"SUL";"Atropelamento de Animal";0;0;0;0;0;1;0;0;0;0;1;0;0;0;0
"09/11/2022";"09:43:00";"403";"AC02 - Aci";"810+175";"BR-163/MS";"SUL";"Atropelamento de Animal";0;0;0;1;0;0;0;0;0;0;0;0;1;0;0
"10/11/2022";"07:03:00";"56";"AC03 - Aci";"267+990";"BR-163/MS";"NORTE";"Engavetamento";0;0;0;0;0;0;0;0;0;3;5;0;0;0;0
"10/11/2022";"05:42:00";"276";"AC03 - Aci";"486+247";"BR-163/MS";"NORTE";"Colisão - Traseira";2;0;0;0;0;0;0;0;0;0;4;0;0;0;0
"11/11/2022";"03:24:00";"9";"AC03 - Aci";"660+577";"BR-163/MS";"SUL";"Atropelamento de Animal";0;0;0;0;0;1;0;0;0;0;2;0;0;0;0
"11/11/2022";"06:36:00";"36";"AC03 - Aci";"364+028";"BR-163/MS";"SUL";"Saída de pista";0;0;1;0;0;0;0;0;0;0;1;0;0;0;0
"11/11/2022";"06:55:00";"58";"AC02 - Aci";"484+711";"BR-163/MS";"SUL";"Tombamento de moto";0;0;0;1;0;0;0;0;0;0;0;1;0;0;0
"11/11/2022";"07:13:00";"65";"AC03 - Aci";"844+302";"BR-163/MS";"NORTE";"Tombamento";0;0;1;0;0;2;0;0;0;0;3;0;0;0;0
"11/11/2022";"06:44:00";"299";"AC02 - Aci";"185+576";"BR-163/MS";"SUL";"Capotamento";0;0;0;0;0;0;0;0;0;1;3;1;0;0;0
"11/11/2022";"07:05:00";"304";"AC03 - Aci";"375+118";"BR-163/MS";"NORTE";"Saída de pista";1;0;0;0;0;0;0;0;0;0;2;0;0;0;0
"12/11/2022";"01:27:00";"223";"AC02 - Aci";"103+800";"BR-163/MS";"NORTE";"Colisão - Lateral";1;0;1;0;0;2;0;0;0;0;5;1;0;0;0
"12/11/2022";"05:26:00";"297";"AC03 - Aci";"533+322";"BR-163/MS";"NORTE";"Colisão - Traseira";1;0;0;0;0;1;0;0;0;0;2;0;0;0;0
"12/11/2022";"05:31:00";"299";"AC03 - Aci";"248+482";"BR-163/MS";"NORTE";"Saída de pista";0;0;0;0;0;0;0;0;0;1;1;0;0;0;0
"12/11/2022";"06:53:00";"343";"AC02 - Aci";"42+490";"BR-163/MS";"SUL";"Capotamento";0;0;0;0;0;0;0;0;0;1;2;1;0;0;0
"12/11/2022";"06:55:00";"344";"AC03 - Aci";"518+000";"BR-163/MS";"NORTE";"Atropelamento de Animal";1;0;0;0;0;0;0;0;0;0;1;0;0;0;0
"12/11/2022";"08:05:00";"358";"AC02 - Aci";"108+525";"BR-163/MS";"NORTE";"Tombamento de moto";0;0;0;1;0;0;0;0;0;0;0;0;1;0;0
"12/11/2022";"11:25:00";"378";"AC03 - Aci";"117+142";"BR-163/MS";"SUL";"Choque contra viaduto/ponte";0;0;0;0;0;0;0;0;0;1;1;0;0;0;0
"13/11/2022";"04:57:00";"31";"AC03 - Aci";"261+800";"BR-163/MS";"NORTE";"Saída de pista";1;0;0;0;0;0;0;0;0;0;1;0;0;0;0
"13/11/2022";"06:08:00";"46";"AC01 - Aci";"39+763";"BR-163/MS";"SUL";"Colisão - Transversal";0;0;1;1;0;2;0;0;0;0;3;0;0;0;1
"13/11/2022";"07:32:00";"93";"AC02 - Aci";"473+703";"BR-163/MS";"NORTE";"Engavetamento";0;0;2;2;0;2;0;0;0;0;5;1;0;0;0
"13/11/2022";"04:40:00";"207";"AC01 - Aci";"10+900";"BR-163/MS";"NORTE";"Colisão - Lateral";1;0;0;1;0;0;0;0;0;0;2;0;0;0;1
"13/11/2022";"06:52:00";"257";"AC03 - Aci";"115+233";"BR-163/MS";"NORTE";"Colisão - Transversal";1;0;0;0;0;1;0;0;0;0;6;0;0;0;0
"13/11/2022";"08:11:00";"288";"AC03 - Aci";"170+291";"BR-163/MS";"SUL";"Atropelamento de Animal";1;0;0;0;0;0;0;0;0;0;1;0;0;0;0
"13/11/2022";"10:47:00";"324";"AC02 - Aci";"483+103";"BR-163/MS";"NORTE";"Colisão - Transversal";0;0;1;0;0;2;0;0;0;1;3;0;1;1;0
"14/11/2022";"06:19:00";"52";"AC03 - Aci";"601+100";"BR-163/MS";"SUL";"Saída de pista";1;0;0;0;0;0;0;0;0;0;1;0;0;0;0
"14/11/2022";"04:36:00";"232";"AC02 - Aci";"554+850";"BR-163/MS";"SUL";"Tombamento de moto";0;0;0;1;0;0;0;0;0;0;0;2;0;0;0
"14/11/2022";"05:37:00";"244";"AC02 - Aci";"486+050";"BR-163/MS";"NORTE";"Tombamento de moto";0;0;0;1;0;0;0;0;0;0;0;2;0;0;0
"14/11/2022";"06:27:00";"273";"AC03 - Aci";"68+100";"BR-163/MS";"NORTE";"Saída de pista";1;0;0;0;0;0;0;0;0;0;1;0;0;0;0
"14/11/2022";"06:56:00";"286";"AC02 - Aci";"453+000";"BR-163/MS";"NORTE";"Atropelamento de Animal";0;0;0;1;0;0;0;0;0;0;0;1;0;0;0
"15/11/2022";"05:10:00";"256";"AC02 - Aci";"97+381";"BR-163/MS";"NORTE";"Capotamento";1;0;0;0;0;0;0;0;0;0;0;0;2;0;0
"16/11/2022";"05:46:00";"22";"AC02 - Aci";"378+987";"BR-163/MS";"SUL";"Tombamento";0;0;0;0;0;2;0;0;0;0;1;0;1;0;0
"16/11/2022";"05:46:00";"262";"AC03 - Aci";"36+851";"BR-163/MS";"SUL";"Capotamento";0;0;0;0;0;0;0;0;0;1;1;0;0;0;0
"17/11/2022";"03:38:00";"261";"AC02 - Aci";"392+493";"BR-163/MS";"SUL";"Colisão - Traseira";0;0;0;0;1;2;0;0;0;0;1;15;0;0;0
"18/11/2022";"09:38:00";"169";"AC02 - Aci";"548+365";"BR-163/MS";"NORTE";"Colisão - Transversal";0;0;1;1;0;0;0;0;0;0;1;1;0;0;0
"18/11/2022";"04:06:00";"287";"AC02 - Aci";"393+050";"BR-163/MS";"NORTE";"Tombamento";0;0;0;0;0;2;0;0;0;0;1;1;0;0;0
"19/11/2022";"04:25:00";"29";"AC02 - Aci";"486+311";"BR-163/MS";"NORTE";"Colisão - Transversal";1;0;0;1;0;0;0;0;0;0;1;2;0;0;0
"19/11/2022";"09:35:00";"133";"AC03 - Aci";"216+960";"BR-163/MS";"SUL";"Colisão - Traseira";1;0;0;0;0;1;0;0;0;0;3;0;0;0;0
"20/11/2022";"02:11:00";"18";"AC03 - Aci";"154+868";"BR-163/MS";"SUL";"Choque - Sinalização";0;0;0;0;0;0;0;0;0;1;3;0;0;0;0
"20/11/2022";"04:25:00";"25";"AC03 - Aci";"641+376";"BR-163/MS";"SUL";"Atropelamento de Animal";0;0;0;0;1;0;0;0;0;0;1;0;0;0;0
"20/11/2022";"09:01:00";"109";"AC02 - Aci";"737+294";"BR-163/MS";"NORTE";"Tombamento";0;1;0;0;0;0;0;0;0;0;0;1;0;0;0
"20/11/2022";"10:23:00";"142";"AC02 - Aci";"310+881";"BR-163/MS";"NORTE";"Capotamento";1;0;0;0;0;0;0;0;0;0;0;1;0;0;0
"20/11/2022";"01:16:00";"171";"AC02 - Aci";"681+188";"BR-163/MS";"SUL";"Tombamento";0;1;0;0;0;0;0;0;0;0;0;1;0;0;0
"20/11/2022";"02:19:00";"181";"AC03 - Aci";"776+539";"BR-163/MS";"NORTE";"Colisão - Lateral";0;0;1;0;0;0;0;0;0;1;2;0;0;0;0
"20/11/2022";"07:42:00";"252";"AC02 - Aci";"483+975";"BR-163/MS";"SUL";"Atropelamento de Animal";0;0;0;1;0;0;0;0;0;0;0;0;0;2;0
"20/11/2022";"11:41:00";"302";"AC03 - Aci";"423+132";"BR-163/MS";"SUL";"Saída de pista";1;0;0;0;0;0;0;0;0;0;1;0;0;0;0
"20/11/2022";"11:54:00";"303";"AC03 - Aci";"318+033";"BR-163/MS";"SUL";"Atropelamento de Animal";0;0;0;0;0;0;0;0;0;1;1;0;0;0;0
"21/11/2022";"12:28:00";"5";"AC03 - Aci";"283+189";"BR-163/MS";"SUL";"Colisão - Lateral";1;0;0;0;0;1;0;0;0;0;2;0;0;0;0
"21/11/2022";"10:53:00";"149";"AC03 - Aci";"82+100";"BR-163/MS";"NORTE";"Tombamento de moto";0;0;0;1;0;0;0;0;0;0;1;0;0;0;0
"21/11/2022";"10:54:00";"150";"AC02 - Aci";"135+058";"BR-163/MS";"SUL";"Capotamento";1;0;0;0;0;0;0;0;0;0;0;0;1;0;0
"21/11/2022";"12:58:00";"176";"AC02 - Aci";"260+780";"BR-163/MS";"NORTE";"Capotamento";1;0;0;0;0;0;0;0;0;0;0;1;0;0;0
"21/11/2022";"07:35:00";"269";"AC03 - Aci";"431+836";"BR-163/MS";"SUL";"Choque Defensa";1;0;0;0;0;0;0;0;0;0;1;0;0;0;0
"21/11/2022";"07:37:00";"270";"AC03 - Aci";"330+429";"BR-163/MS";"SUL";"Atropelamento de Animal";1;0;0;0;0;0;0;0;0;0;2;0;0;0;0
"21/11/2022";"07:41:00";"272";"AC03 - Aci";"569+528";"BR-163/MS";"SUL";"Atropelamento de Animal";0;0;0;0;0;0;0;0;0;1;2;0;0;0;0
"21/11/2022";"07:41:00";"273";"AC03 - Aci";"569+528";"BR-163/MS";"SUL";"Atropelamento de Animal";1;0;0;0;0;0;0;0;0;0;5;0;0;0;0
"21/11/2022";"11:22:00";"308";"AC03 - Aci";"569+206";"BR-163/MS";"NORTE";"Atropelamento de Animal";0;0;0;0;0;0;0;0;0;1;4;0;0;0;0
"22/11/2022";"11:55:00";"314";"AC03 - Aci";"349+788";"BR-163/MS";"NORTE";"Atropelamento de Animal";1;0;0;0;0;0;0;0;0;0;2;0;0;0;0
"23/11/2022";"05:08:00";"29";"AC02 - Aci";"682+061";"BR-163/MS";"SUL";"Colisão - Transversal";0;0;1;1;0;2;0;0;0;0;4;1;1;0;0
"23/11/2022";"09:30:00";"131";"AC03 - Aci";"42+545";"BR-163/MS";"NORTE";"Colisão - Lateral";1;0;0;0;0;2;0;0;0;0;4;0;0;0;0
"23/11/2022";"01:35:00";"190";"AC03 - Aci";"687+336";"BR-163/MS";"SUL";"Capotamento";0;0;1;0;0;0;0;0;0;0;2;0;0;0;0
"23/11/2022";"03:21:00";"207";"AC02 - Aci";"477+335";"BR-163/MS";"NORTE";"Tombamento de moto";0;0;0;1;0;0;0;0;0;0;0;0;1;0;0
"23/11/2022";"04:11:00";"225";"AC02 - Aci";"66+000";"BR-163/MS";"NORTE";;0;0;0;1;0;0;0;0;0;0;0;1;0;0;0
"24/11/2022";"07:08:00";"87";"AC02 - Aci";"486+325";"BR-163/MS";"NORTE";"Colisão - Lateral";1;0;0;1;0;0;0;0;0;0;1;1;0;0;0
"24/11/2022";"11:31:00";"366";"AC03 - Aci";"697+553";"BR-163/MS";"SUL";"Atropelamento de Animal";0;0;0;0;0;0;0;0;0;1;1;0;0;0;0
"25/11/2022";"06:20:00";"39";"AC02 - Aci";"269+973";"BR-163/MS";"SUL";"Colisão - Transversal";0;0;0;1;0;0;0;0;0;1;2;2;0;0;0
"25/11/2022";"11:39:00";"188";"AC02 - Aci";"644+043";"BR-163/MS";"SUL";"Tombamento";0;0;0;0;0;3;0;0;0;0;2;1;0;0;0
"25/11/2022";"04:56:00";"297";"AC03 - Aci";"456+453";"BR-163/MS";"NORTE";"Colisão - Transversal";1;0;1;0;0;0;0;0;0;0;2;0;0;0;0
"26/11/2022";"07:57:00";"85";"AC02 - Aci";"580+906";"BR-163/MS";"NORTE";"Tombamento de moto";0;0;0;1;0;0;0;0;0;0;0;1;0;0;0
"26/11/2022";"05:12:00";"200";"AC03 - Aci";"661+600";"BR-163/MS";"SUL";"Tombamento";0;0;1;0;0;2;0;0;0;0;3;0;0;0;0
"27/11/2022";"07:51:00";"91";"AC02 - Aci";"639+087";"BR-163/MS";"NORTE";"Colisão - Frontal";0;0;2;0;0;2;0;0;0;0;3;0;1;0;0
"27/11/2022";"05:19:00";"215";"AC03 - Aci";"36+611";"BR-163/MS";"SUL";"Engavetamento";1;0;0;0;0;0;0;0;0;2;12;0;0;0;0
"27/11/2022";"09:04:00";"293";"AC03 - Aci";"388+118";"BR-163/MS";"SUL";"Atropelamento de Animal";1;0;0;0;0;0;0;0;0;0;3;0;0;0;0
"27/11/2022";"10:31:00";"310";"AC03 - Aci";"265+000";"BR-163/MS";"SUL";"Colisão - Traseira";1;0;0;0;1;0;0;0;0;0;17;0;0;0;0
"27/11/2022";"11:43:00";"319";"AC03 - Aci";"68+311";"BR-163/MS";"NORTE";"Atropelamento de Animal";1;0;0;0;0;0;0;0;0;0;2;0;0;0;0
"27/11/2022";"11:58:00";"323";"AC03 - Aci";"521+000";"BR-163/MS";"SUL";;0;0;0;1;0;0;0;0;0;0;1;0;0;0;0
"28/11/2022";"05:38:00";"51";"AC02 - Aci";"196+800";"BR-163/MS";"NORTE";"Tombamento de moto";0;0;0;1;0;0;0;0;0;0;1;1;0;0;0
"28/11/2022";"12:05:00";"204";"AC02 - Aci";"530+990";"BR-163/MS";"NORTE";"Colisão - Traseira";0;0;0;0;0;2;0;0;0;1;2;0;0;1;0
"28/11/2022";"01:16:00";"220";"AC02 - Aci";"581+224";"BR-163/MS";"NORTE";"Tombamento de moto";0;0;0;1;0;0;0;0;0;0;0;0;1;0;0
"28/11/2022";"08:20:00";"345";"AC02 - Aci";"260+610";"BR-163/MS";"SUL";"Atropelamento de Animal";0;0;0;1;0;0;0;0;0;0;0;1;0;0;0
"28/11/2022";"08:57:00";"354";"AC02 - Aci";"260+610";"BR-163/MS";"NORTE";"Choque com veículo na faixa de rolamento";1;0;0;1;0;0;0;0;0;0;3;1;0;0;0
"29/11/2022";"02:48:00";"22";"AC03 - Aci";"726+000";"BR-163/MS";"NORTE";"Atropelamento de Animal";0;0;0;0;0;0;0;0;0;1;2;0;0;0;0
"29/11/2022";"01:42:00";"231";"AC02 - Aci";"481+731";"BR-163/MS";"NORTE";"Colisão - Frontal";1;0;1;0;0;0;0;0;0;0;1;1;1;0;0
"29/11/2022";"01:53:00";"234";"AC02 - Aci";"233+385";"BR-163/MS";"NORTE";"Colisão - Traseira";0;0;0;0;0;0;0;0;0;2;2;1;0;0;0
"29/11/2022";"06:53:00";"297";"AC02 - Aci";"726+753";"BR-163/MS";"SUL";"Colisão - Transversal";0;0;0;1;1;0;0;0;0;0;11;0;0;1;0
"29/11/2022";"08:45:00";"315";"AC03 - Aci";"832+208";"BR-163/MS";"SUL";"Atropelamento de Animal";0;0;0;0;0;0;0;0;0;1;4;0;0;0;0
"30/11/2022";"05:52:00";"20";"AC03 - Aci";"297+130";"BR-163/MS";"NORTE";"Saída de pista";0;0;1;0;0;0;0;0;0;0;1;0;0;0;0
"30/11/2022";"08:14:00";"79";"AC02 - Aci";"361+514";"BR-163/MS";"NORTE";;0;0;0;1;0;0;0;0;0;0;0;2;0;0;0
"30/11/2022";"02:21:00";"207";"AC02 - Aci";"748+262";"BR-163/MS";"NORTE";"Saída de pista";0;0;0;0;0;0;0;0;0;1;2;0;1;0;0
"30/11/2022";"04:49:00";"252";"AC02 - Aci";"235+332";"BR-163/MS";"SUL";"Tombamento de moto";0;0;0;1;0;0;0;0;0;0;0;2;0;0;0
"30/11/2022";"07:54:00";"305";"AC03 - Aci";"573+500";"BR-163/MS";"NORTE";"Atropelamento de Animal";0;0;0;0;0;0;0;0;0;1;2;0;0;0;0
"30/11/2022";"09:36:00";"312";"AC03 - Aci";"34+396";"BR-163/MS";"SUL";"Saída de pista";0;0;1;0;0;2;0;0;0;0;3;0;0;0;0
"01/12/2022";"03:01:00";"192";"Acidente s";"245.996";"BR-163/MS";"SUL";"Colisão com veículos (traseira)";0;0;0;0;0;0;0;0;0;2;3;0;0;0;0
"01/12/2022";"04:46:00";"215";"Acidente c";"75.386";"BR-163/MS";"NORTE";"Atropelamento de animais";0;0;0;1;0;0;0;0;0;0;0;1;0;0;0
"01/12/2022";"06:20:00";"245";"Acidente s";"541.32";"BR-163/MS";"SUL";"Tombamento";1;0;0;0;0;0;0;0;0;0;4;0;0;0;0
"01/12/2022";"10:57:00";"292";"Acidente s";"53.8";"BR-163/MS";"NORTE";"Atropelamento de animais";0;0;1;0;0;0;0;0;0;0;3;0;0;0;0
"02/12/2022";"02:48:00";"13";"Acidente c";"463.739";"BR-163/MS";"SUL";"Colisão com veículos (traseira)";0;1;0;0;0;1;0;0;0;0;1;0;1;0;0
"02/12/2022";"07:39:00";"102";"Acidente s";"366.5";"BR-163/MS";"NORTE";"Colisão com veículos (traseira)";0;0;0;0;0;0;0;0;0;2;2;0;0;0;0