data;horario;n_da_ocorrencia;tipo_de_ocorrencia;km;trecho;sentido;tipo_de_acidente;automovel;bicicleta;caminhao;moto;onibus;outros;tracao_animal;transporte_de_cargas_especiais;trator_maquinas;utilitarios;ilesos;levemente_feridos;moderadamente_feridos;gravemente_feridos;mortos
"02/12/2022";"10:42:00";"369";"Acidente s";"248.569";"BR-163/MS";"NORTE";"Saídas de pista";1;0;0;0;0;0;0;0;0;0;1;0;0;0;0
"03/12/2022";"01:05:00";"14";"Acidente s";"228.985";"BR-163/MS";"SUL";"Colisão c/ obstáculos";1;0;0;0;0;0;0;0;0;0;1;0;0;0;0
"03/12/2022";"05:19:00";"52";"Acidente s";"273.193";"BR-163/MS";"SUL";"Capotamento";2;0;0;0;0;0;0;0;0;0;4;0;0;0;0
"03/12/2022";"07:02:00";"68";"Acidente s";"117.21";"BR-163/MS";"NORTE";"Colisão lateral no mesmo sentido";0;0;0;1;0;1;0;0;0;0;2;0;0;0;0
"03/12/2022";"09:16:00";"141";"Acidente c";"478.357";"BR-163/MS";"SUL";"Tombamento";0;0;1;0;0;1;0;0;0;0;1;1;0;0;0
"03/12/2022";"12:45:00";"197";"Acidente s";"490.471";"BR-163/MS";"NORTE";"Colisão com veículos (traseira)";2;0;0;0;0;0;0;0;0;0;3;0;0;0;0
"03/12/2022";"01:51:00";"209";"Acidente s";"740.462";"BR-163/MS";"SUL";"Colisão com veículos (traseira)";0;0;2;0;0;0;0;0;0;0;2;0;0;0;0
"03/12/2022";"02:02:00";"212";"Acidente s";"13.906";"BR-163/MS";"SUL";"Saídas de pista";0;0;1;0;0;1;0;0;0;1;7;0;0;0;0
"03/12/2022";"04:35:00";"246";"Acidente s";"360.528";"BR-163/MS";"SUL";"Tombamento";0;0;1;0;0;2;0;0;0;0;3;0;0;0;0
"03/12/2022";"04:42:00";"247";"Acidente c";"8.31";"BR-163/MS";"NORTE";"Colisão com veículos (frontal)";1;0;1;0;0;1;0;0;0;0;4;1;1;0;1
"04/12/2022";"10:45:00";"137";"Acidente c";"19.28";"BR-163/MS";"SUL";"Tombamento de moto";0;0;0;1;0;0;0;0;0;0;0;1;0;0;0
"04/12/2022";"11:49:00";"147";"Acidente c";"677.23";"BR-163/MS";"SUL";"Tombamento";0;0;1;0;0;1;0;0;0;0;1;1;0;0;0
"04/12/2022";"12:43:00";"153";"Acidente s";"487.545";"BR-163/MS";"SUL";"Colisão lateral no sentido contrário";1;0;1;0;0;1;0;0;0;0;4;0;0;0;0
"04/12/2022";"01:03:00";"157";"Acidente c";"808.52";"BR-163/MS";"NORTE";"Colisão c/ obstáculos";0;0;2;0;0;2;0;0;0;0;3;0;1;0;0
"04/12/2022";"05:24:00";"195";"Acidente s";"696.263";"BR-163/MS";"NORTE";"Colisão c/ obstáculos";1;0;0;0;0;0;0;0;0;0;1;0;0;0;0
"05/12/2022";"01:18:00";"18";"Acidente c";"494.603";"BR-163/MS";"NORTE";"Tombamento de moto";0;0;0;1;0;0;0;0;0;0;0;1;1;0;0
"05/12/2022";"03:33:00";"24";"Acidente c";"662.299";"BR-163/MS";"NORTE";"Tombamento";0;0;1;0;0;0;0;0;0;0;0;1;0;0;0
"05/12/2022";"06:04:00";"34";"Acidente c";"182.241";"BR-163/MS";"NORTE";"Colisão com veículos (frontal)";0;0;2;0;0;0;0;0;0;0;1;0;0;1;0
"05/12/2022";"12:02:00";"178";"Acidente s";"5.942";"BR-163/MS";"NORTE";"Colisão com veículos (traseira)";0;0;2;0;0;2;0;0;0;0;4;0;0;0;0
"05/12/2022";"02:57:00";"206";"Acidente s";"490.355";"BR-163/MS";"SUL";"Colisão com veículos (traseira)";1;0;0;0;0;1;0;0;0;0;2;0;0;0;0
"06/12/2022";"01:29:00";"11";"Acidente s";"281.346";"BR-163/MS";"SUL";"Saídas de pista";1;0;0;0;0;0;0;0;0;0;1;0;0;0;0
"06/12/2022";"07:24:00";"81";"Acidente c";"486.61";"BR-163/MS";"NORTE";"Engavetamento";0;0;0;1;0;0;0;0;0;2;5;0;0;0;0
"06/12/2022";"11:45:00";"177";"Acidente s";"614.512";"BR-163/MS";"NORTE";"Colisão lateral no mesmo sentido";1;0;0;0;0;0;0;0;0;1;3;0;0;0;0
"06/12/2022";"12:27:00";"186";"Acidente s";"627.55";"BR-163/MS";"NORTE";"Colisão c/ obstáculos";1;0;0;0;1;0;0;0;0;0;2;0;0;0;0
"06/12/2022";"02:47:00";"218";"Acidente s";"435.7";"BR-163/MS";"SUL";"Saídas de pista";0;0;1;0;0;0;0;0;0;0;2;0;0;0;0
"06/12/2022";"09:39:00";"348";"Acidente s";"560.685";"BR-163/MS";"NORTE";"Atropelamento de animais";0;0;0;0;0;0;0;0;0;1;1;0;0;0;0
"07/12/2022";"05:53:00";"75";"Acidente s";"225.9";"BR-163/MS";"SUL";"Colisão lateral no mesmo sentido";0;0;1;0;0;2;0;0;0;1;5;0;0;0;0
"07/12/2022";"10:53:00";"200";"Acidente c";"548.365";"BR-163/MS";"NORTE";"Colisão lateral no sentido contrário";1;0;0;0;0;0;0;0;0;1;2;1;0;0;0
"07/12/2022";"12:02:00";"222";"Acidente c";"253.902";"BR-163/MS";"SUL";"Colisão lateral no mesmo sentido";1;0;0;0;0;0;0;0;0;1;1;1;0;0;0
"07/12/2022";"12:04:00";"223";"Acidente s";"484.981";"BR-163/MS";"NORTE";"Colisão com veículos (traseira)";1;0;0;0;0;0;0;0;0;1;2;0;0;0;0
"07/12/2022";"02:48:00";"266";"Acidente c";"785.215";"BR-163/MS";"NORTE";"Tombamento";0;0;1;0;0;1;0;0;0;0;1;1;0;0;0
"08/12/2022";"07:40:00";"103";"Acidente s";"276.295";"BR-163/MS";"SUL";"Tombamento";0;0;1;0;0;3;0;0;0;0;4;0;0;0;0
"08/12/2022";"07:45:00";"105";"Acidente c";"780.99";"BR-163/MS";"SUL";"Colisão com veículos (traseira)";0;0;0;1;0;0;0;0;0;1;4;2;0;0;0
"08/12/2022";"10:49:00";"346";"Acidente c";"256.915";"BR-163/MS";"NORTE";"Colisão com veículos (frontal)";1;0;0;1;0;0;0;0;0;0;1;0;0;1;0
"09/12/2022";"09:00:00";"98";"Acidente c";"372.44";"BR-163/MS";"NORTE";"Saídas de pista";1;0;0;0;0;0;0;0;0;0;0;1;0;0;0
"09/12/2022";"12:41:00";"202";"Acidente c";"579.547";"BR-163/MS";"SUL";"Saídas de pista";1;0;0;0;0;0;0;0;0;0;0;1;0;0;0
"09/12/2022";"04:23:00";"267";"Acidente s";"525.88";"BR-163/MS";"NORTE";"Colisão com veículos (traseira)";1;0;0;0;0;0;0;0;0;1;4;0;0;0;0
"09/12/2022";"08:23:00";"345";"Acidente s";"490.815";"BR-163/MS";"SUL";"Colisão com veículos (traseira)";0;0;0;1;0;0;0;0;0;1;2;0;0;0;0
"09/12/2022";"10:55:00";"370";"Acidente s";"52.686";"BR-163/MS";"SUL";"Colisão c/ obstáculos";0;0;1;0;0;1;0;0;0;0;2;0;0;0;0
"10/12/2022";"03:37:00";"19";"Acidente s";"500.282";"BR-163/MS";"NORTE";"Capotamento";1;0;0;0;0;0;0;0;0;0;3;0;0;0;0
"10/12/2022";"08:02:00";"116";"Acidente s";"5.821";"BR-163/MS";"NORTE";"Colisão com veículos (traseira)";2;0;0;0;0;0;0;0;0;0;7;0;0;0;0
"10/12/2022";"10:37:00";"191";"Acidente s";"165.339";"BR-163/MS";"NORTE";"Tombamento";0;0;1;0;0;0;0;0;0;0;2;0;0;0;0
"10/12/2022";"11:14:00";"194";"Acidente s";"96.395";"BR-163/MS";"NORTE";"Saídas de pista";1;0;0;0;0;0;0;0;0;0;1;0;0;0;0
"10/12/2022";"03:03:00";"244";"Acidente s";"38.205";"BR-163/MS";"NORTE";"Colisão com veículos (traseira)";1;0;0;0;0;0;0;0;0;1;3;0;0;0;0
"10/12/2022";"03:32:00";"252";"Acidente s";"272.669";"BR-163/MS";"SUL";"Colisão lateral no mesmo sentido";2;0;0;0;0;0;0;0;0;0;2;0;0;0;0
"10/12/2022";"05:22:00";"288";"Acidente s";"88.842";"BR-163/MS";"NORTE";"Colisão c/ obstáculos";0;0;1;0;0;0;0;0;0;0;1;0;0;0;0
"10/12/2022";"10:29:00";"353";"Acidente s";"412.3";"BR-163/MS";"SUL";"Atropelamento de animais";1;0;0;0;0;0;0;0;0;0;3;0;0;0;0
"11/12/2022";"03:24:00";"18";"Acidente s";"526";"BR-163/MS";"NORTE";"Colisão c/ obstáculos";1;0;0;0;0;0;0;0;0;0;3;0;0;0;0
"11/12/2022";"07:58:00";"109";"Acidente s";"26.9";"BR-163/MS";"NORTE";"Colisão c/ obstáculos";0;0;1;0;0;1;0;0;0;0;2;0;0;0;0
"11/12/2022";"08:17:00";"328";"Acidente s";"60.36";"BR-163/MS";"NORTE";"Colisão com veículos (traseira)";1;0;0;0;0;1;0;0;0;0;3;0;0;0;0
"11/12/2022";"11:34:00";"348";"Acidente s";"100.99";"BR-163/MS";"NORTE";"Colisão c/ obstáculos";1;0;0;0;0;0;0;0;0;0;1;0;0;0;0
"11/12/2022";"11:51:00";"351";"Atropelame";"258.728";"BR-163/MS";"NORTE";"Atropelamento de pedestre";1;0;0;0;0;0;0;0;0;0;3;0;0;0;1
"12/12/2022";"05:32:00";"22";"Acidente s";"743.249";"BR-163/MS";"SUL";"Tombamento de moto";0;0;0;1;0;0;0;0;0;0;2;0;0;0;0
"12/12/2022";"09:57:00";"145";"Acidente c";"77.739";"BR-163/MS";"SUL";"Colisão lateral no sentido contrário";1;0;0;0;0;0;0;0;0;1;1;1;0;0;0
"13/12/2022";"07:37:00";"72";"Acidente c";"615.8";"BR-163/MS";"NORTE";"Colisão lateral no sentido contrário";0;0;0;1;0;0;0;0;0;1;1;0;0;0;0
"13/12/2022";"08:37:00";"90";"Acidente c";"475.156";"BR-163/MS";"SUL";"Tombamento de moto";0;0;0;1;0;0;0;0;0;0;0;0;1;0;0
"13/12/2022";"08:47:00";"95";"Acidente c";"727.9";"BR-163/MS";"NORTE";"Tombamento de moto";0;0;0;1;0;0;0;0;0;0;0;1;0;0;0
"13/12/2022";"11:30:00";"176";"Acidente c";"726.468";"BR-163/MS";"NORTE";"Colisão lateral no mesmo sentido";1;0;1;0;0;0;0;0;0;0;3;3;0;0;0
"13/12/2022";"07:36:00";"325";"Acidente c";"280.262";"BR-163/MS";"SUL";"Colisão c/ obstáculos";0;0;0;1;0;0;0;0;0;0;0;1;0;0;0
"13/12/2022";"09:13:00";"346";"Acidente s";"488.437";"BR-163/MS";"SUL";"Capotamento";0;0;1;0;0;1;0;0;0;0;3;0;0;0;0
"13/12/2022";"11:19:00";"362";"Acidente s";"504.187";"BR-163/MS";"SUL";"Atropelamento de animais";0;0;0;0;1;0;0;0;0;0;4;0;0;0;0
"13/12/2022";"11:19:00";"363";"Acidente s";"779.447";"BR-163/MS";"NORTE";"Atropelamento de animais";2;0;0;0;0;0;0;0;0;0;4;0;0;0;0
"14/12/2022";"02:38:00";"17";"Acidente s";"255.153";"BR-163/MS";"NORTE";"Colisão c/ obstáculos";1;0;0;0;0;0;0;0;0;0;1;0;0;0;0
"14/12/2022";"10:10:00";"163";"Acidente c";"485.455";"BR-163/MS";"NORTE";"Colisão com veículos (traseira)";0;0;2;0;0;2;0;0;0;0;3;0;1;0;0
"14/12/2022";"05:37:00";"284";"Acidente c";"615.6";"BR-163/MS";"NORTE";"Colisão lateral no sentido contrário";1;0;0;1;0;0;0;0;0;0;1;1;0;0;0
"14/12/2022";"06:30:00";"325";"Acidente c";"680.93";"BR-163/MS";"SUL";"Colisão lateral no sentido contrário";1;0;0;1;0;0;0;0;0;0;1;1;0;0;0
"15/12/2022";"12:23:00";"2";"Acidente c";"226.918";"BR-163/MS";"SUL";"Atropelamento de animais";0;0;0;1;0;0;0;0;0;0;0;1;0;0;0
"15/12/2022";"01:18:00";"5";"Acidente s";"145.206";"BR-163/MS";"SUL";"Atropelamento de animais";0;0;0;0;0;0;0;0;0;1;1;0;0;0;0
"15/12/2022";"04:37:00";"320";"Acidente c";"486.35";"BR-163/MS";"NORTE";"Colisão com veículos (frontal)";1;0;0;1;0;0;0;0;0;0;2;0;1;0;0
"15/12/2022";"11:42:00";"448";"Acidente s";"779.9";"BR-163/MS";"SUL";"Atropelamento de animais";0;0;0;0;0;0;0;0;0;1;0;0;0;0;0
"16/12/2022";"07:16:00";"65";"Acidente s";"545.5";"BR-163/MS";"NORTE";"Colisão lateral no mesmo sentido";0;0;0;0;0;1;0;0;0;1;2;0;0;0;0
"16/12/2022";"07:47:00";"85";"Acidente s";"751.507";"BR-163/MS";"SUL";"Colisão lateral no mesmo sentido";1;0;1;0;0;0;0;0;0;0;4;0;0;0;0
"16/12/2022";"11:47:00";"203";"Acidente s";"426.43";"BR-163/MS";"NORTE";"Tombamento";0;0;1;0;0;1;0;0;0;0;2;0;0;0;0
"16/12/2022";"02:50:00";"258";"Acidente s";"403.4";"BR-163/MS";"SUL";"Saídas de pista";0;0;1;0;0;1;0;0;0;0;2;0;0;0;0
"16/12/2022";"02:53:00";"259";"Acidente s";"525.457";"BR-163/MS";"SUL";"Saídas de pista";0;0;1;0;0;2;0;0;0;0;5;0;0;0;0
"16/12/2022";"04:07:00";"279";"Acidente s";"225.621";"BR-163/MS";"SUL";"Colisão lateral no mesmo sentido";0;0;1;0;0;2;0;0;0;1;5;0;0;0;0
"16/12/2022";"04:12:00";"281";"Acidente s";"614.7";"BR-163/MS";"NORTE";"Colisão lateral no sentido contrário";2;0;0;0;0;0;0;0;0;0;2;0;0;0;0
"16/12/2022";"04:38:00";"288";"Acidente s";"484.7";"BR-163/MS";"NORTE";"Colisão c/ obstáculos";2;0;0;0;0;0;0;0;0;0;7;0;0;0;0
"16/12/2022";"06:28:00";"326";"Acidente s";"540.689";"BR-163/MS";"SUL";"Tombamento";0;0;1;0;0;2;0;0;0;0;3;0;0;0;0
"16/12/2022";"06:56:00";"343";"Acidente s";"790.971";"BR-163/MS";"SUL";"Atropelamento de animais";1;0;0;0;0;0;0;0;0;0;7;0;0;0;0
"16/12/2022";"07:03:00";"344";"Acidente c";"697.855";"BR-163/MS";"NORTE";"Capotamento";0;0;0;0;0;0;0;0;0;1;0;1;0;0;0
"16/12/2022";"08:11:00";"371";"Atropelame";"76.5";"BR-163/MS";"SUL";"Atropelamento de pedestre";0;0;1;0;0;2;0;0;0;0;3;0;0;1;0
"17/12/2022";"07:58:00";"78";"Acidente c";"502.162";"BR-163/MS";"NORTE";"Colisão lateral no mesmo sentido";0;1;0;0;0;0;0;0;0;1;1;0;1;0;0
"17/12/2022";"12:14:00";"154";"Acidente s";"363.407";"BR-163/MS";"SUL";"Colisão com veículos (traseira)";2;0;0;0;0;0;0;0;0;0;3;0;0;0;0
"17/12/2022";"01:34:00";"130";"Acidente c";"470.79";"BR-163/MS";"NORTE";"Colisão lateral no sentido contrário";0;0;0;1;0;0;0;0;0;1;2;1;0;0;0
"17/12/2022";"06:02:00";"231";"Acidente c";"261.25";"BR-163/MS";"SUL";"Tombamento de moto";0;0;0;1;0;0;0;0;0;0;0;1;0;0;0
"17/12/2022";"06:54:00";"240";"Acidente c";"725.493";"BR-163/MS";"NORTE";"Tombamento";0;1;0;0;0;0;0;0;0;0;0;1;0;0;0
"17/12/2022";"07:17:00";"245";"Acidente s";"790.322";"BR-163/MS";"SUL";"Tombamento de moto";0;0;0;1;0;0;0;0;0;0;1;0;0;0;0
"18/12/2022";"06:56:00";"35";"Acidente c";"619.26";"BR-163/MS";"SUL";"Tombamento de moto";0;0;0;1;0;0;0;0;0;0;0;2;0;0;0
"18/12/2022";"07:45:00";"82";"Acidente s";"6.15";"BR-163/MS";"NORTE";"Engavetamento";1;0;0;0;0;2;0;0;0;0;4;0;0;0;0
"18/12/2022";"02:40:00";"175";"Acidente s";"495.392";"BR-163/MS";"SUL";"Saídas de pista";1;0;0;0;0;0;0;0;0;0;3;0;0;0;0
"19/12/2022";"07:15:00";"65";"Acidente s";"486.338";"BR-163/MS";"SUL";"Engavetamento";1;0;0;0;0;2;0;0;0;0;3;0;0;0;0
"19/12/2022";"07:24:00";"70";"Acidente c";"722.8";"BR-163/MS";"SUL";"Colisão com veículos (traseira)";1;1;0;0;0;0;0;0;0;0;3;0;1;0;0
"19/12/2022";"03:03:00";"263";"Acidente s";"402.815";"BR-163/MS";"NORTE";"Saídas de pista";1;0;0;0;0;0;0;0;0;0;5;0;0;0;0
"20/12/2022";"04:35:00";"32";"Acidente s";"37.473";"BR-163/MS";"SUL";"Colisão lateral no mesmo sentido";0;0;2;0;0;4;0;0;0;0;6;0;0;0;0
"20/12/2022";"05:20:00";"37";"Acidente s";"186.21";"BR-163/MS";"SUL";"Colisão com veículos (traseira)";1;0;0;0;0;0;0;0;0;1;2;0;0;0;0
"20/12/2022";"06:13:00";"380";"Atropelame";"259.717";"BR-163/MS";"NORTE";"Atropelamento de pedestre";0;0;0;1;0;0;0;0;0;0;0;0;1;1;0
"20/12/2022";"11:04:00";"438";"Acidente c";"256.269";"BR-163/MS";"SUL";"Colisão c/ obstáculos";1;0;0;1;0;0;0;0;0;0;1;0;0;1;0
"21/12/2022";"01:37:00";"7";"Acidente c";"779.731";"BR-163/MS";"NORTE";"Capotamento";1;0;0;0;0;0;0;0;0;0;0;1;0;0;0
"21/12/2022";"07:05:00";"72";"Acidente c";"504.9";"BR-163/MS";"SUL";"Colisão com veículos (frontal)";0;0;1;1;0;1;0;0;0;0;2;0;0;0;1
"21/12/2022";"09:52:00";"147";"Acidente s";"151.23";"BR-163/MS";"SUL";"Tombamento";0;0;1;0;0;0;0;0;0;0;1;0;0;0;0
"21/12/2022";"12:25:00";"190";"Acidente s";"489.252";"BR-163/MS";"NORTE";"Engavetamento";2;0;0;0;0;0;0;0;0;1;10;0;0;0;0
"21/12/2022";"01:18:00";"207";"Acidente s";"696.25";"BR-163/MS";"SUL";"Saídas de pista";0;0;1;0;0;0;0;0;0;0;1;0;0;0;0
"21/12/2022";"04:46:00";"288";"Acidente c";"215.7";"BR-163/MS";"NORTE";"Colisão com veículos (traseira)";2;0;0;0;0;0;0;0;0;1;0;8;2;1;0
"21/12/2022";"05:06:00";"300";"Acidente s";"658.196";"BR-163/MS";"NORTE";"Colisão lateral no mesmo sentido";1;0;0;0;0;0;0;0;0;1;6;0;0;0;0
"21/12/2022";"05:14:00";"309";"Acidente s";"151.1";"BR-163/MS";"NORTE";"Colisão lateral no mesmo sentido";0;0;2;0;0;1;0;0;0;0;3;0;0;0;0
"21/12/2022";"07:55:00";"361";"Acidente s";"153.635";"BR-163/MS";"NORTE";"Colisão lateral no mesmo sentido";1;0;1;0;0;0;0;0;0;0;4;0;0;0;0
"22/12/2022";"07:08:00";"54";"Acidente s";"481.872";"BR-163/MS";"NORTE";"Colisão lateral no mesmo sentido";1;0;1;0;0;1;0;0;0;0;7;0;0;0;0
"22/12/2022";"09:42:00";"138";"Acidente s";"26.739";"BR-163/MS";"SUL";"Colisão com veículos (traseira)";1;0;0;0;0;0;0;0;0;1;3;0;0;0;0
"22/12/2022";"10:16:00";"152";"Acidente s";"487.393";"BR-163/MS";"SUL";"Engavetamento";2;0;1;0;0;0;0;0;0;0;6;0;0;0;0
"22/12/2022";"03:40:00";"262";"Acidente s";"5.8";"BR-163/MS";"NORTE";"Colisão com veículos (traseira)";1;0;0;0;0;0;0;0;0;1;4;0;0;0;0
"22/12/2022";"05:10:00";"298";"Acidente s";"364.98";"BR-163/MS";"NORTE";"Colisão com veículos (traseira)";0;0;0;0;0;0;0;0;0;2;5;0;0;0;0
"23/12/2022";"09:02:00";"140";"Acidente c";"486.926";"BR-163/MS";"SUL";"Engavetamento";1;0;0;0;0;0;0;0;0;3;15;1;0;0;0
"23/12/2022";"09:13:00";"146";"Acidente s";"330.565";"BR-163/MS";"SUL";"Saídas de pista";0;0;1;0;0;0;0;0;0;0;1;0;0;0;0
"23/12/2022";"09:50:00";"155";"Acidente s";"5.857";"BR-163/MS";"NORTE";"Engavetamento";4;0;0;0;0;0;0;0;0;1;18;0;0;0;0
"23/12/2022";"11:04:00";"180";"Acidente s";"399.865";"BR-163/MS";"NORTE";"Colisão c/ obstáculos";1;0;0;0;0;0;0;0;0;0;5;0;0;0;0
"24/12/2022";"02:02:00";"11";"Acidente s";"243.361";"BR-163/MS";"NORTE";"Capotamento";1;0;0;0;0;0;0;0;0;0;5;0;0;0;0
"24/12/2022";"07:28:00";"138";"Acidente c";"784.437";"BR-163/MS";"SUL";"Colisão com veículos (traseira)";1;0;1;0;0;2;0;0;0;0;7;1;0;0;0
"24/12/2022";"11:30:00";"216";"Atropelame";"115.6";"BR-163/MS";"NORTE";"Atropelamento de pedestre";0;0;0;0;0;0;0;0;0;1;3;1;0;0;0
"24/12/2022";"12:59:00";"242";"Acidente s";"793.547";"BR-163/MS";"NORTE";"Colisão lateral no mesmo sentido";1;0;4;0;0;6;0;0;0;0;15;0;0;0;0
"24/12/2022";"03:30:00";"275";"Acidente c";"368.1";"BR-163/MS";"SUL";"Tombamento de moto";0;0;0;1;0;0;0;0;0;0;0;2;0;0;0
"24/12/2022";"11:01:00";"389";"Acidente c";"367.448";"BR-163/MS";"SUL";"Colisão com veículos (traseira)";0;0;0;1;0;1;0;0;0;0;1;0;1;0;0
"25/12/2022";"09:23:00";"97";"Acidente c";"89.282";"BR-163/MS";"SUL";"Colisão com veículos (traseira)";1;0;0;1;0;0;0;0;0;1;1;0;1;0;0
"25/12/2022";"11:35:00";"111";"Acidente c";"233.711";"BR-163/MS";"SUL";"Tombamento de moto";0;0;0;1;0;0;0;0;0;0;0;2;0;0;0
"25/12/2022";"05:44:00";"196";"Acidente s";"470.79";"BR-163/MS";"NORTE";"Colisão lateral no sentido contrário";0;0;1;0;0;2;0;0;0;1;4;0;0;0;0
"25/12/2022";"10:59:00";"261";"Acidente c";"298.204";"BR-163/MS";"SUL";"Tombamento de moto";0;0;0;1;0;0;0;0;0;0;0;1;0;0;0
"26/12/2022";"07:46:00";"92";"Acidente s";"465.15";"BR-163/MS";"NORTE";"Colisão com veículos (traseira)";2;0;0;0;0;0;0;0;0;0;2;0;0;0;0
"26/12/2022";"08:20:00";"100";"Acidente s";"583.117";"BR-163/MS";"SUL";"Capotamento";1;0;0;0;0;0;0;0;0;0;1;0;0;0;0
"26/12/2022";"08:29:00";"105";"Acidente c";"425.2";"BR-163/MS";"NORTE";"Colisão lateral no sentido contrário";1;0;0;1;0;0;0;0;0;0;1;0;0;2;0
"26/12/2022";"09:21:00";"119";"Acidente s";"478.5";"BR-163/MS";"SUL";"Colisão c/ obstáculos";0;0;0;0;0;0;0;0;0;2;2;0;0;0;0
"26/12/2022";"12:09:00";"177";"Acidente c";"1.966";"BR-163/MS";"NORTE";"Tombamento de moto";0;0;0;1;0;1;0;0;0;0;1;1;0;0;0
"26/12/2022";"01:19:00";"189";"Acidente c";"262.673";"BR-163/MS";"NORTE";"Colisão c/ obstáculos";0;0;0;1;0;0;0;0;0;0;0;1;0;0;0
"26/12/2022";"01:58:00";"199";"Acidente c";"498.7";"BR-163/MS";"SUL";"Tombamento";0;0;0;0;0;0;0;0;0;1;0;1;0;0;0
"26/12/2022";"05:01:00";"266";"Acidente c";"477.725";"BR-163/MS";"NORTE";"Colisão com veículos (traseira)";0;1;0;1;0;0;0;0;0;0;0;0;1;1;0
"26/12/2022";"10:11:00";"356";"Acidente s";"471.1";"BR-163/MS";"NORTE";"Colisão lateral no mesmo sentido";1;0;1;0;0;2;0;0;0;0;4;0;0;0;0
"26/12/2022";"10:50:00";"359";"Acidente s";"454";"BR-163/MS";"NORTE";"Atropelamento de animais";0;0;0;0;0;0;0;0;0;1;2;0;0;0;0
"27/12/2022";"09:24:00";"142";"Acidente s";"97.83";"BR-163/MS";"SUL";"Colisão lateral no sentido contrário";1;0;0;0;0;0;0;0;0;1;6;0;0;0;0
"27/12/2022";"09:38:00";"151";"Acidente s";"234.333";"BR-163/MS";"NORTE";"Capotamento";0;0;0;0;0;0;0;0;0;1;5;0;0;0;0
"28/12/2022";"07:37:00";"123";"Acidente c";"478.6";"BR-163/MS";"SUL";"Colisão lateral no mesmo sentido";1;0;0;1;0;0;0;0;0;0;1;1;0;0;0
"28/12/2022";"01:31:00";"272";"Acidente c";"816.621";"BR-163/MS";"SUL";"Capotamento";1;0;0;0;0;0;0;0;0;0;1;3;0;0;0
"28/12/2022";"01:55:00";"278";"Acidente c";"485.41";"BR-163/MS";"NORTE";"Colisão com veículos (traseira)";1;0;0;1;0;0;0;0;0;0;2;0;1;0;0
"28/12/2022";"07:28:00";"403";"Acidente c";"844.456";"BR-163/MS";"SUL";"Capotamento";0;0;0;0;0;0;0;0;0;1;2;2;0;0;0
"29/12/2022";"05:34:00";"53";"Acidente s";"657.15";"BR-163/MS";"NORTE";"Saídas de pista";0;0;1;0;0;1;0;0;0;0;3;0;0;0;0
"29/12/2022";"02:47:00";"273";"Acidente s";"786.15";"BR-163/MS";"NORTE";"Colisão com veículos (traseira)";2;0;0;0;0;0;0;0;0;0;5;0;0;0;0
"29/12/2022";"03:15:00";"284";"Acidente c";"134.75";"BR-163/MS";"NORTE";"Colisão com veículos (traseira)";1;0;0;0;0;0;0;0;0;1;0;10;0;0;0
"29/12/2022";"04:08:00";"298";"Acidente c";"311.23";"BR-163/MS";"SUL";"Capotamento";1;0;0;0;0;0;0;0;0;0;0;0;0;0;1
"29/12/2022";"10:40:00";"405";"Atropelame";"266.55";"BR-163/MS";"SUL";"Atropelamento de pedestre";0;0;0;1;0;0;0;0;0;0;1;0;1;0;0
"30/12/2022";"05:46:00";"27";"Acidente s";"57.48";"BR-163/MS";"SUL";"Colisão c/ obstáculos";1;0;0;0;0;0;0;0;0;0;6;0;0;0;0
"30/12/2022";"05:49:00";"28";"Acidente c";"615.9";"BR-163/MS";"SUL";"Colisão lateral no sentido contrário";1;0;0;1;0;0;0;0;0;0;2;0;0;0;0
"30/12/2022";"03:08:00";"266";"Acidente s";"22.388";"BR-163/MS";"NORTE";"Colisão c/ obstáculos";2;0;0;0;0;0;0;0;0;0;10;0;0;0;0
"30/12/2022";"06:53:00";"351";"Acidente s";"424.228";"BR-163/MS";"SUL";"Atropelamento de animais";1;0;0;0;0;0;0;0;0;0;3;0;0;0;0
"30/12/2022";"07:13:00";"359";"Acidente s";"693.5";"BR-163/MS";"SUL";"Atropelamento de animais";1;0;0;0;0;0;0;0;0;0;3;0;0;0;0
"30/12/2022";"11:57:00";"416";"Acidente s";"419.773";"BR-163/MS";"NORTE";"Atropelamento de animais";1;0;0;0;0;0;0;0;0;0;2;0;0;0;0
"31/12/2022";"06:55:00";"273";"Acidente s";"426.455";"BR-163/MS";"SUL";"Atropelamento de animais";0;0;0;0;0;0;0;0;0;1;2;0;0;0;0
"31/12/2022";"07:26:00";"304";"Acidente s";"686.154";"BR-163/MS";"SUL";"Atropelamento de animais";1;0;0;0;0;0;0;0;0;0;2;0;0;0;0
"31/12/2022";"08:21:00";"311";"Acidente s";"21.61";"BR-163/MS";"NORTE";"Colisão lateral no sentido contrário";2;0;0;0;0;0;0;0;0;0;3;0;0;0;0
"01/01/2023";"04:01:00";"189";"Acidente c";"126.888";"BR-163/MS";"SUL";"Capotamento";1;0;0;0;0;0;0;0;0;0;2;1;0;0;0
"02/01/2023";"01:30:00";"9";"Acidente c";"262.522";"BR-163/MS";"NORTE";"Tombamento de moto";0;0;0;1;0;0;0;0;0;0;0;1;0;0;0
"02/01/2023";"02:32:00";"226";"Acidente c";"436.3";"BR-163/MS";"NORTE";"Capotamento";1;0;0;0;0;0;0;0;0;0;0;2;1;0;0