data;horario;n_da_ocorrencia;tipo_de_ocorrencia;km;trecho;sentido;tipo_de_acidente;automovel;bicicleta;caminhao;moto;onibus;outros;tracao_animal;transporte_de_cargas_especiais;trator_maquinas;utilitarios;ilesos;levemente_feridos;moderadamente_feridos;gravemente_feridos;mortos
"26/04/2023";"02:27:00";"235";"Acidente s";"577.798";"BR-163/MS";"SUL";"Tombamento";0;0;1;0;0;2;0;0;0;0;3;0;0;0;0
"26/04/2023";"03:32:00";"255";"Acidente s";"581.9";"BR-163/MS";"SUL";"Saídas de pista";0;0;0;0;0;0;0;0;0;1;1;0;0;0;0
"26/04/2023";"03:54:00";"264";"Acidente s";"2.392";"BR-163/MS";"NORTE";"Colisão com veículos (traseira)";1;0;0;0;0;1;0;0;0;0;2;0;0;0;0
"26/04/2023";"05:21:00";"286";"Acidente s";"486.5";"BR-163/MS";"NORTE";"Colisão com veículos (frontal)";2;0;0;0;0;0;0;0;0;0;5;0;0;0;0
"26/04/2023";"05:50:00";"292";"Acidente s";"509.2";"BR-163/MS";"SUL";"Saídas de pista";1;0;0;0;0;0;0;0;0;0;1;0;0;0;0
"26/04/2023";"10:45:00";"352";"Acidente s";"487.505";"BR-163/MS";"NORTE";"Saídas de pista";0;0;1;0;0;0;0;0;0;0;1;0;0;0;0
"27/04/2023";"01:19:00";"7";"Acidente s";"763.774";"BR-163/MS";"SUL";"Atropelamento de animais";1;0;0;0;0;0;0;0;0;0;1;0;0;0;0
"27/04/2023";"06:15:00";"20";"Acidente s";"466.375";"BR-163/MS";"SUL";"Colisão lateral no mesmo sentido";1;0;0;0;0;1;0;0;0;0;4;0;0;0;0
"27/04/2023";"08:56:00";"115";"Acidente s";"680.426";"BR-163/MS";"NORTE";"Colisão lateral no sentido contrário";0;0;1;0;0;0;0;0;0;1;4;0;0;0;0
"27/04/2023";"03:13:00";"206";"Acidente s";"548.776";"BR-163/MS";"SUL";"Colisão lateral no sentido contrário";2;0;0;0;0;0;0;0;0;0;4;0;0;0;0
"27/04/2023";"05:33:00";"237";"Acidente s";"634.598";"BR-163/MS";"NORTE";"Outros";1;0;0;0;0;1;0;0;0;0;2;0;0;0;0
"27/04/2023";"08:01:00";"304";"Acidente s";"518.412";"BR-163/MS";"NORTE";"Atropelamento de animais";1;0;0;0;0;0;0;0;0;0;2;0;0;0;0
"27/04/2023";"08:45:00";"327";"Acidente s";"831.727";"BR-163/MS";"NORTE";"Capotamento";1;0;0;0;0;0;0;0;0;0;1;0;0;0;0
"28/04/2023";"01:36:00";"9";"Acidente s";"681.454";"BR-163/MS";"NORTE";"Saídas de pista";0;0;0;0;0;0;0;0;0;1;5;0;0;0;0
"28/04/2023";"08:00:00";"90";"Acidente c";"484.1";"BR-163/MS";"NORTE";"Colisão lateral no sentido contrário";1;0;0;1;0;0;0;0;0;0;1;1;0;1;0
"28/04/2023";"05:25:00";"303";"Acidente c";"264.953";"BR-163/MS";"NORTE";"Colisão lateral no mesmo sentido";1;0;0;1;0;0;0;0;0;0;1;0;1;0;0
"28/04/2023";"06:21:00";"316";"Acidente s";"270.646";"BR-163/MS";"NORTE";"Colisão lateral no sentido contrário";2;0;0;0;0;0;0;0;0;0;5;0;0;0;0
"28/04/2023";"09:59:00";"429";"Acidente c";"491.42";"BR-163/MS";"SUL";"Colisão lateral no sentido contrário";0;1;0;1;0;0;0;0;0;0;0;1;0;1;0
"29/04/2023";"06:17:00";"26";"Acidente c";"256.421";"BR-163/MS";"NORTE";"Atropelamento de animais";0;0;0;1;0;0;0;0;0;0;1;0;0;0;0
"29/04/2023";"09:30:00";"121";"Acidente s";"225.629";"BR-163/MS";"SUL";"Colisão lateral no mesmo sentido";1;0;0;0;0;1;0;0;0;0;4;0;0;0;0
"29/04/2023";"12:15:00";"166";"Acidente c";"419.51";"BR-163/MS";"NORTE";"Colisão lateral no sentido contrário";2;0;0;0;0;0;0;0;0;0;2;1;0;0;0
"29/04/2023";"08:56:00";"340";"Acidente c";"616.5";"BR-163/MS";"SUL";"Colisão lateral no mesmo sentido";0;0;1;0;0;1;0;0;0;1;3;1;0;0;0
"30/04/2023";"06:13:00";"242";"Acidente c";"656.859";"BR-163/MS";"NORTE";"Colisão com veículos (traseira)";0;0;2;0;0;3;0;0;0;0;4;1;0;0;0
"01/05/2023";"07:19:00";"46";"Acidente c";"7.35";"BR-163/MS";"NORTE";"Colisão lateral no mesmo sentido";0;0;2;0;0;1;0;0;0;0;3;1;0;0;0
"01/05/2023";"08:27:00";"83";"Acidente s";"323.418";"BR-163/MS";"SUL";"Saídas de pista";0;0;0;0;0;0;0;0;0;1;1;0;0;0;0
"01/05/2023";"05:00:00";"233";"Acidente s";"240.808";"BR-163/MS";"SUL";"Engavetamento";4;0;0;0;0;0;0;0;0;0;9;0;0;0;0
"01/05/2023";"05:53:00";"242";"Acidente s";"186.471";"BR-163/MS";"NORTE";"Tombamento";0;0;1;0;0;1;0;0;0;0;2;0;0;0;0
"01/05/2023";"07:12:00";"263";"Acidente s";"272.826";"BR-163/MS";"SUL";"Colisão c/ obstáculos";1;0;0;0;0;0;0;0;0;0;4;0;0;0;0
"02/05/2023";"06:17:00";"26";"Acidente s";"593.848";"BR-163/MS";"SUL";"Saídas de pista";1;0;0;0;0;0;0;0;0;0;0;0;0;0;0
"02/05/2023";"07:28:00";"60";"Acidente s";"518.775";"BR-163/MS";"SUL";"Colisão c/ obstáculos";1;0;0;0;0;0;0;0;0;0;1;0;0;0;0
"02/05/2023";"01:27:00";"169";"Acidente s";"615.631";"BR-163/MS";"NORTE";"Colisão lateral no mesmo sentido";2;0;0;0;0;0;0;0;0;0;6;0;0;0;0
"02/05/2023";"01:34:00";"170";"Acidente s";"217.309";"BR-163/MS";"SUL";"Colisão lateral no sentido contrário";0;0;1;0;0;0;0;0;0;1;3;0;0;0;0
"02/05/2023";"02:07:00";"180";"Acidente s";"481.923";"BR-163/MS";"NORTE";"Colisão com veículos (frontal)";0;0;0;0;0;0;0;0;0;2;2;0;0;0;0
"03/05/2023";"01:12:00";"192";"Acidente c";"493.442";"BR-163/MS";"NORTE";"Colisão lateral no mesmo sentido";0;0;1;0;0;0;0;0;0;1;1;0;1;0;0
"03/05/2023";"05:11:00";"238";"Acidente c";"490.635";"BR-163/MS";"NORTE";"Colisão com veículos (frontal)";1;1;0;0;0;0;0;0;0;0;1;0;1;0;0
"03/05/2023";"06:29:00";"249";"Acidente c";"788.356";"BR-163/MS";"SUL";"Tombamento";0;1;0;0;0;0;0;0;0;0;0;0;1;0;0
"04/05/2023";"06:51:00";"21";"Acidente s";"491.353";"BR-163/MS";"SUL";"Colisão lateral no mesmo sentido";1;0;1;0;0;2;0;0;0;0;4;0;0;0;0
"04/05/2023";"08:05:00";"100";"Acidente c";"256.8";"BR-163/MS";"SUL";"Colisão com veículos (traseira)";1;0;0;0;0;0;0;0;0;1;0;2;0;0;0
"04/05/2023";"01:29:00";"235";"Acidente c";"242.424";"BR-163/MS";"SUL";"Colisão c/ obstáculos";1;0;0;0;0;0;0;0;0;1;4;2;0;0;0
"04/05/2023";"01:43:00";"236";"Atropelame";"732.916";"BR-163/MS";"SUL";"Tombamento de moto";0;0;1;1;0;2;0;0;0;0;3;0;0;0;1
"04/05/2023";"05:54:00";"294";"Acidente s";"781.614";"BR-163/MS";"NORTE";"Atropelamento de animais";1;0;0;0;0;0;0;0;0;0;1;0;0;0;0
"05/05/2023";"07:03:00";"291";"Acidente s";"690.5";"BR-163/MS";"NORTE";"Colisão com veículos (traseira)";0;0;0;0;0;0;0;0;0;2;3;0;0;0;0
"05/05/2023";"10:20:00";"341";"Acidente c";"478.106";"BR-163/MS";"SUL";"Colisão com veículos (frontal)";1;0;0;0;0;0;0;0;0;1;0;2;0;1;1
"06/05/2023";"04:45:00";"14";"Acidente s";"633.632";"BR-163/MS";"NORTE";"Colisão c/ obstáculos";1;0;0;0;0;0;0;0;0;0;5;0;0;0;0
"06/05/2023";"03:07:00";"181";"Acidente s";"490.635";"BR-163/MS";"SUL";"Colisão com veículos (traseira)";2;0;0;0;0;0;0;0;0;0;2;0;0;0;0
"06/05/2023";"08:40:00";"293";"Acidente c";"49.54";"BR-163/MS";"SUL";"Colisão c/ obstáculos";0;0;2;0;0;3;0;0;0;0;4;0;0;1;0
"06/05/2023";"09:04:00";"315";"Acidente s";"283.356";"BR-163/MS";"NORTE";"Colisão com veículos (traseira)";1;0;0;0;0;0;0;0;0;1;2;0;0;0;0
"06/05/2023";"09:14:00";"317";"Acidente c";"255.938";"BR-163/MS";"SUL";"Colisão com veículos (traseira)";1;0;0;1;0;0;0;0;0;0;1;1;0;0;0
"06/05/2023";"09:56:00";"320";"Acidente c";"77.873";"BR-163/MS";"SUL";"Colisão lateral no sentido contrário";1;0;0;1;0;0;0;0;0;0;1;1;0;0;0
"07/05/2023";"09:01:00";"119";"Acidente c";"396.172";"BR-163/MS";"SUL";"Tombamento de moto";0;0;0;1;0;0;0;0;0;0;0;0;1;0;0
"07/05/2023";"11:56:00";"161";"Acidente s";"439.624";"BR-163/MS";"SUL";"Atropelamento de animais";1;0;0;0;0;0;0;0;0;0;4;0;0;0;0
"07/05/2023";"03:42:00";"194";"Acidente c";"263.333";"BR-163/MS";"NORTE";"Colisão lateral no mesmo sentido";1;0;1;0;0;0;0;0;0;0;4;1;0;0;0
"07/05/2023";"05:11:00";"213";"Acidente c";"226.501";"BR-163/MS";"SUL";"Colisão com veículos (frontal)";1;0;0;0;0;0;0;0;0;1;0;2;1;1;0
"07/05/2023";"06:54:00";"231";"Acidente c";"216.578";"BR-163/MS";"SUL";"Engavetamento";2;0;0;0;0;0;0;0;0;1;8;1;0;0;0
"08/05/2023";"03:41:00";"222";"Acidente s";"190.522";"BR-163/MS";"NORTE";"Colisão com veículos (traseira)";0;0;0;0;0;0;0;0;0;2;5;0;0;0;0
"08/05/2023";"03:57:00";"227";"Acidente c";"502.232";"BR-163/MS";"NORTE";"Colisão lateral no mesmo sentido";1;0;1;0;0;0;0;0;0;0;1;0;1;0;0
"08/05/2023";"04:21:00";"231";"Acidente s";"611.569";"BR-163/MS";"NORTE";"Saídas de pista";1;0;0;0;0;0;0;0;0;0;3;0;0;0;0
"08/05/2023";"07:13:00";"259";"Acidente c";"423.812";"BR-163/MS";"NORTE";"Colisão lateral no sentido contrário";1;0;0;0;0;0;0;0;0;1;1;1;1;0;0
"09/05/2023";"05:43:00";"29";"Acidente s";"640.227";"BR-163/MS";"SUL";"Capotamento";0;0;0;0;0;0;0;0;0;1;2;0;0;0;0
"09/05/2023";"09:14:00";"138";"Acidente s";"809.499";"BR-163/MS";"SUL";"Tombamento";0;0;1;0;0;2;0;0;0;0;3;0;0;0;0
"10/05/2023";"05:56:00";"259";"Acidente c";"785.632";"BR-163/MS";"NORTE";"Colisão com veículos (traseira)";0;0;2;0;0;2;0;0;0;0;3;1;0;0;0
"10/05/2023";"07:56:00";"285";"Acidente s";"539.5";"BR-163/MS";"SUL";"Colisão c/ obstáculos";0;0;0;0;0;0;0;0;0;1;1;0;0;0;0
"11/05/2023";"01:55:00";"221";"Acidente c";"575.363";"BR-163/MS";"NORTE";"Colisão lateral no mesmo sentido";0;0;2;0;0;1;0;0;0;0;2;1;0;0;0
"11/05/2023";"02:11:00";"226";"Acidente c";"364.1";"BR-163/MS";"NORTE";"Tombamento";0;0;1;0;0;1;0;0;0;0;1;1;0;0;0
"11/05/2023";"03:51:00";"257";"Atropelame";"681.5";"BR-163/MS";"SUL";"Atropelamento de pedestre";0;0;0;0;0;0;0;0;0;0;0;0;1;0;0
"11/05/2023";"09:12:00";"380";"Acidente s";"342.188";"BR-163/MS";"NORTE";"Atropelamento de animais";1;0;0;0;0;0;0;0;0;0;1;0;0;0;0
"12/05/2023";"05:02:00";"17";"Acidente c";"614.742";"BR-163/MS";"SUL";"Colisão lateral no sentido contrário";0;0;0;1;0;1;0;0;0;0;1;1;0;0;0
"12/05/2023";"06:48:00";"52";"Acidente c";"448.134";"BR-163/MS";"NORTE";"Tombamento de moto";0;0;0;1;0;0;0;0;0;0;0;0;0;1;0
"12/05/2023";"07:45:00";"70";"Acidente s";"15.385";"BR-163/MS";"SUL";"Capotamento";1;0;0;0;0;0;0;0;0;0;1;0;0;0;0
"12/05/2023";"03:26:00";"245";"Acidente s";"674.147";"BR-163/MS";"NORTE";"Colisão lateral no mesmo sentido";0;0;2;0;0;0;0;0;0;0;2;0;0;0;0
"12/05/2023";"06:10:00";"289";"Acidente s";"822.6";"BR-163/MS";"NORTE";"Atropelamento de animais";0;0;1;0;0;1;0;0;0;0;3;0;0;0;0
"12/05/2023";"07:21:00";"303";"Acidente c";"255.994";"BR-163/MS";"SUL";"Tombamento de moto";0;0;0;1;0;1;0;0;0;0;1;1;0;0;0
"12/05/2023";"09:10:00";"325";"Acidente s";"530.603";"BR-163/MS";"NORTE";"Colisão c/ obstáculos";1;0;0;0;0;0;0;0;0;0;4;0;0;0;0
"13/05/2023";"05:07:00";"13";"Acidente c";"256.717";"BR-163/MS";"SUL";"Colisão c/ obstáculos";1;0;0;0;0;0;0;0;0;0;0;1;0;0;0
"13/05/2023";"07:47:00";"72";"Acidente c";"600.56";"BR-163/MS";"NORTE";"Saídas de pista";0;0;1;0;0;0;0;0;0;0;0;1;0;0;0
"13/05/2023";"10:47:00";"123";"Acidente c";"383.217";"BR-163/MS";"NORTE";"Capotamento";1;0;0;0;0;0;0;0;0;0;0;1;1;0;0
"13/05/2023";"03:03:00";"176";"Acidente s";"163.176";"BR-163/MS";"NORTE";"Saídas de pista";1;0;0;0;0;0;0;0;0;0;1;0;0;0;0
"13/05/2023";"03:11:00";"179";"Acidente s";"6.166";"BR-163/MS";"NORTE";"Colisão com veículos (traseira)";1;0;0;0;0;0;0;0;0;1;2;0;0;0;0
"13/05/2023";"03:41:00";"185";"Acidente c";"503.486";"BR-163/MS";"NORTE";"Saídas de pista";1;0;0;0;0;0;0;0;0;0;1;1;0;0;0
"13/05/2023";"06:16:00";"218";"Acidente s";"533.5";"BR-163/MS";"NORTE";"Colisão c/ obstáculos";1;0;0;0;0;0;0;0;0;0;3;0;0;0;0
"13/05/2023";"06:23:00";"220";"Acidente s";"533.473";"BR-163/MS";"NORTE";"Colisão c/ obstáculos";1;0;0;0;0;0;0;0;0;0;2;0;0;0;0
"13/05/2023";"11:06:00";"284";"Acidente s";"662.5";"BR-163/MS";"SUL";"Colisão com veículos (traseira)";0;0;2;0;0;2;0;0;0;0;7;0;0;0;0
"14/05/2023";"08:43:00";"78";"Acidente s";"1.941";"BR-163/MS";"NORTE";"Colisão com veículos (traseira)";1;0;0;0;0;0;0;0;0;1;4;0;0;0;0
"14/05/2023";"02:11:00";"136";"Acidente s";"148.1";"BR-163/MS";"NORTE";"Colisão c/ obstáculos";0;0;1;0;0;1;0;0;0;0;2;0;0;0;0
"14/05/2023";"04:50:00";"165";"Acidente s";"564.98";"BR-163/MS";"NORTE";"Engavetamento";1;0;0;0;0;0;0;0;0;2;11;0;0;0;0
"14/05/2023";"05:51:00";"184";"Acidente s";"270.517";"BR-163/MS";"NORTE";"Colisão lateral no mesmo sentido";1;0;1;0;0;2;0;0;0;0;4;0;0;0;0
"14/05/2023";"07:17:00";"193";"Acidente s";"194.618";"BR-163/MS";"NORTE";"Saídas de pista";0;0;0;0;0;0;0;0;0;1;1;0;0;0;0
"14/05/2023";"07:47:00";"201";"Acidente s";"433.451";"BR-163/MS";"SUL";"Colisão c/ obstáculos";1;0;0;0;0;0;0;0;0;0;1;0;0;0;0
"15/05/2023";"03:37:00";"6";"Acidente c";"500.865";"BR-163/MS";"SUL";"Capotamento";1;0;0;0;0;0;0;0;0;0;0;0;1;0;0
"15/05/2023";"08:29:00";"100";"Acidente s";"408.166";"BR-163/MS";"NORTE";"Colisão lateral no mesmo sentido";2;0;0;0;0;0;0;0;0;0;2;0;0;0;0
"15/05/2023";"10:26:00";"145";"Acidente s";"136.125";"BR-163/MS";"NORTE";"Saídas de pista";0;0;1;0;0;0;0;0;0;0;1;0;0;0;0
"15/05/2023";"04:46:00";"236";"Acidente s";"466.322";"BR-163/MS";"SUL";"Colisão lateral no mesmo sentido";1;0;1;0;0;2;0;0;0;0;4;0;0;0;0
"15/05/2023";"06:12:00";"250";"Acidente s";"257.183";"BR-163/MS";"SUL";"Colisão com veículos (traseira)";1;0;0;0;0;0;0;0;0;0;1;0;0;0;0
"16/05/2023";"12:24:00";"2";"Acidente s";"443.103";"BR-163/MS";"NORTE";"Atropelamento de animais";0;0;1;0;0;0;0;0;0;0;1;0;0;0;0
"16/05/2023";"12:57:00";"182";"Acidente s";"9.156";"BR-163/MS";"SUL";"Colisão com veículos (traseira)";0;0;0;0;0;1;0;0;0;1;2;0;0;0;0
"16/05/2023";"01:49:00";"191";"Acidente c";"626.61";"BR-163/MS";"NORTE";"Colisão com veículos (frontal)";0;0;1;1;0;2;0;0;0;0;3;0;0;0;3
"16/05/2023";"07:13:00";"251";"Acidente s";"700.442";"BR-163/MS";"SUL";"Atropelamento de animais";0;0;0;0;0;0;0;0;0;1;4;0;0;0;0
"17/05/2023";"05:35:00";"27";"Acidente s";"670.38";"BR-163/MS";"SUL";"Tombamento";0;0;1;0;0;3;0;0;0;0;4;0;0;0;0
"17/05/2023";"11:35:00";"169";"Acidente c";"491.68";"BR-163/MS";"NORTE";"Colisão lateral no mesmo sentido";0;0;1;0;0;2;0;0;0;1;3;1;0;0;0
"17/05/2023";"12:04:00";"179";"Acidente c";"259.114";"BR-163/MS";"SUL";"Colisão lateral no mesmo sentido";1;0;0;1;0;0;0;0;0;0;1;1;0;0;0
"17/05/2023";"12:29:00";"185";"Acidente s";"677.888";"BR-163/MS";"NORTE";"Colisão com veículos (traseira)";0;0;1;0;0;0;0;0;0;1;3;0;0;0;0
"18/05/2023";"02:31:00";"7";"Acidente c";"407.235";"BR-163/MS";"NORTE";"Atropelamento de animais";0;0;1;0;0;0;0;0;0;0;1;1;0;0;0
"18/05/2023";"06:28:00";"19";"Acidente s";"149.503";"BR-163/MS";"NORTE";"Tombamento";0;0;1;0;0;2;0;0;0;0;3;0;0;0;0
"18/05/2023";"06:44:00";"22";"Acidente c";"489.433";"BR-163/MS";"SUL";"Colisão lateral no mesmo sentido";0;0;0;1;0;1;0;0;0;0;1;1;0;0;0
"18/05/2023";"09:20:00";"97";"Acidente c";"767.274";"BR-163/MS";"SUL";"Colisão com veículos (traseira)";1;0;0;0;0;0;0;0;0;1;3;1;0;0;0
"18/05/2023";"04:32:00";"212";"Acidente s";"402.733";"BR-163/MS";"SUL";"Colisão lateral no mesmo sentido";0;0;1;0;0;1;0;0;0;1;3;0;0;0;0
"18/05/2023";"10:13:00";"346";"Acidente c";"256.793";"BR-163/MS";"NORTE";"Colisão c/ obstáculos";0;0;0;1;0;0;0;0;0;0;0;0;1;0;0
"18/05/2023";"10:44:00";"348";"Acidente c";"358.698";"BR-163/MS";"SUL";"Tombamento";1;0;1;0;0;0;0;0;0;0;1;0;0;1;0
"19/05/2023";"12:38:00";"3";"Acidente c";"468";"BR-163/MS";"NORTE";"Colisão lateral no mesmo sentido";0;1;0;0;0;1;0;0;0;0;1;1;0;0;0
"19/05/2023";"07:57:00";"77";"Acidente c";"483.103";"BR-163/MS";"NORTE";"Colisão lateral no mesmo sentido";0;1;0;0;0;1;0;0;0;0;1;1;0;0;0
"19/05/2023";"07:59:00";"78";"Acidente c";"491.308";"BR-163/MS";"NORTE";"Colisão com veículos (traseira)";1;0;0;0;0;0;0;0;0;1;2;0;1;0;0
"19/05/2023";"01:41:00";"183";"Acidente s";"483.494";"BR-163/MS";"NORTE";"Colisão lateral no mesmo sentido";0;0;2;0;0;1;0;0;0;0;4;0;0;0;0
"20/05/2023";"06:18:00";"233";"Acidente c";"203.179";"BR-163/MS";"NORTE";"Capotamento";1;0;0;0;0;0;0;0;0;0;0;2;0;0;0
"21/05/2023";"12:43:00";"5";"Acidente s";"773.414";"BR-163/MS";"SUL";"Atropelamento de animais";0;0;0;0;1;0;0;0;0;0;8;0;0;0;0
"21/05/2023";"11:18:00";"224";"Acidente s";"238.522";"BR-163/MS";"NORTE";"Atropelamento de animais";1;0;0;0;0;0;0;0;0;0;1;0;0;0;0
"22/05/2023";"09:47:00";"123";"Acidente s";"6.134";"BR-163/MS";"NORTE";"Colisão com veículos (traseira)";0;0;0;0;0;0;0;0;0;2;3;0;0;0;0
"22/05/2023";"12:00:00";"169";"Acidente s";"686.823";"BR-163/MS";"NORTE";"Saídas de pista";0;0;0;0;0;0;0;0;0;1;5;0;0;0;0
"22/05/2023";"01:25:00";"180";"Acidente c";"662.357";"BR-163/MS";"SUL";"Capotamento";1;0;0;0;0;0;0;0;0;0;0;1;0;0;0
"22/05/2023";"03:21:00";"208";"Acidente s";"364.203";"BR-163/MS";"NORTE";"Tombamento";0;0;1;0;0;1;0;0;0;0;2;0;0;0;0
"23/05/2023";"06:24:00";"60";"Acidente s";"275.386";"BR-163/MS";"NORTE";"Atropelamento de animais";0;0;0;0;0;0;0;0;0;1;1;0;0;0;0
"23/05/2023";"04:00:00";"260";"Acidente s";"603.4";"BR-163/MS";"SUL";"Tombamento de moto";0;0;0;1;0;0;0;0;0;0;1;0;0;0;0
"23/05/2023";"08:35:00";"345";"Acidente s";"742.9";"BR-163/MS";"SUL";"Atropelamento de animais";1;0;0;0;0;0;0;0;0;0;1;0;0;0;0
"24/05/2023";"06:15:00";"26";"Acidente c";"701.217";"BR-163/MS";"NORTE";"Saídas de pista";0;0;0;0;0;0;0;0;0;1;1;1;0;0;0
"24/05/2023";"10:04:00";"141";"Acidente c";"485.64";"BR-163/MS";"SUL";"Colisão com veículos (traseira)";0;0;1;0;0;0;0;0;0;1;1;1;0;0;0
"24/05/2023";"12:28:00";"169";"Acidente s";"574.73";"BR-163/MS";"NORTE";"Colisão com veículos (traseira)";0;0;2;0;0;5;0;0;0;0;7;0;0;0;0
"24/05/2023";"03:58:00";"202";"Acidente c";"400.619";"BR-163/MS";"NORTE";"Colisão com veículos (traseira)";2;0;0;0;0;0;0;0;0;0;4;2;0;0;0
"24/05/2023";"10:50:00";"271";"Acidente s";"32";"BR-163/MS";"NORTE";"Colisão c/ obstáculos";0;0;1;0;0;0;0;0;0;0;1;0;0;0;0
"25/05/2023";"07:49:00";"68";"Acidente s";"168.552";"BR-163/MS";"SUL";"Saídas de pista";0;0;1;0;0;2;0;0;0;0;3;0;0;0;0
"25/05/2023";"10:07:00";"126";"Acidente s";"799.224";"BR-163/MS";"NORTE";"Tombamento";0;0;1;0;0;3;0;0;0;0;4;0;0;0;0
"25/05/2023";"11:05:00";"146";"Acidente s";"363.647";"BR-163/MS";"NORTE";"Capotamento";0;0;0;0;0;0;0;0;0;1;1;0;0;0;0
"25/05/2023";"05:50:00";"258";"Acidente s";"247.796";"BR-163/MS";"NORTE";"Capotamento";1;0;0;0;0;0;0;0;0;0;1;0;0;0;0
"26/05/2023";"06:56:00";"49";"Acidente c";"481.68";"BR-163/MS";"NORTE";"Colisão lateral no sentido contrário";0;1;0;1;0;0;0;0;0;0;1;0;0;1;0
"26/05/2023";"01:58:00";"194";"Acidente s";"466.322";"BR-163/MS";"NORTE";"Colisão lateral no mesmo sentido";1;0;1;0;0;0;0;0;0;0;3;0;0;0;0
"26/05/2023";"04:16:00";"229";"Acidente s";"364.357";"BR-163/MS";"NORTE";"Saídas de pista";1;0;0;0;0;0;0;0;0;0;1;0;0;0;0
"26/05/2023";"07:30:00";"311";"Acidente c";"614.715";"BR-163/MS";"NORTE";"Colisão com veículos (traseira)";0;0;0;2;0;0;0;0;0;0;0;2;0;0;0
"27/05/2023";"10:51:00";"120";"Acidente s";"257.971";"BR-163/MS";"SUL";"Colisão lateral no mesmo sentido";1;0;1;0;0;2;0;0;0;0;4;0;0;0;0
"27/05/2023";"06:02:00";"214";"Acidente s";"358.188";"BR-163/MS";"NORTE";"Colisão lateral no mesmo sentido";1;0;1;0;0;1;0;0;0;0;3;0;0;0;0
"27/05/2023";"06:11:00";"217";"Atropelame";"492.754";"BR-163/MS";"NORTE";"Atropelamento de pedestre";0;0;0;0;0;1;0;0;0;0;1;0;0;0;1
"27/05/2023";"08:38:00";"244";"Acidente s";"451.75";"BR-163/MS";"SUL";"Atropelamento de animais";0;0;0;0;1;0;0;0;0;0;17;0;0;0;0
"27/05/2023";"09:12:00";"246";"Acidente c";"42.46";"BR-163/MS";"SUL";"Colisão com veículos (frontal)";1;0;1;0;0;2;0;0;0;0;3;0;2;1;2
"27/05/2023";"09:50:00";"250";"Acidente s";"37.396";"BR-163/MS";"NORTE";"Atropelamento de animais";1;0;0;0;0;0;0;0;0;0;1;0;0;0;0
"28/05/2023";"01:43:00";"29";"Acidente s";"277.285";"BR-163/MS";"SUL";"Colisão c/ obstáculos";0;0;0;0;0;0;0;0;0;1;1;0;0;0;0
"28/05/2023";"05:32:00";"150";"Acidente s";"364.41";"BR-163/MS";"NORTE";"Saídas de pista";1;0;0;0;0;0;0;0;0;0;2;0;0;0;0
"28/05/2023";"07:00:00";"161";"Acidente s";"361.59";"BR-163/MS";"SUL";"Atropelamento de animais";0;0;0;0;0;0;0;0;0;1;1;0;0;0;0
"29/05/2023";"06:53:00";"24";"Acidente c";"6.9";"BR-163/MS";"SUL";"Colisão lateral no mesmo sentido";0;0;0;1;0;0;0;0;0;1;1;0;1;0;0
"29/05/2023";"07:31:00";"212";"Acidente s";"358.338";"BR-163/MS";"NORTE";"Saídas de pista";1;0;0;0;0;0;0;0;0;0;1;0;0;0;0
"30/05/2023";"11:17:00";"149";"Acidente c";"11.594";"BR-163/MS";"SUL";"Colisão com veículos (traseira)";2;0;0;0;0;0;0;0;0;0;2;1;0;0;0
"30/05/2023";"04:03:00";"201";"Acidente s";"584.761";"BR-163/MS";"SUL";"Saídas de pista";0;0;1;0;0;2;0;0;0;0;3;0;0;0;0
"30/05/2023";"07:31:00";"257";"Acidente s";"703.587";"BR-163/MS";"SUL";"Colisão com veículos (traseira)";1;0;0;0;0;0;0;0;0;0;1;0;0;0;0
"31/05/2023";"10:32:00";"153";"Acidente s";"326.247";"BR-163/MS";"NORTE";"Saídas de pista";0;0;0;0;0;0;0;0;0;1;1;0;0;0;0
"31/05/2023";"11:58:00";"163";"Acidente s";"655.269";"BR-163/MS";"SUL";"Tombamento";0;0;1;0;0;2;0;0;0;0;3;0;0;0;0
"31/05/2023";"03:09:00";"198";"Acidente c";"25.796";"BR-163/MS";"NORTE";"Colisão lateral no mesmo sentido";1;0;1;0;0;0;0;0;0;0;1;1;0;0;0
"01/06/2023";"04:24:00";"16";"Acidente s";"394.51";"BR-163/MS";"NORTE";"Saídas de pista";1;0;0;0;0;0;0;0;0;0;1;0;0;0;0
"01/06/2023";"06:32:00";"34";"Acidente c";"473.182";"BR-163/MS";"NORTE";"Colisão lateral no sentido contrário";1;0;0;1;0;0;0;0;0;0;1;0;1;0;0
"01/06/2023";"07:36:00";"77";"Acidente s";"253.757";"BR-163/MS";"NORTE";"Capotamento";1;0;0;0;0;0;0;0;0;0;2;0;0;0;0
"01/06/2023";"08:38:00";"97";"Acidente s";"661.15";"BR-163/MS";"SUL";"Saídas de pista";0;0;1;0;0;0;0;0;0;0;1;0;0;0;0
"01/06/2023";"02:16:00";"222";"Acidente s";"395.961";"BR-163/MS";"SUL";"Saídas de pista";0;0;1;0;0;1;0;0;0;0;2;0;0;0;0
"01/06/2023";"07:15:00";"283";"Acidente s";"692.848";"BR-163/MS";"SUL";"Atropelamento de animais";0;0;0;0;0;0;0;0;0;1;1;0;0;0;0
"01/06/2023";"09:44:00";"345";"Acidente c";"14.125";"BR-163/MS";"NORTE";"Colisão com veículos (frontal)";1;0;1;0;0;0;0;0;0;0;1;0;0;0;1