data;horario;n_da_ocorrencia;tipo_de_ocorrencia;km;trecho;sentido;tipo_de_acidente;automovel;bicicleta;caminhao;moto;onibus;outros;tracao_animal;transporte_de_cargas_especiais;trator_maquinas;utilitarios;ilesos;levemente_feridos;moderadamente_feridos;gravemente_feridos;mortos
"08/07/2023";"10:36:00";"171";"Acidente s";"793.882";"BR-163/MS";"NORTE";"Saídas de pista";1;0;0;0;0;0;0;0;0;1;5;0;0;0;0
"08/07/2023";"04:08:00";"281";"Acidente c";"484.483";"BR-163/MS";"NORTE";"Colisão lateral no sentido contrário";1;0;0;0;0;0;0;0;0;1;2;1;0;0;0
"09/07/2023";"12:52:00";"7";"Acidente c";"500.133";"BR-163/MS";"SUL";"Capotamento";1;0;0;0;0;0;0;0;0;0;0;1;0;0;0
"09/07/2023";"06:19:00";"30";"Acidente s";"19.687";"BR-163/MS";"NORTE";"Colisão com veículos (traseira)";1;0;0;0;1;0;0;0;0;0;38;0;0;0;0
"09/07/2023";"11:51:00";"147";"Acidente s";"56.568";"BR-163/MS";"NORTE";"Colisão com veículos (traseira)";0;0;2;0;0;0;0;0;0;0;2;0;0;0;0
"09/07/2023";"05:32:00";"216";"Acidente c";"546";"BR-163/MS";"NORTE";"Colisão lateral no mesmo sentido";0;0;0;2;0;0;0;0;0;1;1;3;2;0;0
"09/07/2023";"08:56:00";"258";"Acidente s";"250.813";"BR-163/MS";"SUL";"Tombamento";1;0;0;0;0;0;0;0;0;0;1;0;0;0;0
"09/07/2023";"11:55:00";"277";"Acidente s";"634.551";"BR-163/MS";"NORTE";"Atropelamento de animais";1;0;0;0;0;0;0;0;0;0;5;0;0;0;0
"10/07/2023";"03:54:00";"259";"Acidente s";"655.9";"BR-163/MS";"SUL";"Colisão lateral no mesmo sentido";1;0;0;0;0;1;0;0;0;0;3;0;0;0;0
"11/07/2023";"06:00:00";"31";"Acidente s";"777.399";"BR-163/MS";"SUL";"Colisão c/ obstáculos";1;0;0;0;0;0;0;0;0;0;1;0;0;0;0
"11/07/2023";"10:41:00";"169";"Acidente s";"19.41";"BR-163/MS";"NORTE";"Colisão lateral no mesmo sentido";1;0;1;0;0;0;0;0;0;0;2;0;0;0;0
"11/07/2023";"01:53:00";"201";"Acidente c";"394.877";"BR-163/MS";"SUL";"Colisão com veículos (frontal)";0;0;1;1;0;2;0;0;0;0;3;0;0;0;1
"11/07/2023";"03:16:00";"216";"Acidente s";"457.349";"BR-163/MS";"NORTE";"Colisão com veículos (traseira)";0;0;1;0;0;0;0;0;0;1;3;0;0;0;0
"11/07/2023";"04:43:00";"235";"Acidente c";"700.67";"BR-163/MS";"NORTE";"Colisão c/ obstáculos";0;0;1;0;0;1;0;0;0;0;1;0;1;0;0
"12/07/2023";"08:35:00";"77";"Acidente s";"186.4";"BR-163/MS";"SUL";"Tombamento";0;0;1;0;0;1;0;0;0;0;2;0;0;0;0
"12/07/2023";"09:48:00";"97";"Acidente s";"731";"BR-163/MS";"NORTE";"Colisão lateral no sentido contrário";0;0;1;0;0;0;0;0;0;1;2;0;0;0;0
"12/07/2023";"01:10:00";"205";"Acidente c";"488.15";"BR-163/MS";"NORTE";"Colisão com veículos (frontal)";0;0;1;1;0;1;0;0;0;0;2;0;0;0;2
"12/07/2023";"07:18:00";"298";"Acidente s";"216";"BR-163/MS";"SUL";"Colisão com veículos (traseira)";1;0;0;0;0;0;0;0;0;1;2;0;0;0;0
"13/07/2023";"05:58:00";"34";"Acidente s";"6";"BR-163/MS";"NORTE";"Saídas de pista";1;0;0;0;0;0;0;0;0;0;3;0;0;0;0
"13/07/2023";"08:04:00";"107";"Acidente s";"294";"BR-163/MS";"SUL";"Colisão com veículos (traseira)";1;0;0;0;0;0;0;0;0;1;2;0;0;0;0
"13/07/2023";"01:30:00";"231";"Acidente s";"743.152";"BR-163/MS";"NORTE";"Saídas de pista";0;0;0;0;0;0;0;0;0;1;2;0;0;0;0
"13/07/2023";"05:07:00";"271";"Acidente c";"212.219";"BR-163/MS";"NORTE";"Colisão lateral no sentido contrário";1;0;1;0;0;0;0;0;0;0;1;1;0;0;0
"13/07/2023";"06:02:00";"279";"Acidente s";"476.392";"BR-163/MS";"NORTE";"Colisão lateral no mesmo sentido";1;0;0;1;0;0;0;0;0;0;3;0;0;0;0
"14/07/2023";"09:42:00";"158";"Acidente c";"528.145";"BR-163/MS";"SUL";"Colisão com veículos (frontal)";1;0;0;1;0;0;0;0;0;0;1;1;0;0;0
"14/07/2023";"12:02:00";"195";"Acidente s";"218.62";"BR-163/MS";"NORTE";"Colisão com veículos (traseira)";2;0;0;0;0;0;0;0;0;0;4;0;0;0;0
"14/07/2023";"04:32:00";"272";"Acidente s";"40.18";"BR-163/MS";"NORTE";"Colisão lateral no sentido contrário";0;0;0;0;0;0;0;0;0;2;2;0;0;0;0
"14/07/2023";"06:12:00";"297";"Acidente s";"664.16";"BR-163/MS";"NORTE";"Atropelamento de animais";0;0;0;0;0;0;0;0;0;1;1;0;0;0;0
"15/07/2023";"12:22:00";"4";"Acidente s";"518.669";"BR-163/MS";"NORTE";"Atropelamento de animais";1;0;0;0;0;0;0;0;0;0;2;0;0;0;0
"15/07/2023";"03:35:00";"21";"Acidente c";"502.893";"BR-163/MS";"NORTE";"Capotamento";1;0;0;0;0;0;0;0;0;0;0;0;1;0;0
"15/07/2023";"10:55:00";"154";"Acidente s";"441.59";"BR-163/MS";"NORTE";"Colisão lateral no sentido contrário";1;0;1;0;0;0;0;0;0;0;3;0;0;0;0
"15/07/2023";"11:54:00";"163";"Acidente s";"271.321";"BR-163/MS";"NORTE";"Colisão lateral no mesmo sentido";2;0;0;0;0;0;0;0;0;0;2;0;0;0;0
"15/07/2023";"12:01:00";"167";"Acidente c";"838.222";"BR-163/MS";"SUL";"Capotamento";1;0;0;0;0;0;0;0;0;0;1;1;0;0;0
"15/07/2023";"01:13:00";"179";"Acidente s";"485.214";"BR-163/MS";"NORTE";"Colisão com veículos (traseira)";1;0;1;0;0;2;0;0;0;0;9;0;0;0;0
"15/07/2023";"01:24:00";"181";"Acidente s";"139.4";"BR-163/MS";"SUL";"Saídas de pista";0;0;1;0;0;3;0;0;0;0;4;0;0;0;0
"15/07/2023";"06:05:00";"247";"Acidente s";"798.266";"BR-163/MS";"SUL";"Colisão com veículos (traseira)";1;0;0;0;0;0;0;0;0;1;6;0;0;0;0
"15/07/2023";"08:28:00";"303";"Acidente s";"526.332";"BR-163/MS";"NORTE";"Colisão com veículos (traseira)";2;0;0;0;0;0;0;0;0;0;4;0;0;0;0
"16/07/2023";"05:44:00";"22";"Acidente s";"110.804";"BR-163/MS";"NORTE";"Colisão c/ obstáculos";1;0;0;0;0;0;0;0;0;0;1;0;0;0;0
"16/07/2023";"08:26:00";"81";"Acidente c";"50.725";"BR-163/MS";"NORTE";"Capotamento";1;0;0;0;0;0;0;0;0;0;0;4;0;0;0
"16/07/2023";"09:11:00";"92";"Acidente s";"288.103";"BR-163/MS";"NORTE";"Colisão com veículos (traseira)";1;0;0;0;0;0;0;0;0;1;4;0;0;0;0
"16/07/2023";"01:40:00";"139";"Acidente s";"499.199";"BR-163/MS";"SUL";"Tombamento";0;0;1;0;0;2;0;0;0;0;3;0;0;0;0
"16/07/2023";"03:06:00";"158";"Acidente s";"177.167";"BR-163/MS";"SUL";"Colisão com veículos (frontal)";1;0;1;0;0;0;0;0;0;0;3;0;0;0;0
"16/07/2023";"03:37:00";"165";"Atropelame";"225.251";"BR-163/MS";"SUL";"Atropelamento de pedestre";0;0;0;0;0;1;0;0;0;0;1;1;0;0;0
"16/07/2023";"04:29:00";"178";"Acidente s";"177.196";"BR-163/MS";"SUL";"Tombamento";0;0;1;0;0;1;0;0;0;0;2;0;0;0;0
"16/07/2023";"04:32:00";"180";"Acidente c";"515.136";"BR-163/MS";"NORTE";"Saídas de pista";0;0;0;0;0;0;0;0;0;1;0;1;0;0;0
"16/07/2023";"05:43:00";"202";"Acidente c";"680.838";"BR-163/MS";"NORTE";"Colisão com veículos (frontal)";1;0;0;0;0;0;0;0;0;1;1;1;0;0;0
"16/07/2023";"05:58:00";"217";"Atropelame";"767.749";"BR-163/MS";"NORTE";"Atropelamento de pedestre";0;0;1;0;0;1;0;0;0;0;2;0;0;1;0
"16/07/2023";"06:22:00";"227";"Acidente c";"363.262";"BR-163/MS";"NORTE";"Colisão com veículos (traseira)";2;0;0;0;0;0;0;0;0;0;2;1;0;0;0
"16/07/2023";"08:52:00";"252";"Acidente c";"609.483";"BR-163/MS";"SUL";"Tombamento de moto";0;0;0;1;0;0;0;0;0;0;0;1;0;0;0
"17/07/2023";"01:15:00";"204";"Acidente c";"381.829";"BR-163/MS";"NORTE";"Colisão lateral no mesmo sentido";1;0;0;0;0;1;0;0;0;1;5;1;0;0;0
"17/07/2023";"03:08:00";"229";"Acidente s";"378.94";"BR-163/MS";"SUL";"Colisão com veículos (traseira)";0;0;1;0;0;0;0;0;0;1;2;0;0;0;0
"17/07/2023";"07:54:00";"303";"Acidente s";"443.703";"BR-163/MS";"NORTE";"Colisão lateral no sentido contrário";0;0;1;0;0;0;0;0;0;1;3;0;0;0;0
"18/07/2023";"02:13:00";"254";"Acidente c";"258.874";"BR-163/MS";"NORTE";"Colisão com veículos (traseira)";0;0;3;1;0;2;0;0;0;0;6;0;1;0;0
"18/07/2023";"04:30:00";"282";"Acidente s";"35.624";"BR-163/MS";"NORTE";"Colisão com veículos (traseira)";0;0;2;0;0;1;0;0;0;0;4;0;0;0;0
"18/07/2023";"05:35:00";"296";"Acidente c";"75.271";"BR-163/MS";"NORTE";"Colisão com veículos (frontal)";0;0;3;0;0;2;0;0;0;0;2;6;0;0;0
"18/07/2023";"05:48:00";"298";"Acidente c";"482.434";"BR-163/MS";"NORTE";"Colisão lateral no mesmo sentido";1;0;0;1;0;0;0;0;0;0;1;1;0;0;0
"18/07/2023";"06:12:00";"305";"Acidente s";"252.585";"BR-163/MS";"SUL";"Outros";1;0;0;0;0;0;0;0;0;0;1;0;0;0;0
"19/07/2023";"05:27:00";"20";"Acidente s";"328.167";"BR-163/MS";"SUL";"Atropelamento de animais";1;0;0;0;0;0;0;0;0;0;1;0;0;0;0
"19/07/2023";"07:30:00";"81";"Acidente s";"475.295";"BR-163/MS";"NORTE";"Colisão lateral no sentido contrário";2;0;0;0;0;0;0;0;0;1;5;0;0;0;0
"19/07/2023";"11:18:00";"195";"Acidente c";"419.204";"BR-163/MS";"SUL";"Colisão lateral no sentido contrário";3;0;0;0;0;0;0;0;0;0;7;1;1;0;0
"19/07/2023";"02:48:00";"251";"Acidente c";"512.269";"BR-163/MS";"SUL";"Colisão com veículos (traseira)";0;0;2;0;0;2;0;0;0;0;3;0;0;1;0
"19/07/2023";"06:01:00";"297";"Acidente c";"464.884";"BR-163/MS";"NORTE";"Colisão com veículos (frontal)";1;0;0;1;0;0;0;0;0;0;2;0;0;1;0
"19/07/2023";"08:11:00";"339";"Acidente s";"216.406";"BR-163/MS";"SUL";"Colisão c/ obstáculos";0;0;1;0;0;0;0;0;0;0;1;0;0;0;0
"19/07/2023";"08:53:00";"345";"Acidente s";"227.134";"BR-163/MS";"NORTE";"Atropelamento de animais";1;0;0;0;0;0;0;0;0;0;4;0;0;0;0
"20/07/2023";"07:35:00";"324";"Acidente s";"690.982";"BR-163/MS";"NORTE";"Atropelamento de animais";1;0;0;0;0;0;0;0;0;0;5;0;0;0;0
"20/07/2023";"09:22:00";"342";"Acidente s";"315.737";"BR-163/MS";"SUL";"Colisão c/ obstáculos";1;0;0;0;0;0;0;0;0;0;1;0;0;0;0
"20/07/2023";"11:28:00";"381";"Acidente c";"195.202";"BR-163/MS";"NORTE";"Colisão com veículos (traseira)";0;0;3;0;0;4;0;0;0;0;7;0;0;0;2
"20/07/2023";"11:50:00";"394";"Acidente s";"538.256";"BR-163/MS";"SUL";"Atropelamento de animais";0;0;0;0;0;0;0;0;0;1;1;0;0;0;0
"21/07/2023";"08:55:00";"134";"Acidente s";"503.73";"BR-163/MS";"SUL";"Colisão com veículos (traseira)";2;0;0;0;0;0;0;0;0;0;4;0;0;0;0
"21/07/2023";"10:16:00";"158";"Acidente c";"181.648";"BR-163/MS";"NORTE";"Colisão com veículos (frontal)";0;0;2;0;0;4;0;0;0;0;5;1;0;0;0
"21/07/2023";"02:30:00";"233";"Acidente s";"59.571";"BR-163/MS";"SUL";"Tombamento";0;0;1;0;0;2;0;0;0;0;3;0;0;0;0
"21/07/2023";"02:49:00";"240";"Acidente c";"63.272";"BR-163/MS";"NORTE";"Colisão com veículos (frontal)";1;0;1;0;0;2;0;0;0;0;3;0;0;0;1
"21/07/2023";"03:49:00";"254";"Acidente s";"600.781";"BR-163/MS";"NORTE";"Colisão com veículos (traseira)";0;0;2;0;0;0;0;0;0;0;2;0;0;0;0
"21/07/2023";"04:24:00";"262";"Acidente s";"131.29";"BR-163/MS";"NORTE";"Colisão lateral no sentido contrário";0;0;2;0;0;1;0;0;0;1;7;0;0;0;0
"21/07/2023";"04:33:00";"266";"Acidente c";"831.685";"BR-163/MS";"SUL";"Colisão lateral no sentido contrário";1;0;1;0;0;1;0;0;0;0;5;4;0;0;0
"21/07/2023";"05:06:00";"273";"Acidente c";"484.834";"BR-163/MS";"NORTE";"Tombamento de moto";0;0;0;1;0;0;0;0;0;0;0;1;0;0;0
"21/07/2023";"06:36:00";"296";"Acidente s";"614.872";"BR-163/MS";"NORTE";"Engavetamento";2;0;0;0;0;0;0;0;0;1;5;0;0;0;0
"21/07/2023";"09:21:00";"336";"Acidente s";"8.117";"BR-163/MS";"SUL";"Colisão c/ obstáculos";0;0;0;0;0;0;0;0;0;1;3;0;0;0;0
"22/07/2023";"06:56:00";"37";"Acidente c";"261.304";"BR-163/MS";"NORTE";"Tombamento de moto";0;0;0;1;0;0;0;0;0;0;0;1;0;0;0
"22/07/2023";"07:09:00";"59";"Acidente c";"698.255";"BR-163/MS";"NORTE";"Capotamento";1;0;0;0;0;0;0;0;0;0;0;1;0;0;0
"22/07/2023";"12:11:00";"162";"Acidente s";"355.835";"BR-163/MS";"SUL";"Saídas de pista";1;0;0;0;0;0;0;0;0;0;2;0;0;0;0
"22/07/2023";"07:02:00";"270";"Atropelame";"21.8";"BR-163/MS";"SUL";"Atropelamento de pedestre";0;0;0;1;0;0;0;0;0;0;1;1;0;1;0
"22/07/2023";"10:09:00";"313";"Acidente s";"495.163";"BR-163/MS";"SUL";"Saídas de pista";1;0;0;0;0;0;0;0;0;0;2;0;0;0;0
"23/07/2023";"02:52:00";"12";"Acidente s";"281.452";"BR-163/MS";"NORTE";"Saídas de pista";1;0;0;0;0;0;0;0;0;0;1;0;0;0;0
"23/07/2023";"07:12:00";"29";"Acidente c";"280.165";"BR-163/MS";"NORTE";"Tombamento";0;1;0;0;0;0;0;0;0;0;0;1;0;0;0
"23/07/2023";"08:46:00";"81";"Acidente c";"124.399";"BR-163/MS";"NORTE";"Tombamento";0;0;1;0;0;1;0;0;0;0;1;1;0;0;0
"23/07/2023";"11:58:00";"129";"Acidente s";"481.104";"BR-163/MS";"SUL";"Capotamento";0;0;1;0;0;0;0;0;0;0;2;0;0;0;0
"24/07/2023";"05:11:00";"18";"Acidente s";"380.171";"BR-163/MS";"SUL";"Saídas de pista";0;0;1;0;0;0;0;0;0;0;1;0;0;0;0
"24/07/2023";"06:46:00";"36";"Acidente s";"261.404";"BR-163/MS";"NORTE";"Saídas de pista";1;0;0;0;0;0;0;0;0;0;1;0;0;0;0
"24/07/2023";"07:58:00";"75";"Acidente c";"483.104";"BR-163/MS";"NORTE";"Colisão lateral no mesmo sentido";0;0;1;1;0;2;0;0;0;0;3;1;0;0;0
"24/07/2023";"08:12:00";"82";"Acidente c";"745.427";"BR-163/MS";"NORTE";"Tombamento de moto";0;0;0;1;0;0;0;0;0;0;1;1;0;0;0
"24/07/2023";"08:13:00";"83";"Acidente s";"484.397";"BR-163/MS";"SUL";"Colisão com veículos (traseira)";2;0;0;0;0;0;0;0;0;0;2;0;0;0;0
"24/07/2023";"08:37:00";"91";"Acidente s";"484.397";"BR-163/MS";"SUL";"Colisão lateral no sentido contrário";2;0;0;0;0;0;0;0;0;1;5;0;0;0;0
"24/07/2023";"05:22:00";"305";"Acidente s";"485.921";"BR-163/MS";"SUL";"Colisão com veículos (traseira)";0;0;0;0;0;0;0;0;0;2;2;0;0;0;0
"25/07/2023";"03:44:00";"16";"Acidente s";"379.586";"BR-163/MS";"SUL";"Saídas de pista";1;0;0;0;0;0;0;0;0;0;3;0;0;0;0
"25/07/2023";"10:09:00";"154";"Acidente c";"1.968";"BR-163/MS";"SUL";"Colisão com veículos (traseira)";1;0;0;0;0;0;0;0;0;1;2;1;1;0;0
"25/07/2023";"03:43:00";"250";"Acidente c";"483.623";"BR-163/MS";"NORTE";"Engavetamento";0;0;3;0;0;0;0;0;0;0;3;0;1;0;0
"25/07/2023";"04:33:00";"272";"Acidente s";"17.988";"BR-163/MS";"NORTE";"Colisão com veículos (traseira)";1;0;0;0;0;0;0;0;0;1;2;0;0;0;0
"25/07/2023";"04:49:00";"278";"Acidente s";"783.917";"BR-163/MS";"NORTE";"Colisão c/ obstáculos";0;0;2;0;0;2;0;0;0;0;5;0;0;0;0
"25/07/2023";"06:05:00";"296";"Acidente c";"9.842";"BR-163/MS";"SUL";"Colisão com veículos (frontal)";0;1;0;1;0;0;0;0;0;0;0;2;0;0;0
"25/07/2023";"07:09:00";"306";"Acidente c";"339.8";"BR-163/MS";"NORTE";"Colisão com veículos (frontal)";1;0;0;0;0;0;0;0;0;1;0;1;0;0;1
"25/07/2023";"07:40:00";"312";"Acidente s";"654.57";"BR-163/MS";"NORTE";"Atropelamento de animais";1;0;0;0;0;0;0;0;0;0;1;0;0;0;0
"26/07/2023";"12:08:00";"1";"Acidente s";"789.327";"BR-163/MS";"NORTE";"Tombamento";0;0;1;0;0;1;0;0;0;0;3;0;0;0;0
"26/07/2023";"06:38:00";"23";"Acidente c";"253.479";"BR-163/MS";"SUL";"Tombamento de moto";0;0;0;1;0;1;0;0;0;0;1;1;0;0;0
"26/07/2023";"11:02:00";"149";"Acidente s";"256.58";"BR-163/MS";"SUL";"Colisão com veículos (traseira)";1;0;1;0;0;0;0;0;0;0;5;0;0;0;0
"26/07/2023";"01:01:00";"187";"Acidente s";"57.827";"BR-163/MS";"NORTE";"Saídas de pista";0;0;0;0;0;0;0;0;0;1;1;0;0;0;0
"26/07/2023";"11:47:00";"422";"Acidente s";"757.582";"BR-163/MS";"NORTE";"Atropelamento de animais";0;0;0;0;1;0;0;0;0;0;11;0;0;0;0
"27/07/2023";"04:58:00";"16";"Acidente s";"379.665";"BR-163/MS";"NORTE";"Atropelamento de animais";0;0;0;0;0;0;0;0;0;1;3;0;0;0;0
"27/07/2023";"06:55:00";"67";"Acidente s";"272.94";"BR-163/MS";"NORTE";"Tombamento";0;0;1;0;0;2;0;0;0;0;3;0;0;0;0
"27/07/2023";"04:34:00";"283";"Acidente s";"575.356";"BR-163/MS";"NORTE";"Colisão lateral no sentido contrário";1;0;1;0;0;2;0;0;0;0;4;0;0;0;0
"27/07/2023";"07:12:00";"325";"Acidente s";"155.832";"BR-163/MS";"SUL";"Atropelamento de animais";1;0;0;0;0;0;0;0;0;0;1;0;0;0;0
"28/07/2023";"03:45:00";"25";"Acidente s";"586.4";"BR-163/MS";"NORTE";"Saídas de pista";0;0;1;0;0;1;0;0;0;0;2;0;0;0;0
"28/07/2023";"04:51:00";"29";"Acidente c";"341.771";"BR-163/MS";"NORTE";"Colisão com veículos (traseira)";0;0;2;0;0;2;0;0;0;0;4;0;0;1;0
"28/07/2023";"05:37:00";"34";"Acidente c";"658";"BR-163/MS";"NORTE";"Colisão lateral no mesmo sentido";0;0;0;2;0;0;0;0;0;0;1;1;0;0;0
"28/07/2023";"08:51:00";"158";"Acidente s";"674.912";"BR-163/MS";"NORTE";"Colisão lateral no mesmo sentido";0;0;2;0;0;1;0;0;0;0;9;0;0;0;0
"28/07/2023";"03:35:00";"262";"Acidente s";"179.807";"BR-163/MS";"NORTE";"Colisão lateral no sentido contrário";1;0;1;0;0;2;0;0;0;0;6;0;0;0;0
"28/07/2023";"04:03:00";"268";"Acidente c";"458.128";"BR-163/MS";"NORTE";"Colisão lateral no sentido contrário";1;0;0;1;0;0;0;0;0;0;2;0;1;0;0
"28/07/2023";"04:18:00";"269";"Acidente c";"484.386";"BR-163/MS";"NORTE";"Colisão lateral no mesmo sentido";1;0;0;1;0;0;0;0;0;0;1;1;0;0;0
"28/07/2023";"04:46:00";"275";"Acidente s";"78.536";"BR-163/MS";"NORTE";"Colisão lateral no sentido contrário";1;0;1;0;0;2;0;0;0;0;4;0;0;0;0
"28/07/2023";"11:22:00";"346";"Acidente s";"43.5";"BR-163/MS";"SUL";"Saídas de pista";0;0;0;0;0;0;0;0;0;1;1;0;0;0;0
"29/07/2023";"03:29:00";"17";"Acidente s";"69.318";"BR-163/MS";"NORTE";"Capotamento";1;0;0;0;0;0;0;0;0;0;2;0;0;0;0
"29/07/2023";"06:22:00";"31";"Acidente c";"717.15";"BR-163/MS";"NORTE";"Colisão lateral no mesmo sentido";1;0;1;0;0;1;0;0;0;0;2;1;0;0;0
"29/07/2023";"07:44:00";"75";"Acidente s";"187.682";"BR-163/MS";"SUL";"Capotamento";0;0;0;0;0;0;0;0;0;1;1;0;0;0;0
"29/07/2023";"08:58:00";"101";"Acidente c";"476.294";"BR-163/MS";"NORTE";"Colisão lateral no mesmo sentido";0;0;1;2;0;0;0;0;0;0;2;1;0;0;0
"29/07/2023";"09:00:00";"103";"Acidente c";"473.699";"BR-163/MS";"NORTE";"Colisão com veículos (traseira)";0;0;2;0;0;0;0;0;0;0;1;1;0;0;0
"29/07/2023";"11:24:00";"137";"Acidente s";"0.268";"BR-163/MS";"NORTE";"Tombamento";0;0;1;0;0;1;0;0;0;0;2;0;0;0;0
"29/07/2023";"01:50:00";"165";"Acidente s";"137.873";"BR-163/MS";"NORTE";"Capotamento";1;0;0;0;0;0;0;0;0;0;2;0;0;0;0
"29/07/2023";"06:39:00";"302";"Acidente s";"558.876";"BR-163/MS";"SUL";"Atropelamento de animais";0;0;1;0;0;1;0;0;0;0;2;0;0;0;0
"30/07/2023";"02:29:00";"8";"Acidente s";"209.426";"BR-163/MS";"NORTE";"Colisão c/ obstáculos";0;0;0;0;0;0;0;0;0;1;1;0;0;0;0
"30/07/2023";"02:43:00";"9";"Acidente c";"479.341";"BR-163/MS";"NORTE";"Colisão com veículos (traseira)";1;0;0;1;0;0;0;0;0;0;1;0;0;1;1
"30/07/2023";"03:33:00";"11";"Acidente s";"262.911";"BR-163/MS";"NORTE";"Saídas de pista";1;0;0;0;0;0;0;0;0;0;1;0;0;0;0
"30/07/2023";"05:41:00";"17";"Acidente s";"451.945";"BR-163/MS";"NORTE";"Atropelamento de animais";0;0;0;0;0;0;0;0;0;1;2;0;0;0;0
"30/07/2023";"07:01:00";"229";"Acidente s";"426.76";"BR-163/MS";"NORTE";"Colisão c/ obstáculos";0;0;0;0;0;0;0;0;0;1;2;0;0;0;0
"30/07/2023";"07:14:00";"236";"Acidente s";"426.76";"BR-163/MS";"SUL";"Atropelamento de animais";1;0;0;0;0;0;0;0;0;0;2;0;0;0;0
"30/07/2023";"09:26:00";"319";"Acidente c";"525.459";"BR-163/MS";"NORTE";"Atropelamento de animais";0;0;0;0;0;0;0;0;0;1;1;1;0;0;0
"31/07/2023";"03:37:00";"239";"Acidente c";"400.568";"BR-163/MS";"NORTE";"Colisão lateral no mesmo sentido";1;0;1;0;0;0;0;0;0;1;3;1;0;0;0
"31/07/2023";"05:00:00";"259";"Acidente s";"400.872";"BR-163/MS";"SUL";"Colisão com veículos (traseira)";1;0;0;0;0;0;0;0;0;1;3;0;0;0;0
"31/07/2023";"06:08:00";"271";"Acidente s";"661.425";"BR-163/MS";"NORTE";"Tombamento";0;0;1;0;0;1;0;0;0;0;2;0;0;0;0
"31/07/2023";"06:25:00";"273";"Acidente s";"139.902";"BR-163/MS";"NORTE";"Atropelamento de animais";1;0;0;0;0;0;0;0;0;0;2;0;0;0;0
"31/07/2023";"07:03:00";"279";"Acidente s";"431.973";"BR-163/MS";"NORTE";"Colisão c/ obstáculos";1;0;0;0;0;0;0;0;0;0;3;0;0;0;0
"01/08/2023";"12:57:00";"5";"Acidente s";"390.278";"BR-163/MS";"SUL";"Atropelamento de animais";1;0;0;0;0;0;0;0;0;0;1;0;0;0;0
"01/08/2023";"06:53:00";"48";"Acidente c";"188.213";"BR-163/MS";"SUL";"Saídas de pista";1;0;0;0;0;1;0;0;0;1;5;1;0;0;0
"01/08/2023";"07:23:00";"76";"Acidente s";"398.5";"BR-163/MS";"SUL";"Colisão com veículos (traseira)";0;0;2;0;0;4;0;0;0;0;6;0;0;0;0
"01/08/2023";"08:10:00";"115";"Acidente s";"341.7";"BR-163/MS";"SUL";"Colisão com veículos (traseira)";2;0;0;0;0;0;0;0;0;0;3;0;0;0;0
"01/08/2023";"08:36:00";"122";"Acidente c";"475.625";"BR-163/MS";"NORTE";"Colisão com veículos (traseira)";0;0;1;1;0;2;0;0;0;0;3;1;0;0;0
"01/08/2023";"09:02:00";"130";"Acidente s";"124";"BR-163/MS";"SUL";"Saídas de pista";1;0;0;0;0;0;0;0;0;0;2;0;0;0;0
"01/08/2023";"09:15:00";"147";"Acidente s";"477.208";"BR-163/MS";"SUL";"Colisão com veículos (traseira)";1;0;0;0;0;1;0;0;0;0;2;0;0;0;0
"01/08/2023";"01:04:00";"208";"Acidente s";"615.655";"BR-163/MS";"NORTE";"Colisão lateral no sentido contrário";1;0;0;1;0;0;0;0;0;0;2;0;0;0;0
"02/08/2023";"01:18:00";"207";"Acidente c";"251.217";"BR-163/MS";"SUL";"Engavetamento";0;0;3;0;0;3;0;0;0;0;4;2;0;0;0
"02/08/2023";"04:59:00";"269";"Acidente c";"655.182";"BR-163/MS";"SUL";"Tombamento";0;0;1;0;0;1;0;0;0;0;1;1;0;0;0
"02/08/2023";"07:08:00";"296";"Atropelame";"265.908";"BR-163/MS";"SUL";"Atropelamento de pedestre";0;0;0;0;0;1;0;0;0;0;1;0;0;1;0
"03/08/2023";"05:04:00";"26";"Acidente s";"820.161";"BR-163/MS";"SUL";"Atropelamento de animais";0;0;0;0;0;0;0;0;0;1;1;0;0;0;0
"03/08/2023";"10:52:00";"192";"Acidente s";"839.196";"BR-163/MS";"SUL";"Colisão com veículos (traseira)";1;0;1;0;0;0;0;0;0;0;6;0;0;0;0
"03/08/2023";"11:18:00";"202";"Acidente c";"818.39";"BR-163/MS";"NORTE";"Colisão com veículos (traseira)";0;0;0;0;1;0;0;0;0;1;0;46;0;0;0
"03/08/2023";"02:04:00";"236";"Acidente s";"481.5";"BR-163/MS";"SUL";"Saídas de pista";0;0;0;0;0;0;0;0;0;1;2;0;0;0;0
"03/08/2023";"07:02:00";"313";"Acidente c";"280.556";"BR-163/MS";"SUL";"Colisão com veículos (traseira)";1;0;0;1;0;0;0;0;0;0;1;1;0;0;0
"03/08/2023";"08:38:00";"345";"Acidente s";"791.6";"BR-163/MS";"SUL";"Atropelamento de animais";0;0;0;0;0;0;0;0;0;1;1;0;0;0;0
"03/08/2023";"10:58:00";"366";"Acidente c";"258.412";"BR-163/MS";"NORTE";"Colisão c/ obstáculos";0;0;0;1;0;1;0;0;0;0;1;1;0;0;0
"04/08/2023";"10:03:00";"152";"Acidente s";"478.9";"BR-163/MS";"SUL";"Colisão com veículos (traseira)";1;0;0;1;0;0;0;0;0;0;4;0;0;0;0