data;horario;n_da_ocorrencia;tipo_de_ocorrencia;km;trecho;sentido;tipo_de_acidente;automovel;bicicleta;caminhao;moto;onibus;outros;tracao_animal;transporte_de_cargas_especiais;trator_maquinas;utilitarios;ilesos;levemente_feridos;moderadamente_feridos;gravemente_feridos;mortos
"04/09/2023";"10:31:00";"151";"Acidente s";"484.943";"BR-163/MS";"SUL";"Colisão c/ obstáculos";0;0;0;0;0;0;0;0;0;2;2;0;0;0;0
"04/09/2023";"01:48:00";"189";"Acidente s";"103.647";"BR-163/MS";"NORTE";"Tombamento";0;0;1;0;0;0;0;0;0;0;1;0;0;0;0
"04/09/2023";"06:46:00";"268";"Acidente s";"495.541";"BR-163/MS";"NORTE";"Tombamento de moto";0;0;0;1;0;0;0;0;0;0;2;0;0;0;0
"05/09/2023";"06:19:00";"45";"Acidente c";"466.15";"BR-163/MS";"SUL";"Tombamento";0;0;1;0;0;2;0;0;0;0;2;1;0;0;0
"05/09/2023";"09:43:00";"161";"Acidente s";"511.397";"BR-163/MS";"NORTE";"Saídas de pista";0;0;0;0;0;0;0;0;0;1;2;0;0;0;0
"05/09/2023";"09:56:00";"332";"Atropelame";"280";"BR-163/MS";"NORTE";"Atropelamento de pedestre";0;0;0;0;0;0;0;0;0;1;1;0;0;1;0
"06/09/2023";"05:26:00";"46";"Acidente c";"608.815";"BR-163/MS";"NORTE";"Saídas de pista";0;0;0;0;0;0;0;0;0;1;0;1;0;0;0
"06/09/2023";"08:50:00";"157";"Acidente s";"171.663";"BR-163/MS";"SUL";"Colisão lateral no sentido contrário";0;0;0;1;0;0;0;0;0;1;2;0;0;0;0
"06/09/2023";"11:07:00";"208";"Acidente c";"442.429";"BR-163/MS";"NORTE";"Tombamento";0;0;1;0;0;1;0;0;0;0;1;0;2;0;0
"06/09/2023";"06:02:00";"302";"Acidente s";"488.809";"BR-163/MS";"SUL";"Engavetamento";0;0;3;0;0;5;0;0;0;0;9;0;0;0;0
"06/09/2023";"09:02:00";"347";"Acidente s";"539.537";"BR-163/MS";"SUL";"Atropelamento de animais";1;0;0;0;0;0;0;0;0;0;1;0;0;0;0
"06/09/2023";"09:14:00";"353";"Acidente s";"205.634";"BR-163/MS";"NORTE";"Atropelamento de animais";0;0;0;0;0;0;0;0;0;1;2;0;0;0;0
"06/09/2023";"11:01:00";"385";"Acidente c";"466.592";"BR-163/MS";"NORTE";"Colisão lateral no sentido contrário";0;0;1;1;0;1;0;0;0;0;2;0;0;1;0
"07/09/2023";"06:37:00";"48";"Acidente s";"245.634";"BR-163/MS";"SUL";"Saídas de pista";0;0;0;0;0;0;0;0;0;1;1;0;0;0;0
"07/09/2023";"09:46:00";"146";"Acidente s";"366.845";"BR-163/MS";"SUL";"Engavetamento";2;0;0;0;0;0;0;0;0;1;5;0;0;0;0
"07/09/2023";"11:11:00";"173";"Acidente s";"5.57";"BR-163/MS";"NORTE";"Engavetamento";1;0;0;0;0;2;0;0;0;0;5;0;0;0;0
"07/09/2023";"01:39:00";"206";"Acidente s";"360.457";"BR-163/MS";"SUL";"Atropelamento de animais";1;0;0;0;0;0;0;0;0;0;1;0;0;0;0
"07/09/2023";"06:27:00";"311";"Atropelame";"614.852";"BR-163/MS";"SUL";"Atropelamento de pedestre";0;0;0;0;0;0;0;0;0;1;2;0;1;0;0
"07/09/2023";"07:00:00";"332";"Acidente c";"781.794";"BR-163/MS";"SUL";"Colisão com veículos (frontal)";2;0;1;0;0;1;0;0;0;0;2;3;1;2;1
"08/09/2023";"09:22:00";"152";"Acidente c";"368.101";"BR-163/MS";"SUL";"Tombamento de moto";0;0;0;1;0;0;0;0;0;0;0;1;0;0;0
"08/09/2023";"12:04:00";"194";"Acidente c";"245.738";"BR-163/MS";"SUL";"Colisão com veículos (frontal)";1;0;1;0;0;1;0;0;0;0;1;1;0;0;1
"08/09/2023";"12:16:00";"197";"Acidente c";"647.638";"BR-163/MS";"SUL";"Tombamento";0;0;1;0;0;1;0;0;0;0;1;0;1;0;0
"08/09/2023";"08:29:00";"326";"Acidente s";"26.108";"BR-163/MS";"SUL";"Saídas de pista";0;0;1;0;0;0;0;0;0;0;1;0;0;0;0
"08/09/2023";"09:36:00";"339";"Acidente s";"6.347";"BR-163/MS";"SUL";"Saídas de pista";1;0;0;0;0;0;0;0;0;0;2;0;0;0;0
"09/09/2023";"04:13:00";"30";"Acidente s";"463.943";"BR-163/MS";"NORTE";"Colisão c/ obstáculos";0;0;2;0;0;0;0;0;0;0;2;0;0;0;0
"09/09/2023";"11:05:00";"131";"Acidente s";"466.426";"BR-163/MS";"NORTE";"Colisão com veículos (traseira)";1;0;0;0;0;0;0;0;0;1;3;0;0;0;0
"09/09/2023";"06:55:00";"232";"Acidente c";"206.329";"BR-163/MS";"SUL";"Tombamento de moto";0;0;0;1;0;0;0;0;0;0;0;1;0;0;0
"10/09/2023";"03:24:00";"161";"Acidente c";"124.9";"BR-163/MS";"NORTE";"Tombamento";0;0;1;0;0;2;0;0;0;0;3;1;0;0;0
"10/09/2023";"05:32:00";"206";"Acidente c";"256";"BR-163/MS";"NORTE";"Colisão lateral no mesmo sentido";0;1;0;0;0;0;0;0;0;0;0;1;0;0;0
"10/09/2023";"06:32:00";"222";"Acidente s";"470.879";"BR-163/MS";"NORTE";"Atropelamento de animais";0;0;1;0;0;2;0;0;0;0;4;0;0;0;0
"10/09/2023";"09:11:00";"287";"Acidente c";"615.631";"BR-163/MS";"NORTE";"Capotamento";1;0;0;0;0;1;0;0;0;0;1;1;0;0;0
"11/09/2023";"02:14:00";"25";"Acidente s";"128.665";"BR-163/MS";"NORTE";"Atropelamento de animais";1;0;0;0;0;0;0;0;0;0;3;0;0;0;0
"11/09/2023";"11:37:00";"201";"Acidente s";"661.607";"BR-163/MS";"NORTE";"Colisão c/ obstáculos";0;0;1;0;0;0;0;0;0;0;1;0;0;0;0
"12/09/2023";"06:14:00";"58";"Acidente c";"579.227";"BR-163/MS";"NORTE";"Colisão c/ obstáculos";1;0;0;0;0;0;0;0;0;0;0;1;0;0;0
"12/09/2023";"08:52:00";"169";"Acidente s";"463.118";"BR-163/MS";"SUL";"Tombamento";0;0;1;0;0;3;0;0;0;0;4;0;0;0;0
"12/09/2023";"01:32:00";"242";"Acidente c";"0.413";"BR-163/MS";"SUL";"Tombamento";0;0;1;0;0;1;0;0;0;0;1;1;0;0;0
"12/09/2023";"08:21:00";"362";"Acidente s";"328.304";"BR-163/MS";"SUL";"Atropelamento de animais";0;0;0;0;0;0;0;0;0;1;1;0;0;0;0
"13/09/2023";"09:16:00";"177";"Acidente c";"494.651";"BR-163/MS";"NORTE";"Tombamento de moto";0;0;0;1;0;0;0;0;0;0;0;0;1;0;0
"13/09/2023";"03:55:00";"283";"Acidente s";"199.69";"BR-163/MS";"NORTE";"Colisão lateral no mesmo sentido";0;0;1;0;0;1;0;0;0;1;3;0;0;0;0
"13/09/2023";"05:47:00";"300";"Acidente s";"19.717";"BR-163/MS";"NORTE";"Colisão com veículos (frontal)";1;0;0;0;0;1;0;0;0;0;2;0;0;0;0
"13/09/2023";"08:56:00";"368";"Acidente s";"603.143";"BR-163/MS";"SUL";"Colisão c/ obstáculos";0;0;0;0;0;0;0;0;0;1;2;0;0;0;0
"14/09/2023";"05:53:00";"36";"Acidente c";"831.683";"BR-163/MS";"SUL";"Colisão com veículos (traseira)";1;0;0;0;0;0;0;0;0;1;3;1;1;0;0
"14/09/2023";"06:33:00";"44";"Acidente c";"647.821";"BR-163/MS";"SUL";"Colisão com veículos (traseira)";0;0;0;0;0;1;0;0;0;2;3;2;0;0;0
"14/09/2023";"09:28:00";"150";"Acidente s";"265.105";"BR-163/MS";"SUL";"Colisão lateral no sentido contrário";0;0;1;0;0;0;0;0;0;1;4;0;0;0;0
"14/09/2023";"10:11:00";"165";"Acidente s";"78.472";"BR-163/MS";"SUL";"Colisão com veículos (traseira)";1;0;1;0;0;0;0;0;0;0;3;0;0;0;0
"15/09/2023";"10:13:00";"190";"Acidente s";"490.977";"BR-163/MS";"NORTE";"Colisão lateral no sentido contrário";1;0;1;0;0;0;0;0;0;0;2;0;0;0;0
"15/09/2023";"10:14:00";"191";"Acidente s";"280.286";"BR-163/MS";"NORTE";"Colisão com veículos (traseira)";1;0;0;0;0;0;0;0;0;1;6;0;0;0;0
"15/09/2023";"11:46:00";"214";"Acidente s";"4.548";"BR-163/MS";"NORTE";"Colisão com veículos (traseira)";0;0;0;0;0;0;0;0;0;2;5;0;0;0;0
"15/09/2023";"04:52:00";"277";"Acidente c";"176.45";"BR-163/MS";"NORTE";"Tombamento de moto";0;0;0;1;0;0;0;0;0;0;0;2;0;0;0
"15/09/2023";"07:12:00";"302";"Acidente s";"515.204";"BR-163/MS";"SUL";"Atropelamento de animais";1;0;0;0;0;0;0;0;0;0;1;0;0;0;0
"15/09/2023";"09:23:00";"361";"Acidente s";"430.566";"BR-163/MS";"SUL";"Capotamento";1;0;0;0;0;0;0;0;0;0;2;0;0;0;0
"16/09/2023";"09:46:00";"158";"Acidente c";"444.432";"BR-163/MS";"NORTE";"Tombamento";0;0;1;0;0;1;0;0;0;0;1;1;0;0;0
"16/09/2023";"10:03:00";"166";"Acidente c";"251.376";"BR-163/MS";"SUL";"Colisão com veículos (traseira)";1;0;1;0;0;0;0;0;0;0;4;1;0;0;0
"16/09/2023";"10:33:00";"178";"Acidente s";"564.343";"BR-163/MS";"NORTE";"Tombamento";0;0;1;0;0;1;0;0;0;0;2;0;0;0;0
"16/09/2023";"12:09:00";"199";"Acidente c";"97.656";"BR-163/MS";"SUL";"Tombamento";0;0;1;0;0;0;0;0;0;0;0;1;0;0;0
"16/09/2023";"04:42:00";"252";"Acidente c";"18.835";"BR-163/MS";"SUL";"Colisão lateral no sentido contrário";2;0;1;0;0;2;0;0;0;0;5;3;0;0;0
"16/09/2023";"05:38:00";"261";"Acidente c";"263.34";"BR-163/MS";"NORTE";"Tombamento de moto";0;0;0;1;0;0;0;0;0;0;0;1;0;0;0
"17/09/2023";"05:26:00";"35";"Acidente c";"242.84";"BR-163/MS";"SUL";"Tombamento de moto";0;0;0;1;0;0;0;0;0;0;0;1;0;0;0
"17/09/2023";"11:15:00";"131";"Acidente c";"1.752";"BR-163/MS";"SUL";"Tombamento";0;1;0;0;0;0;0;0;0;0;0;1;0;0;0
"17/09/2023";"01:37:00";"155";"Acidente s";"506.502";"BR-163/MS";"NORTE";"Colisão lateral no mesmo sentido";0;0;2;0;0;3;0;0;0;0;6;0;0;0;0
"17/09/2023";"05:17:00";"206";"Acidente s";"750.392";"BR-163/MS";"NORTE";"Colisão lateral no mesmo sentido";0;0;1;0;0;2;0;0;0;1;5;0;0;0;0
"17/09/2023";"07:55:00";"268";"Acidente s";"137.306";"BR-163/MS";"NORTE";"Tombamento";0;0;1;0;0;1;0;0;0;0;2;0;0;0;0
"18/09/2023";"03:26:00";"29";"Acidente s";"832.498";"BR-163/MS";"NORTE";"Atropelamento de animais";1;0;0;0;0;0;0;0;0;0;4;0;0;0;0
"18/09/2023";"07:39:00";"124";"Acidente s";"523.261";"BR-163/MS";"NORTE";"Saídas de pista";0;0;1;0;0;0;0;0;0;0;1;0;0;0;0
"18/09/2023";"03:51:00";"282";"Acidente s";"470.79";"BR-163/MS";"NORTE";"Colisão com veículos (traseira)";1;0;1;0;0;1;0;0;0;0;4;0;0;0;0
"18/09/2023";"03:53:00";"280";"Acidente s";"101.244";"BR-163/MS";"NORTE";"Colisão com veículos (traseira)";1;0;1;0;0;1;0;0;0;0;5;0;0;0;0
"18/09/2023";"06:20:00";"313";"Acidente c";"175.521";"BR-163/MS";"SUL";"Colisão lateral no mesmo sentido";1;0;1;0;0;0;0;0;0;0;1;0;1;0;0
"18/09/2023";"07:25:00";"352";"Acidente c";"687.423";"BR-163/MS";"SUL";"Capotamento";1;0;0;0;0;0;0;0;0;0;1;0;4;0;0
"19/09/2023";"07:36:00";"112";"Acidente c";"251.85";"BR-163/MS";"SUL";"Colisão lateral no sentido contrário";0;0;0;1;0;0;0;0;0;1;2;1;0;0;0
"19/09/2023";"08:09:00";"140";"Acidente s";"475.759";"BR-163/MS";"NORTE";"Colisão lateral no sentido contrário";1;0;1;0;0;0;0;0;0;0;3;0;0;0;0
"19/09/2023";"08:52:00";"166";"Acidente s";"191.423";"BR-163/MS";"NORTE";"Colisão com veículos (traseira)";1;0;0;0;0;0;0;0;0;0;2;0;0;0;0
"19/09/2023";"09:50:00";"193";"Acidente s";"574.732";"BR-163/MS";"NORTE";"Colisão com veículos (traseira)";1;0;0;0;1;0;0;0;0;0;28;0;0;0;0
"19/09/2023";"10:03:00";"201";"Acidente s";"574.362";"BR-163/MS";"NORTE";"Engavetamento";1;0;1;0;0;0;0;0;0;1;3;0;0;0;0
"19/09/2023";"10:20:00";"206";"Acidente s";"245.5";"BR-163/MS";"NORTE";"Colisão com veículos (traseira)";0;0;1;0;0;0;0;0;0;1;2;0;0;0;0
"19/09/2023";"04:35:00";"299";"Acidente c";"534.677";"BR-163/MS";"SUL";"Tombamento de moto";0;0;0;1;0;0;0;0;0;0;0;1;0;0;0
"19/09/2023";"06:48:00";"332";"Acidente s";"366.479";"BR-163/MS";"SUL";"Colisão com veículos (traseira)";2;0;0;0;0;0;0;0;0;0;4;0;0;0;0
"19/09/2023";"07:35:00";"342";"Acidente s";"443.177";"BR-163/MS";"NORTE";"Atropelamento de animais";1;0;0;0;0;0;0;0;0;0;2;0;0;0;0
"20/09/2023";"02:42:00";"25";"Acidente s";"463.645";"BR-163/MS";"SUL";"Atropelamento de animais";1;0;0;0;0;0;0;0;0;0;4;0;0;0;0
"20/09/2023";"07:04:00";"83";"Acidente s";"799.658";"BR-163/MS";"SUL";"Tombamento";0;0;1;0;0;0;0;0;0;0;1;0;0;0;0
"20/09/2023";"10:51:00";"174";"Acidente s";"136.547";"BR-163/MS";"NORTE";"Colisão com veículos (traseira)";0;0;2;0;0;0;0;0;0;0;3;0;0;0;0
"21/09/2023";"01:12:00";"17";"Acidente s";"303.146";"BR-163/MS";"NORTE";"Atropelamento de animais";0;0;1;0;0;0;0;0;0;0;1;0;0;0;0
"21/09/2023";"05:38:00";"300";"Acidente c";"373.319";"BR-163/MS";"NORTE";"Tombamento";0;0;2;0;0;1;0;0;0;0;2;1;0;0;0
"21/09/2023";"05:55:00";"303";"Acidente s";"484.575";"BR-163/MS";"NORTE";"Colisão lateral no sentido contrário";0;1;0;1;0;0;0;0;0;0;2;0;0;0;0
"21/09/2023";"07:02:00";"340";"Acidente s";"105.257";"BR-163/MS";"NORTE";"Outros";0;0;0;0;0;0;0;0;0;1;2;0;0;0;0
"22/09/2023";"02:12:00";"24";"Acidente s";"344.353";"BR-163/MS";"SUL";"Atropelamento de animais";1;0;0;0;0;0;0;0;0;0;2;0;0;0;0
"22/09/2023";"02:31:00";"26";"Acidente s";"474.128";"BR-163/MS";"NORTE";"Saídas de pista";1;0;0;0;0;0;0;0;0;0;1;0;0;0;0
"22/09/2023";"07:37:00";"94";"Acidente s";"212.837";"BR-163/MS";"SUL";"Engavetamento";1;0;0;0;0;0;0;0;0;2;4;0;0;0;0
"22/09/2023";"03:28:00";"245";"Acidente c";"216.815";"BR-163/MS";"NORTE";"Engavetamento";2;0;0;0;0;1;0;0;0;0;2;3;0;0;0
"22/09/2023";"05:46:00";"282";"Acidente s";"341.197";"BR-163/MS";"SUL";"Colisão lateral no mesmo sentido";1;0;0;0;0;0;0;0;0;1;2;0;0;0;0
"22/09/2023";"08:26:00";"336";"Acidente s";"500.67";"BR-163/MS";"SUL";"Saídas de pista";0;0;0;0;0;0;0;0;0;1;1;0;0;0;0
"22/09/2023";"10:47:00";"367";"Acidente c";"524.958";"BR-163/MS";"NORTE";"Tombamento";0;1;0;0;0;0;0;0;0;0;0;1;0;0;0
"23/09/2023";"03:39:00";"32";"Acidente s";"427.283";"BR-163/MS";"SUL";"Atropelamento de animais";1;0;0;0;0;0;0;0;0;0;1;0;0;0;0
"24/09/2023";"02:17:00";"17";"Acidente c";"232.628";"BR-163/MS";"NORTE";"Capotamento";1;0;0;0;0;0;0;0;0;0;1;1;0;0;0
"24/09/2023";"04:14:00";"30";"Acidente s";"601.919";"BR-163/MS";"SUL";"Saídas de pista";1;0;0;0;0;0;0;0;0;0;4;0;0;0;0
"24/09/2023";"04:36:00";"34";"Acidente s";"74.279";"BR-163/MS";"SUL";"Colisão com veículos (traseira)";1;0;0;0;0;1;0;0;0;0;2;0;0;0;0
"24/09/2023";"09:07:00";"103";"Acidente s";"505.199";"BR-163/MS";"SUL";"Saídas de pista";1;0;0;0;0;0;0;0;0;0;1;0;0;0;0
"24/09/2023";"03:07:00";"179";"Acidente s";"502.822";"BR-163/MS";"NORTE";"Tombamento";0;0;1;0;0;0;0;0;0;0;1;0;0;0;0
"24/09/2023";"03:43:00";"192";"Acidente s";"103.773";"BR-163/MS";"SUL";"Tombamento";0;0;1;0;0;1;0;0;0;0;2;0;0;0;0
"24/09/2023";"05:06:00";"208";"Acidente s";"207.684";"BR-163/MS";"NORTE";"Tombamento de moto";0;0;0;1;0;0;0;0;0;0;1;0;0;0;0
"24/09/2023";"10:11:00";"268";"Acidente s";"69.344";"BR-163/MS";"NORTE";"Tombamento";0;0;1;0;0;1;0;0;0;0;2;0;0;0;0
"25/09/2023";"03:49:00";"33";"Acidente s";"115.497";"BR-163/MS";"NORTE";"Atropelamento de animais";0;0;1;0;0;1;0;0;0;0;2;0;0;0;0
"25/09/2023";"07:29:00";"91";"Acidente s";"313.725";"BR-163/MS";"SUL";"Colisão com veículos (traseira)";0;0;2;0;0;0;0;0;0;0;3;0;0;0;0
"25/09/2023";"03:20:00";"242";"Acidente c";"582.728";"BR-163/MS";"NORTE";"Capotamento";1;0;0;0;0;0;0;0;0;0;2;0;1;0;0
"26/09/2023";"12:14:00";"239";"Acidente c";"486.716";"BR-163/MS";"NORTE";"Colisão com veículos (traseira)";1;0;0;0;0;0;0;0;0;1;1;1;0;0;0
"26/09/2023";"01:21:00";"260";"Acidente c";"67.884";"BR-163/MS";"SUL";"Colisão c/ obstáculos";1;0;1;0;0;1;0;0;0;0;3;0;0;1;0
"26/09/2023";"02:14:00";"273";"Acidente s";"417.651";"BR-163/MS";"NORTE";"Tombamento";0;0;0;0;1;0;0;0;0;0;1;0;0;0;0
"26/09/2023";"03:33:00";"289";"Acidente c";"840.845";"BR-163/MS";"NORTE";"Tombamento de moto";0;0;0;1;0;0;0;0;0;0;0;1;0;0;0
"26/09/2023";"07:52:00";"371";"Acidente s";"502";"BR-163/MS";"NORTE";"Atropelamento de animais";1;0;0;0;0;0;0;0;0;0;3;0;0;0;0
"26/09/2023";"09:44:00";"397";"Acidente c";"540.355";"BR-163/MS";"NORTE";"Colisão com veículos (traseira)";1;0;0;0;0;0;0;0;0;1;2;2;0;0;0
"26/09/2023";"10:00:00";"399";"Acidente s";"144.347";"BR-163/MS";"NORTE";"Capotamento";1;0;0;0;0;0;0;0;0;0;2;0;0;0;0
"27/09/2023";"10:05:00";"180";"Acidente s";"657.5";"BR-163/MS";"SUL";"Tombamento";0;0;1;0;0;1;0;0;0;0;2;0;0;0;0
"27/09/2023";"01:25:00";"224";"Acidente c";"479.175";"BR-163/MS";"NORTE";"Colisão lateral no sentido contrário";1;0;1;0;0;0;0;0;0;0;1;0;1;0;0
"27/09/2023";"06:23:00";"280";"Acidente c";"486.597";"BR-163/MS";"SUL";"Colisão lateral no sentido contrário";1;0;1;0;0;0;0;0;0;0;2;0;0;1;0
"27/09/2023";"08:34:00";"305";"Acidente s";"132.317";"BR-163/MS";"NORTE";"Atropelamento de animais";0;0;1;0;0;1;0;0;0;0;2;0;0;0;0
"28/09/2023";"05:40:00";"41";"Acidente s";"134.37";"BR-163/MS";"SUL";"Saídas de pista";0;0;1;0;0;1;0;0;0;0;2;0;0;0;0
"28/09/2023";"07:49:00";"112";"Acidente s";"501.167";"BR-163/MS";"NORTE";"Capotamento";1;0;0;0;0;0;0;0;0;0;1;0;0;0;0
"28/09/2023";"09:14:00";"150";"Acidente s";"446";"BR-163/MS";"NORTE";"Outros";0;0;1;0;0;0;0;0;0;0;1;0;0;0;0
"28/09/2023";"12:42:00";"200";"Acidente c";"102.123";"BR-163/MS";"NORTE";"Saídas de pista";1;0;0;0;1;0;0;0;0;0;23;1;0;0;0
"28/09/2023";"01:13:00";"209";"Acidente c";"680.939";"BR-163/MS";"NORTE";"Colisão lateral no mesmo sentido";0;0;1;1;0;0;0;0;0;0;1;1;0;0;0
"28/09/2023";"02:03:00";"214";"Acidente s";"470.85";"BR-163/MS";"SUL";"Colisão com veículos (traseira)";0;0;2;0;0;1;0;0;0;0;5;0;0;0;0
"29/09/2023";"06:48:00";"94";"Acidente s";"215.826";"BR-163/MS";"SUL";"Colisão lateral no sentido contrário";0;0;2;0;0;0;0;0;0;1;5;0;0;0;0
"29/09/2023";"01:12:00";"251";"Acidente s";"113.642";"BR-163/MS";"NORTE";"Colisão com veículos (traseira)";1;0;0;0;0;0;0;0;0;1;3;0;0;0;0
"29/09/2023";"02:09:00";"264";"Acidente s";"775.183";"BR-163/MS";"SUL";"Tombamento";0;0;1;0;0;0;0;0;0;0;1;0;0;0;0
"29/09/2023";"06:59:00";"336";"Acidente c";"368.107";"BR-163/MS";"NORTE";"Colisão lateral no sentido contrário";0;0;0;2;0;0;0;0;0;0;0;3;0;0;0
"30/09/2023";"06:21:00";"40";"Acidente c";"482.173";"BR-163/MS";"NORTE";"Tombamento de moto";0;0;0;1;0;1;0;0;0;0;1;1;0;0;0
"30/09/2023";"08:54:00";"116";"Acidente s";"484.488";"BR-163/MS";"SUL";"Colisão lateral no sentido contrário";2;0;0;0;0;0;0;0;0;0;2;0;0;0;0
"30/09/2023";"02:34:00";"182";"Acidente c";"801.86";"BR-163/MS";"SUL";"Colisão c/ obstáculos";0;0;2;0;0;2;0;0;0;0;2;1;0;1;0
"30/09/2023";"02:54:00";"186";"Acidente s";"239.543";"BR-163/MS";"NORTE";"Colisão com veículos (traseira)";0;0;0;0;0;1;0;0;0;1;2;0;0;0;0
"01/10/2023";"07:50:00";"0078";"Acidente s";"327.6";"BR-163/MS";"SUL";"Colisão lateral no sentido contrário";1;0;0;0;0;0;0;0;0;1;2;0;0;0;0
"01/10/2023";"08:19:00";"0079";"Acidente c";"680.347";"BR-163/MS";"NORTE";"Colisão lateral no sentido contrário";0;0;0;1;0;1;0;0;0;0;1;1;0;0;0
"01/10/2023";"04:52:00";"0166";"Acidente s";"466.31";"BR-163/MS";"NORTE";"Colisão com veículos (traseira)";1;0;0;0;0;0;0;0;0;0;2;0;0;0;0
"01/10/2023";"05:06:00";"0168";"Acidente c";"491.559";"BR-163/MS";"NORTE";"Colisão com veículos (traseira)";2;0;0;0;0;0;0;0;0;0;3;1;0;0;0
"01/10/2023";"07:40:00";"0217";"Acidente c";"662.73";"BR-163/MS";"NORTE";"Atropelamento de animais";1;0;0;0;0;0;0;0;0;0;0;1;0;0;0
"01/10/2023";"07:41:00";"0218";"Acidente c";"223.115";"BR-163/MS";"SUL";"Atropelamento de animais";1;0;0;0;0;0;0;0;0;0;0;2;0;0;0
"01/10/2023";"09:07:00";"0228";"Acidente s";"436.96";"BR-163/MS";"NORTE";"Colisão c/ obstáculos";1;0;0;0;0;0;0;0;0;0;1;0;0;0;0
"02/10/2023";"02:56:00";"0026";"Acidente s";"269.976";"BR-163/MS";"NORTE";"Colisão c/ obstáculos";1;0;0;0;0;0;0;0;0;0;3;0;0;0;0
"02/10/2023";"06:18:00";"0041";"Acidente s";"199.861";"BR-163/MS";"NORTE";"Tombamento";0;0;0;0;1;1;0;0;0;0;2;0;0;0;0
"02/10/2023";"09:32:00";"0125";"Acidente s";"253.867";"BR-163/MS";"NORTE";"Colisão lateral no mesmo sentido";0;0;1;0;0;0;0;0;0;1;2;0;0;0;0
"02/10/2023";"06:29:00";"0237";"Acidente c";"211.991";"BR-163/MS";"SUL";"Colisão lateral no mesmo sentido";1;0;0;1;0;0;0;0;0;0;0;1;0;1;0
"02/10/2023";"08:22:00";"0284";"Acidente c";"464.894";"BR-163/MS";"NORTE";"Colisão lateral no sentido contrário";0;0;2;2;0;0;0;0;0;0;2;0;0;1;1
"02/10/2023";"09:29:00";"0301";"Acidente c";"741.77";"BR-163/MS";"SUL";"Atropelamento de animais";0;0;0;0;0;0;0;0;0;1;0;1;0;0;0
"03/10/2023";"05:22:00";"0039";"Acidente c";"78.781";"BR-163/MS";"NORTE";"Colisão lateral no mesmo sentido";0;0;1;0;1;0;0;0;0;0;22;2;0;0;0
"03/10/2023";"10:02:00";"0174";"Acidente s";"243.218";"BR-163/MS";"SUL";"Colisão lateral no sentido contrário";2;0;0;0;0;0;0;0;0;0;2;0;0;0;0
"03/10/2023";"11:05:00";"0194";"Acidente s";"310.789";"BR-163/MS";"NORTE";"Saídas de pista";1;0;0;0;0;0;0;0;0;0;1;0;0;0;0
"03/10/2023";"11:43:00";"0202";"Acidente c";"281.435";"BR-163/MS";"SUL";"Saídas de pista";0;0;0;1;0;0;0;0;0;0;0;0;1;0;0
"03/10/2023";"08:01:00";"0313";"Acidente c";"479.572";"BR-163/MS";"NORTE";"Colisão lateral no mesmo sentido";0;0;0;1;0;1;0;0;0;0;1;1;0;0;0
"03/10/2023";"09:20:00";"0325";"Acidente c";"97.549";"BR-163/MS";"NORTE";"Tombamento";0;0;1;0;0;2;0;0;0;0;2;1;0;0;0
"05/10/2023";"04:06:00";"0031";"Acidente s";"24.838";"BR-163/MS";"NORTE";"Atropelamento de animais";1;0;0;0;0;0;0;0;0;0;1;0;0;0;0
"05/10/2023";"07:44:00";"0076";"Acidente s";"29.137";"BR-163/MS";"SUL";"Saídas de pista";1;0;0;0;0;0;0;0;0;0;1;0;0;0;0
"05/10/2023";"02:14:00";"0232";"Acidente s";"151.97";"BR-163/MS";"NORTE";"Tombamento";0;0;1;0;0;2;0;0;0;0;3;0;0;0;0
"05/10/2023";"03:35:00";"0255";"Acidente s";"364.338";"BR-163/MS";"SUL";"Colisão lateral no sentido contrário";1;0;1;0;0;1;0;0;0;0;4;0;0;0;0
"06/10/2023";"01:48:00";"0019";"Acidente s";"737.953";"BR-163/MS";"NORTE";"Colisão c/ obstáculos";0;0;1;0;0;1;0;0;0;0;2;0;0;0;0
"06/10/2023";"06:36:00";"0045";"Acidente c";"571.38";"BR-163/MS";"NORTE";"Tombamento";0;0;1;0;0;0;0;0;0;0;0;1;0;0;0
"06/10/2023";"07:17:00";"0063";"Acidente s";"376.736";"BR-163/MS";"SUL";"Tombamento";0;0;1;0;0;2;0;0;0;0;3;0;0;0;0
"06/10/2023";"12:55:00";"0204";"Acidente c";"575.5";"BR-163/MS";"NORTE";"Colisão lateral no mesmo sentido";1;0;1;0;0;0;0;0;0;0;1;1;0;0;0
"06/10/2023";"04:52:00";"0265";"Acidente s";"570.366";"BR-163/MS";"NORTE";"Colisão lateral no sentido contrário";0;0;2;0;0;1;0;0;0;0;3;0;0;0;0
"06/10/2023";"08:33:00";"0306";"Acidente s";"516.197";"BR-163/MS";"NORTE";"Atropelamento de animais";0;0;0;0;0;0;0;0;0;1;4;0;0;0;0
"07/10/2023";"12:45:00";"0015";"Acidente s";"406.436";"BR-163/MS";"SUL";"Atropelamento de animais";0;0;1;0;0;1;0;0;0;0;2;0;0;0;0
"07/10/2023";"12:46:00";"0016";"Acidente c";"828.806";"BR-163/MS";"NORTE";"Tombamento de moto";0;0;0;1;0;0;0;0;0;0;0;0;0;0;1