data;horario;n_da_ocorrencia;tipo_de_ocorrencia;km;trecho;sentido;tipo_de_acidente;automovel;bicicleta;caminhao;moto;onibus;outros;tracao_animal;transporte_de_cargas_especiais;trator_maquinas;utilitarios;ilesos;levemente_feridos;moderadamente_feridos;gravemente_feridos;mortos
"07/10/2023";"09:06:00";"0330";"Acidente s";"316.767";"BR-163/MS";"NORTE";"Capotamento";1;0;0;0;0;0;0;0;0;0;4;0;0;0;0
"07/10/2023";"09:19:00";"0336";"Acidente c";"91.913";"BR-163/MS";"SUL";"Capotamento";0;0;0;0;0;0;0;0;0;1;0;1;2;0;0
"07/10/2023";"11:55:00";"0375";"Acidente s";"79.961";"BR-163/MS";"SUL";"Tombamento";0;0;1;0;0;2;0;0;0;0;3;0;0;0;0
"08/10/2023";"06:01:00";"0216";"Acidente c";"483.5";"BR-163/MS";"NORTE";"Tombamento de moto";0;0;0;1;0;0;0;0;0;0;0;0;1;1;0
"09/10/2023";"04:34:00";"0038";"Acidente s";"13.916";"BR-163/MS";"SUL";"Saídas de pista";0;0;0;0;0;0;0;0;0;1;1;0;0;0;0
"09/10/2023";"04:55:00";"0043";"Acidente s";"754.191";"BR-163/MS";"SUL";"Atropelamento de animais";1;0;0;0;0;0;0;0;0;0;1;0;0;0;0
"09/10/2023";"01:31:00";"0213";"Acidente s";"46.2";"BR-163/MS";"NORTE";"Saídas de pista";1;0;0;0;0;0;0;0;0;0;1;0;0;0;0
"09/10/2023";"03:45:00";"0250";"Acidente s";"661.45";"BR-163/MS";"NORTE";"Colisão com veículos (traseira)";1;0;0;0;0;1;0;0;0;0;3;0;0;0;0
"09/10/2023";"04:47:00";"0269";"Acidente s";"439.904";"BR-163/MS";"SUL";"Colisão c/ obstáculos";1;0;0;0;0;0;0;0;0;0;2;0;0;0;0
"09/10/2023";"11:09:00";"0346";"Acidente s";"294.691";"BR-163/MS";"SUL";"Atropelamento de animais";0;0;0;0;0;0;0;0;0;1;1;0;0;0;0
"10/10/2023";"03:57:00";"0038";"Acidente s";"266.611";"BR-163/MS";"SUL";"Colisão c/ obstáculos";1;0;0;0;0;0;0;0;0;0;1;0;0;0;0
"10/10/2023";"11:26:00";"0182";"Acidente s";"484.443";"BR-163/MS";"SUL";"Colisão lateral no sentido contrário";1;0;1;0;0;2;0;0;0;0;4;0;0;0;0
"10/10/2023";"12:44:00";"0200";"Acidente c";"485.497";"BR-163/MS";"NORTE";"Tombamento de moto";0;0;0;1;0;0;0;0;0;0;1;0;0;0;0
"10/10/2023";"04:49:00";"0256";"Acidente c";"250.902";"BR-163/MS";"NORTE";"Colisão com veículos (frontal)";2;0;0;0;0;0;0;0;0;0;0;1;1;0;0
"10/10/2023";"05:12:00";"0260";"Acidente c";"479.379";"BR-163/MS";"SUL";"Colisão com veículos (traseira)";0;0;0;0;0;0;0;0;0;2;1;1;0;0;0
"10/10/2023";"05:24:00";"0262";"Acidente c";"252.5";"BR-163/MS";"NORTE";"Engavetamento";2;0;1;0;0;1;0;0;0;2;5;2;0;0;0
"10/10/2023";"06:45:00";"0303";"Acidente s";"484.463";"BR-163/MS";"SUL";"Colisão com veículos (traseira)";2;0;1;0;0;0;0;0;0;0;3;0;0;0;0
"10/10/2023";"08:39:00";"0339";"Acidente s";"279.338";"BR-163/MS";"NORTE";"Capotamento";1;0;0;0;0;0;0;0;0;0;1;0;0;0;0
"11/10/2023";"06:28:00";"0064";"Acidente s";"461.175";"BR-163/MS";"NORTE";"Colisão lateral no sentido contrário";1;0;1;0;0;1;0;0;0;0;5;0;0;0;0
"11/10/2023";"07:25:00";"0089";"Acidente s";"491.274";"BR-163/MS";"NORTE";"Colisão com veículos (traseira)";2;0;0;0;0;0;0;0;0;0;7;0;0;0;0
"11/10/2023";"08:07:00";"0111";"Acidente c";"375.296";"BR-163/MS";"NORTE";"Tombamento de moto";0;0;0;1;0;0;0;0;0;0;1;0;0;1;0
"11/10/2023";"08:12:00";"0112";"Acidente s";"367.621";"BR-163/MS";"SUL";"Colisão com veículos (traseira)";0;0;0;0;0;0;0;0;0;2;4;0;0;0;0
"11/10/2023";"11:58:00";"0346";"Acidente c";"251.515";"BR-163/MS";"NORTE";"Colisão com veículos (traseira)";0;0;0;1;0;0;0;0;0;1;2;0;1;0;0
"12/10/2023";"12:17:00";"0176";"Acidente c";"462.92";"BR-163/MS";"NORTE";"Colisão lateral no sentido contrário";0;0;0;0;1;2;0;0;0;0;2;1;0;0;0
"12/10/2023";"03:22:00";"0218";"Acidente c";"23.2";"BR-163/MS";"SUL";"Colisão lateral no mesmo sentido";0;0;1;1;0;0;0;0;0;0;1;1;0;0;0
"12/10/2023";"05:23:00";"0246";"Acidente s";"206.783";"BR-163/MS";"SUL";"Saídas de pista";1;0;0;0;0;0;0;0;0;0;3;0;0;0;0
"12/10/2023";"10:33:00";"0312";"Acidente c";"62.947";"BR-163/MS";"NORTE";"Colisão c/ obstáculos";1;0;0;0;0;0;0;0;0;0;1;2;0;0;0
"13/10/2023";"09:22:00";"0150";"Acidente s";"826.217";"BR-163/MS";"SUL";"Saídas de pista";1;0;0;0;0;0;0;0;0;0;1;0;0;0;0
"13/10/2023";"10:10:00";"0158";"Acidente s";"5.63";"BR-163/MS";"NORTE";"Colisão com veículos (traseira)";0;0;0;0;0;0;0;0;0;2;3;0;0;0;0
"14/10/2023";"07:40:00";"0102";"Acidente c";"446.194";"BR-163/MS";"NORTE";"Capotamento";1;0;0;0;0;0;0;0;0;0;0;0;1;0;0
"14/10/2023";"08:03:00";"0268";"Acidente c";"491.557";"BR-163/MS";"NORTE";"Colisão com veículos (traseira)";0;0;0;0;0;1;0;0;0;1;1;1;0;0;0
"14/10/2023";"08:16:00";"0270";"Acidente s";"360.342";"BR-163/MS";"NORTE";"Atropelamento de animais";1;0;0;0;0;0;0;0;0;0;3;0;0;0;0
"14/10/2023";"10:20:00";"0283";"Acidente c";"467.855";"BR-163/MS";"SUL";"Colisão com veículos (traseira)";1;1;0;0;0;0;0;0;0;0;2;0;0;1;0
"14/10/2023";"11:13:00";"0289";"Acidente c";"753";"BR-163/MS";"NORTE";"Atropelamento de animais";0;0;0;1;0;0;0;0;0;0;0;1;0;0;0
"15/10/2023";"01:33:00";"0019";"Acidente s";"466";"BR-163/MS";"NORTE";"Outros";0;0;0;1;0;0;0;0;0;0;1;0;0;0;0
"15/10/2023";"01:47:00";"0015";"Acidente c";"419.573";"BR-163/MS";"NORTE";"Tombamento de moto";0;0;0;1;0;0;0;0;0;0;0;0;0;1;0
"15/10/2023";"01:48:00";"0016";"Acidente s";"256.813";"BR-163/MS";"NORTE";"Atropelamento de animais";1;0;0;0;0;0;0;0;0;0;3;0;0;0;0
"15/10/2023";"08:17:00";"0087";"Acidente s";"253.6";"BR-163/MS";"NORTE";"Tombamento";0;0;1;0;0;2;0;0;0;0;3;0;0;0;0
"15/10/2023";"05:04:00";"0241";"Acidente s";"75.579";"BR-163/MS";"NORTE";"Engavetamento";1;0;2;0;0;0;0;0;0;1;9;0;0;0;0
"15/10/2023";"05:22:00";"0248";"Acidente c";"460.365";"BR-163/MS";"NORTE";"Engavetamento";4;0;0;0;0;1;0;0;0;0;15;0;2;0;0
"15/10/2023";"08:25:00";"0316";"Acidente s";"508.22";"BR-163/MS";"NORTE";"Saídas de pista";1;0;0;0;0;0;0;0;0;0;1;0;0;0;0
"15/10/2023";"08:27:00";"0317";"Acidente s";"619.22";"BR-163/MS";"SUL";"Atropelamento de animais";0;0;0;0;0;0;0;0;0;1;3;0;0;0;0
"16/10/2023";"01:44:00";"0198";"Acidente c";"329.558";"BR-163/MS";"SUL";"Tombamento de moto";0;0;0;1;0;0;0;0;0;0;0;1;0;0;0
"16/10/2023";"07:20:00";"0302";"Acidente s";"461.5";"BR-163/MS";"SUL";"Atropelamento de animais";0;0;0;0;1;0;0;0;0;0;24;0;0;0;0
"17/10/2023";"12:24:00";"0209";"Acidente s";"476.792";"BR-163/MS";"NORTE";"Tombamento de moto";0;0;0;1;0;0;0;0;0;0;2;0;0;0;0
"17/10/2023";"05:18:00";"0283";"Acidente s";"495.187";"BR-163/MS";"SUL";"Colisão lateral no mesmo sentido";0;0;2;0;0;3;0;0;0;0;5;0;0;0;0
"17/10/2023";"05:42:00";"0288";"Acidente s";"403.77";"BR-163/MS";"NORTE";"Atropelamento de animais";1;0;0;0;0;0;0;0;0;0;4;0;0;0;0
"18/10/2023";"01:31:00";"0019";"Acidente c";"465.194";"BR-163/MS";"SUL";"Capotamento";0;0;0;0;0;0;0;0;0;1;0;0;0;1;0
"18/10/2023";"03:55:00";"0250";"Acidente s";"499.271";"BR-163/MS";"SUL";"Saídas de pista";1;0;0;0;0;1;0;0;0;0;2;0;0;0;0
"18/10/2023";"04:13:00";"0253";"Acidente s";"55.465";"BR-163/MS";"SUL";"Tombamento";0;0;1;0;0;0;0;0;0;0;1;0;0;0;0
"18/10/2023";"04:31:00";"0256";"Acidente s";"278.278";"BR-163/MS";"NORTE";"Colisão lateral no mesmo sentido";1;0;1;0;0;2;0;0;0;0;7;0;0;0;0
"18/10/2023";"05:55:00";"0272";"Acidente s";"96.516";"BR-163/MS";"NORTE";"Saídas de pista";0;0;0;0;0;0;0;0;0;1;1;0;0;0;0
"18/10/2023";"09:32:00";"0311";"Acidente s";"508.866";"BR-163/MS";"NORTE";"Colisão c/ obstáculos";0;0;0;0;0;0;0;0;0;1;1;0;0;0;0
"19/10/2023";"01:06:00";"0020";"Atropelame";"261.994";"BR-163/MS";"SUL";"Atropelamento de pedestre";0;0;0;0;0;0;0;0;0;0;0;1;0;0;0
"19/10/2023";"05:01:00";"0045";"Acidente c";"256";"BR-163/MS";"NORTE";"Colisão lateral no sentido contrário";1;0;0;1;0;0;0;0;0;0;1;1;0;0;0
"19/10/2023";"08:53:00";"0162";"Acidente s";"430";"BR-163/MS";"NORTE";"Outros";0;0;1;0;0;0;0;0;0;0;1;0;0;0;0
"19/10/2023";"09:53:00";"0184";"Acidente s";"574.114";"BR-163/MS";"SUL";"Saídas de pista";1;0;0;0;0;0;0;0;0;0;2;0;0;0;0
"19/10/2023";"10:25:00";"0189";"Acidente s";"227.69";"BR-163/MS";"NORTE";"Colisão com veículos (traseira)";2;0;0;0;0;0;0;0;0;0;2;0;0;0;0
"19/10/2023";"01:45:00";"0236";"Acidente s";"284.394";"BR-163/MS";"SUL";"Saídas de pista";1;0;0;0;0;0;0;0;0;0;1;0;0;0;0
"19/10/2023";"05:23:00";"0295";"Acidente s";"252.536";"BR-163/MS";"SUL";"Engavetamento";0;0;3;0;0;0;0;0;0;0;3;0;0;0;0
"19/10/2023";"07:23:00";"0350";"Acidente s";"252.6";"BR-163/MS";"NORTE";"Colisão com veículos (traseira)";1;0;0;0;0;1;0;0;0;0;2;0;0;0;0
"19/10/2023";"10:22:00";"0382";"Acidente c";"265";"BR-163/MS";"NORTE";"Colisão com veículos (frontal)";0;1;0;0;0;1;0;0;0;0;1;1;0;0;0
"19/10/2023";"10:51:00";"0386";"Acidente c";"22.975";"BR-163/MS";"SUL";"Colisão lateral no mesmo sentido";0;0;1;1;0;2;0;0;0;0;4;0;0;0;1
"19/10/2023";"11:15:00";"0389";"Acidente s";"713.417";"BR-163/MS";"NORTE";"Atropelamento de animais";1;0;0;0;0;0;0;0;0;0;3;0;0;0;0
"20/10/2023";"01:11:00";"0234";"Acidente s";"77.75";"BR-163/MS";"NORTE";"Colisão lateral no mesmo sentido";2;0;0;0;0;0;0;0;0;0;2;0;0;0;0
"20/10/2023";"02:37:00";"0255";"Acidente c";"413.89";"BR-163/MS";"NORTE";"Colisão com veículos (traseira)";0;0;1;0;0;2;0;0;0;1;4;0;0;0;0
"20/10/2023";"03:18:00";"0264";"Acidente c";"269.988";"BR-163/MS";"SUL";"Colisão lateral no mesmo sentido";1;0;0;0;0;0;0;0;0;1;2;1;0;0;0
"20/10/2023";"05:36:00";"0293";"Acidente s";"485.2";"BR-163/MS";"NORTE";"Colisão lateral no mesmo sentido";2;0;0;0;0;0;0;0;0;0;3;0;0;0;0
"20/10/2023";"07:15:00";"0308";"Acidente c";"50.5";"BR-163/MS";"NORTE";"Tombamento de moto";0;0;0;1;0;0;0;0;0;0;0;2;0;0;0
"21/10/2023";"02:26:00";"0018";"Atropelame";"259.832";"BR-163/MS";"NORTE";"Atropelamento de pedestre";0;0;0;0;0;1;0;0;0;0;1;1;1;0;0
"21/10/2023";"04:41:00";"0032";"Acidente s";"496.462";"BR-163/MS";"SUL";"Saídas de pista";1;0;0;0;0;0;0;0;0;0;1;0;0;0;0
"21/10/2023";"02:41:00";"0229";"Acidente c";"1.119";"BR-163/MS";"SUL";"Capotamento";0;0;1;0;0;2;0;0;0;0;2;3;0;0;0
"21/10/2023";"07:52:00";"0302";"Acidente s";"260.396";"BR-163/MS";"NORTE";"Colisão com veículos (traseira)";2;0;0;0;0;0;0;0;0;0;5;0;0;0;0
"22/10/2023";"09:37:00";"0135";"Acidente c";"443.481";"BR-163/MS";"SUL";"Tombamento";0;0;1;0;0;2;0;0;0;0;3;1;0;0;0
"22/10/2023";"01:33:00";"0190";"Acidente c";"357.703";"BR-163/MS";"NORTE";"Colisão lateral no sentido contrário";0;0;1;0;0;2;0;0;0;1;3;0;1;0;0
"22/10/2023";"01:40:00";"0192";"Acidente s";"263.98";"BR-163/MS";"SUL";"Colisão com veículos (traseira)";0;0;2;0;0;0;0;0;0;0;3;0;0;0;0
"22/10/2023";"03:15:00";"0209";"Acidente c";"260.233";"BR-163/MS";"NORTE";"Colisão com veículos (traseira)";1;0;0;0;0;0;0;0;0;1;2;1;0;0;0
"22/10/2023";"07:02:00";"0254";"Acidente s";"682.402";"BR-163/MS";"SUL";"Colisão com veículos (traseira)";0;0;1;0;0;0;0;0;0;1;2;0;0;0;0
"22/10/2023";"07:08:00";"0255";"Acidente s";"342.3";"BR-163/MS";"SUL";"Colisão c/ obstáculos";0;0;0;0;0;0;0;0;0;2;2;0;0;0;0
"23/10/2023";"11:51:00";"0205";"Acidente s";"389.899";"BR-163/MS";"NORTE";"Saídas de pista";1;0;0;0;0;0;0;0;0;0;1;0;0;0;0
"23/10/2023";"03:09:00";"0269";"Acidente s";"133.996";"BR-163/MS";"SUL";"Colisão lateral no sentido contrário";1;0;1;0;0;0;0;0;0;0;2;0;0;0;0
"23/10/2023";"07:42:00";"0332";"Acidente s";"227.993";"BR-163/MS";"SUL";"Colisão com veículos (traseira)";0;0;2;0;0;2;0;0;0;0;4;0;0;0;0
"24/10/2023";"08:05:00";"0105";"Acidente c";"18.209";"BR-163/MS";"NORTE";"Colisão lateral no mesmo sentido";1;0;1;0;0;2;0;0;0;0;3;1;0;0;0
"24/10/2023";"08:44:00";"0119";"Acidente s";"222.118";"BR-163/MS";"SUL";"Colisão lateral no sentido contrário";2;0;1;0;0;0;0;0;0;0;7;0;0;0;0
"24/10/2023";"05:20:00";"0220";"Acidente s";"260.1";"BR-163/MS";"NORTE";"Colisão lateral no mesmo sentido";0;1;1;0;0;0;0;0;0;0;3;0;0;0;0
"24/10/2023";"10:17:00";"0307";"Acidente c";"198.2";"BR-163/MS";"NORTE";"Colisão com veículos (traseira)";1;0;1;0;0;2;0;0;0;0;3;0;1;0;0
"24/10/2023";"10:44:00";"0312";"Acidente s";"36.85";"BR-163/MS";"SUL";"Atropelamento de animais";0;0;1;0;0;2;0;0;0;0;4;0;0;0;0
"25/10/2023";"12:07:00";"0228";"Acidente s";"111.107";"BR-163/MS";"SUL";"Tombamento";0;0;1;0;0;2;0;0;0;0;3;0;0;0;0
"25/10/2023";"05:41:00";"0297";"Acidente s";"249.18";"BR-163/MS";"NORTE";"Outros";0;0;0;1;0;0;0;0;0;0;1;0;0;0;0
"25/10/2023";"05:43:00";"0298";"Acidente s";"663.222";"BR-163/MS";"NORTE";"Saídas de pista";1;0;0;0;0;0;0;0;0;0;2;0;0;0;0
"25/10/2023";"06:10:00";"0305";"Acidente s";"249.328";"BR-163/MS";"NORTE";"Capotamento";0;0;0;0;0;0;0;0;0;1;1;0;0;0;0
"25/10/2023";"07:54:00";"0351";"Acidente s";"259.644";"BR-163/MS";"SUL";"Colisão c/ obstáculos";1;0;0;0;0;0;0;0;0;0;1;0;0;0;0
"26/10/2023";"06:28:00";"0086";"Acidente c";"466.316";"BR-163/MS";"NORTE";"Colisão lateral no mesmo sentido";0;0;0;1;0;0;0;0;0;1;1;1;0;0;0
"26/10/2023";"08:40:00";"0140";"Acidente s";"65.691";"BR-163/MS";"NORTE";"Colisão lateral no mesmo sentido";0;0;3;0;0;3;0;0;0;0;7;0;0;0;0
"26/10/2023";"09:24:00";"0153";"Acidente c";"650.305";"BR-163/MS";"SUL";"Capotamento";1;0;0;0;0;0;0;0;0;0;0;1;0;0;0
"26/10/2023";"09:56:00";"0169";"Acidente s";"18.326";"BR-163/MS";"NORTE";"Colisão lateral no sentido contrário";0;0;1;0;0;0;0;0;0;1;3;0;0;0;0
"26/10/2023";"02:43:00";"0227";"Acidente s";"186.94";"BR-163/MS";"SUL";"Tombamento";0;0;1;0;0;2;0;0;0;0;3;0;0;0;0
"26/10/2023";"07:59:00";"0295";"Acidente c";"22.912";"BR-163/MS";"NORTE";"Colisão com veículos (traseira)";1;0;1;0;0;1;0;0;0;0;2;1;0;0;0
"26/10/2023";"11:32:00";"0321";"Acidente s";"365.112";"BR-163/MS";"NORTE";"Capotamento";1;0;0;0;0;0;0;0;0;0;1;0;0;0;0
"27/10/2023";"04:43:00";"0031";"Acidente s";"803.494";"BR-163/MS";"NORTE";"Atropelamento de animais";1;0;0;0;0;0;0;0;0;0;5;0;0;0;0
"27/10/2023";"10:54:00";"0197";"Acidente s";"11.152";"BR-163/MS";"SUL";"Colisão lateral no mesmo sentido";2;0;0;0;0;0;0;0;0;0;3;0;0;0;0
"27/10/2023";"12:42:00";"0231";"Acidente s";"485.786";"BR-163/MS";"SUL";"Colisão com veículos (traseira)";1;0;0;0;0;0;0;0;0;0;1;0;0;0;0
"27/10/2023";"05:15:00";"0304";"Acidente c";"466.438";"BR-163/MS";"SUL";"Tombamento";0;0;1;0;0;1;0;0;0;0;1;0;0;1;0
"28/10/2023";"07:04:00";"0091";"Acidente c";"784.818";"BR-163/MS";"SUL";"Tombamento";0;0;1;0;0;1;0;0;0;0;1;0;1;0;0
"28/10/2023";"02:11:00";"0197";"Acidente c";"481.952";"BR-163/MS";"NORTE";"Capotamento";1;0;0;0;0;0;0;0;0;0;2;0;0;1;0
"28/10/2023";"02:30:00";"0204";"Acidente s";"177.5";"BR-163/MS";"NORTE";"Capotamento";1;0;0;0;0;0;0;0;0;0;2;0;0;0;0
"29/10/2023";"07:23:00";"0082";"Acidente c";"88.634";"BR-163/MS";"NORTE";"Colisão lateral no mesmo sentido";0;0;1;1;0;1;0;0;0;0;2;0;0;1;0
"29/10/2023";"05:16:00";"0185";"Acidente s";"491.668";"BR-163/MS";"SUL";"Colisão com veículos (traseira)";2;0;0;0;0;0;0;0;0;0;5;0;0;0;0
"29/10/2023";"06:36:00";"0206";"Acidente s";"258.47";"BR-163/MS";"SUL";"Colisão com veículos (traseira)";2;0;0;0;0;0;0;0;0;0;3;0;0;0;0
"30/10/2023";"06:35:00";"0074";"Acidente s";"735.123";"BR-163/MS";"SUL";"Capotamento";0;0;0;0;0;0;0;0;0;1;2;0;0;0;0
"30/10/2023";"07:03:00";"0083";"Acidente c";"693.152";"BR-163/MS";"NORTE";"Tombamento de moto";0;0;0;1;0;0;0;0;0;0;0;0;0;1;0
"30/10/2023";"07:41:00";"0100";"Acidente c";"485.441";"BR-163/MS";"SUL";"Colisão com veículos (traseira)";0;0;0;1;0;0;0;0;0;0;0;2;0;0;0
"30/10/2023";"07:50:00";"0103";"Acidente s";"384.134";"BR-163/MS";"NORTE";"Saídas de pista";0;0;1;0;0;0;0;0;0;1;3;0;0;0;0
"30/10/2023";"12:22:00";"0209";"Acidente c";"815.338";"BR-163/MS";"NORTE";"Capotamento";0;0;0;0;0;0;0;0;0;1;0;1;0;0;0
"30/10/2023";"01:29:00";"0222";"Acidente s";"267.228";"BR-163/MS";"NORTE";"Colisão lateral no mesmo sentido";1;0;0;1;0;0;0;0;0;0;3;0;0;0;0
"30/10/2023";"05:33:00";"0256";"Acidente c";"475.97";"BR-163/MS";"NORTE";"Colisão c/ obstáculos";0;0;0;1;0;0;0;0;0;0;0;0;1;0;0
"30/10/2023";"11:32:00";"0339";"Acidente s";"818.302";"BR-163/MS";"SUL";"Saídas de pista";1;0;0;0;0;0;0;0;0;0;2;0;0;0;0
"31/10/2023";"06:48:00";"0296";"Acidente s";"278.777";"BR-163/MS";"SUL";"Atropelamento de animais";1;0;0;0;0;0;0;0;0;0;5;0;0;0;0
"01/11/2023";"06:17:00";"45";"Acidente s";"165.9";"BR-163/MS";"SUL";"Saídas de pista";1;0;0;0;0;0;0;0;0;0;4;0;0;0;0
"01/11/2023";"11:01:00";"183";"Acidente c";"232.651";"BR-163/MS";"NORTE";"Colisão com veículos (traseira)";0;0;2;0;0;2;0;0;0;0;3;1;0;0;0
"01/11/2023";"11:19:00";"185";"Acidente s";"598.429";"BR-163/MS";"NORTE";"Saídas de pista";0;0;1;0;0;1;0;0;0;0;2;0;0;0;0
"01/11/2023";"11:34:00";"188";"Acidente s";"490.617";"BR-163/MS";"NORTE";"Colisão com veículos (traseira)";2;0;0;0;0;0;0;0;0;0;3;0;0;0;0
"01/11/2023";"06:04:00";"280";"Acidente c";"484.316";"BR-163/MS";"NORTE";"Colisão lateral no sentido contrário";0;0;0;2;0;0;0;0;0;0;0;0;2;0;0
"01/11/2023";"06:12:00";"281";"Acidente c";"261.906";"BR-163/MS";"SUL";"Tombamento de moto";0;0;0;1;0;0;0;0;0;0;0;1;0;0;0
"01/11/2023";"10:20:00";"336";"Acidente s";"316.101";"BR-163/MS";"NORTE";"Colisão c/ obstáculos";0;0;1;0;0;1;0;0;0;0;2;0;0;0;0
"02/11/2023";"03:43:00";"225";"Acidente s";"491.341";"BR-163/MS";"NORTE";"Colisão com veículos (traseira)";0;0;0;0;0;0;0;0;0;2;8;0;0;0;0
"02/11/2023";"09:05:00";"317";"Acidente s";"739.5";"BR-163/MS";"SUL";"Atropelamento de animais";0;0;0;0;1;0;0;0;0;0;26;0;0;0;0
"03/11/2023";"06:10:00";"33";"Acidente s";"276.319";"BR-163/MS";"NORTE";"Saídas de pista";1;0;0;0;0;0;0;0;0;0;1;0;0;0;0
"03/11/2023";"06:25:00";"38";"Acidente c";"615.689";"BR-163/MS";"SUL";"Colisão com veículos (traseira)";0;0;0;1;0;0;0;0;0;1;1;1;0;0;0
"03/11/2023";"01:55:00";"213";"Acidente c";"475.866";"BR-163/MS";"NORTE";"Colisão com veículos (frontal)";1;0;1;0;0;0;0;0;0;0;3;1;0;1;0
"03/11/2023";"02:44:00";"224";"Acidente c";"524.247";"BR-163/MS";"NORTE";"Saídas de pista";0;0;0;0;0;0;0;0;0;1;2;1;0;0;0
"03/11/2023";"07:13:00";"310";"Acidente s";"321.725";"BR-163/MS";"NORTE";"Atropelamento de animais";1;0;0;0;0;0;0;0;0;0;4;0;0;0;0
"04/11/2023";"07:58:00";"112";"Acidente s";"395.422";"BR-163/MS";"NORTE";"Saídas de pista";0;0;1;0;0;0;0;0;0;0;1;0;0;0;0
"04/11/2023";"12:07:00";"185";"Acidente s";"366.529";"BR-163/MS";"SUL";"Colisão com veículos (frontal)";0;0;1;0;0;0;0;0;0;1;5;0;0;0;0
"04/11/2023";"02:50:00";"213";"Acidente s";"555";"BR-163/MS";"NORTE";"Outros";0;0;0;1;0;0;0;0;0;0;1;0;0;0;0
"04/11/2023";"04:10:00";"229";"Acidente s";"54.161";"BR-163/MS";"SUL";"Tombamento";0;0;1;0;0;3;0;0;0;0;4;0;0;0;0
"04/11/2023";"05:32:00";"246";"Acidente s";"527";"BR-163/MS";"NORTE";"Outros";0;0;1;0;0;0;0;0;0;0;1;0;0;0;0
"04/11/2023";"05:47:00";"247";"Acidente s";"225.23";"BR-163/MS";"NORTE";"Colisão lateral no sentido contrário";1;0;1;0;0;0;0;0;0;0;4;0;0;0;0
"04/11/2023";"08:11:00";"285";"Acidente c";"571.627";"BR-163/MS";"SUL";"Colisão c/ obstáculos";0;0;0;1;0;0;0;0;0;0;0;0;2;0;0
"04/11/2023";"10:15:00";"300";"Acidente c";"679.832";"BR-163/MS";"NORTE";"Colisão lateral no sentido contrário";0;0;1;1;0;3;0;0;0;0;4;2;0;0;0
"05/11/2023";"10:23:00";"167";"Acidente c";"485.482";"BR-163/MS";"SUL";"Colisão com veículos (traseira)";1;0;0;1;0;0;0;0;0;0;1;1;1;0;0
"05/11/2023";"02:05:00";"228";"Acidente s";"832.759";"BR-163/MS";"SUL";"Colisão lateral no sentido contrário";1;0;0;0;0;1;0;0;0;0;2;0;0;0;0
"05/11/2023";"09:57:00";"392";"Acidente c";"525.103";"BR-163/MS";"NORTE";"Capotamento";1;0;0;0;0;0;0;0;0;0;0;0;1;0;0
"06/11/2023";"02:17:00";"30";"Acidente s";"600.822";"BR-163/MS";"NORTE";"Atropelamento de animais";1;0;0;0;0;0;0;0;0;0;2;0;0;0;0
"06/11/2023";"12:05:00";"211";"Acidente s";"485.694";"BR-163/MS";"NORTE";"Colisão com veículos (traseira)";1;0;0;0;0;0;0;0;0;1;2;0;0;0;0
"06/11/2023";"01:30:00";"240";"Acidente c";"9.424";"BR-163/MS";"SUL";"Colisão c/ obstáculos";1;0;0;0;0;0;0;0;0;0;3;0;1;0;0
"06/11/2023";"04:36:00";"298";"Acidente s";"227.993";"BR-163/MS";"NORTE";"Colisão c/ obstáculos";0;0;0;0;0;0;0;0;0;1;1;0;0;0;0
"06/11/2023";"05:57:00";"313";"Acidente c";"484.369";"BR-163/MS";"NORTE";"Colisão lateral no sentido contrário";0;0;0;1;0;0;0;0;0;1;0;2;0;2;0
"06/11/2023";"09:28:00";"352";"Acidente c";"190.5";"BR-163/MS";"SUL";"Colisão c/ obstáculos";1;0;0;0;0;0;0;0;0;0;1;2;0;0;0
"07/11/2023";"01:57:00";"24";"Acidente s";"734.244";"BR-163/MS";"SUL";"Colisão com veículos (traseira)";1;0;0;0;0;0;0;0;0;1;2;0;0;0;0
"07/11/2023";"07:58:00";"115";"Acidente c";"270.65";"BR-163/MS";"NORTE";"Colisão com veículos (traseira)";0;0;0;1;0;0;0;0;0;1;1;1;0;0;0
"07/11/2023";"09:30:00";"152";"Acidente c";"688.958";"BR-163/MS";"SUL";"Colisão lateral no sentido contrário";1;0;0;0;0;0;0;0;0;1;3;1;0;0;0
"07/11/2023";"12:49:00";"194";"Acidente s";"391.82";"BR-163/MS";"NORTE";"Colisão c/ obstáculos";1;0;0;0;0;0;0;0;0;0;1;0;0;0;0
"07/11/2023";"01:42:00";"208";"Acidente s";"708.718";"BR-163/MS";"NORTE";"Saídas de pista";1;0;0;0;0;0;0;0;0;0;4;0;0;0;0
"07/11/2023";"03:47:00";"238";"Acidente c";"224.904";"BR-163/MS";"SUL";"Colisão com veículos (traseira)";0;0;0;0;1;1;0;0;0;0;2;14;0;0;0
"07/11/2023";"06:46:00";"325";"Acidente s";"270.86";"BR-163/MS";"SUL";"Colisão lateral no mesmo sentido";1;1;0;0;0;0;0;0;0;0;2;0;0;0;0
"07/11/2023";"08:29:00";"345";"Acidente s";"704.8";"BR-163/MS";"NORTE";"Atropelamento de animais";0;0;0;0;1;0;0;0;0;0;27;0;0;0;0
"08/11/2023";"12:02:00";"10";"Acidente c";"576.227";"BR-163/MS";"NORTE";"Colisão com veículos (frontal)";2;0;0;0;0;0;0;0;0;0;2;0;0;1;0
"08/11/2023";"01:22:00";"220";"Acidente s";"187.428";"BR-163/MS";"SUL";"Tombamento";0;0;1;0;0;2;0;0;0;0;3;0;0;0;0