data;horario;n_da_ocorrencia;tipo_de_ocorrencia;km;trecho;sentido;tipo_de_acidente;automovel;bicicleta;caminhao;moto;onibus;outros;tracao_animal;transporte_de_cargas_especiais;trator_maquinas;utilitarios;ilesos;levemente_feridos;moderadamente_feridos;gravemente_feridos;mortos
"08/11/2023";"02:07:00";"228";"Acidente s";"751.265";"BR-163/MS";"SUL";"Capotamento";1;0;0;0;0;0;0;0;0;0;1;0;0;0;0
"08/11/2023";"04:55:00";"262";"Acidente s";"485.24";"BR-163/MS";"SUL";"Engavetamento";2;0;0;0;0;1;0;0;0;0;4;0;0;0;0
"09/11/2023";"10:51:00";"190";"Acidente c";"484.34";"BR-163/MS";"NORTE";"Colisão lateral no sentido contrário";1;0;1;0;0;2;0;0;0;0;3;1;1;0;0
"09/11/2023";"06:04:00";"287";"Acidente c";"258";"BR-163/MS";"NORTE";"Colisão lateral no sentido contrário";0;1;0;1;0;0;0;0;0;0;0;2;0;0;0
"10/11/2023";"03:23:00";"29";"Acidente c";"415.314";"BR-163/MS";"NORTE";"Saídas de pista";0;0;1;0;0;1;0;0;0;0;1;1;0;0;0
"10/11/2023";"12:39:00";"237";"Acidente s";"471.408";"BR-163/MS";"SUL";"Colisão com veículos (traseira)";0;0;2;0;0;0;0;0;0;0;2;0;0;0;0
"10/11/2023";"01:55:00";"259";"Acidente s";"806.921";"BR-163/MS";"NORTE";"Tombamento";0;0;1;0;0;2;0;0;0;0;4;0;0;0;0
"10/11/2023";"02:12:00";"267";"Acidente s";"806.311";"BR-163/MS";"NORTE";"Engavetamento";0;0;2;0;0;1;0;0;0;1;4;0;0;0;0
"10/11/2023";"02:24:00";"269";"Acidente c";"844.565";"BR-163/MS";"SUL";"Tombamento";0;0;1;0;0;0;0;0;0;0;0;1;0;0;0
"10/11/2023";"02:38:00";"271";"Acidente c";"705.55";"BR-163/MS";"NORTE";"Colisão com veículos (frontal)";0;0;1;0;0;0;0;0;0;2;1;0;0;1;1
"10/11/2023";"04:08:00";"288";"Acidente s";"384.493";"BR-163/MS";"NORTE";"Colisão com veículos (traseira)";0;0;2;0;0;1;0;0;0;0;3;0;0;0;0
"10/11/2023";"07:13:00";"321";"Acidente c";"575.349";"BR-163/MS";"NORTE";"Tombamento de moto";0;0;0;1;0;0;0;0;0;0;0;1;0;0;0
"10/11/2023";"08:58:00";"339";"Acidente c";"293.874";"BR-163/MS";"NORTE";"Colisão com veículos (traseira)";1;0;1;0;0;1;0;0;0;0;3;0;1;0;0
"10/11/2023";"10:37:00";"379";"Acidente s";"462.539";"BR-163/MS";"NORTE";"Colisão lateral no mesmo sentido";0;0;0;0;1;0;0;0;0;1;28;0;0;0;0
"11/11/2023";"12:11:00";"10";"Acidente c";"341.927";"BR-163/MS";"SUL";"Tombamento de moto";0;0;0;1;0;0;0;0;0;0;0;0;0;1;0
"11/11/2023";"12:08:00";"186";"Acidente s";"479.102";"BR-163/MS";"SUL";"Colisão com veículos (frontal)";1;0;1;0;0;0;0;0;0;0;3;0;0;0;0
"11/11/2023";"01:06:00";"198";"Acidente s";"492.661";"BR-163/MS";"SUL";"Colisão com veículos (traseira)";0;0;0;0;0;1;0;0;0;1;42;0;0;0;0
"11/11/2023";"02:20:00";"221";"Acidente s";"440.886";"BR-163/MS";"NORTE";"Atropelamento de animais";1;0;0;0;0;0;0;0;0;0;1;0;0;0;0
"11/11/2023";"08:55:00";"351";"Acidente s";"251.421";"BR-163/MS";"NORTE";"Atropelamento de animais";1;0;0;0;0;0;0;0;0;0;3;0;0;0;0
"11/11/2023";"09:01:00";"356";"Acidente s";"251.292";"BR-163/MS";"SUL";"Atropelamento de animais";0;0;0;0;0;0;0;0;0;1;2;0;0;0;0
"11/11/2023";"10:53:00";"363";"Acidente s";"703.501";"BR-163/MS";"NORTE";"Colisão com veículos (traseira)";0;0;1;0;0;0;0;0;0;1;2;0;0;0;0
"12/11/2023";"05:45:00";"48";"Acidente c";"479.964";"BR-163/MS";"NORTE";"Tombamento de moto";0;0;0;1;0;0;0;0;0;0;0;1;0;0;0
"12/11/2023";"11:28:00";"141";"Acidente c";"473.701";"BR-163/MS";"NORTE";"Colisão com veículos (frontal)";0;0;2;0;0;0;0;0;0;1;0;0;0;3;2
"12/11/2023";"11:34:00";"142";"Acidente c";"328.51";"BR-163/MS";"NORTE";"Saídas de pista";1;0;0;0;0;0;0;0;0;0;0;1;0;0;0
"12/11/2023";"01:07:00";"156";"Acidente c";"400.736";"BR-163/MS";"NORTE";"Colisão com veículos (traseira)";1;0;1;0;0;0;0;0;0;0;1;0;2;1;0
"12/11/2023";"06:36:00";"220";"Acidente c";"253.227";"BR-163/MS";"NORTE";"Colisão c/ obstáculos";0;0;0;1;0;0;0;0;0;0;1;0;0;0;1
"12/11/2023";"08:26:00";"239";"Acidente s";"265.1";"BR-163/MS";"SUL";"Colisão c/ obstáculos";0;0;0;0;0;0;0;0;0;1;1;0;0;0;0
"12/11/2023";"09:00:00";"269";"Acidente c";"352.818";"BR-163/MS";"SUL";"Colisão com veículos (traseira)";1;0;1;0;0;0;0;0;0;0;1;1;0;0;0
"12/11/2023";"11:38:00";"289";"Acidente s";"254.225";"BR-163/MS";"SUL";"Capotamento";0;0;0;0;0;1;0;0;0;0;1;0;0;0;0
"13/11/2023";"08:32:00";"148";"Acidente s";"626.577";"BR-163/MS";"NORTE";"Colisão lateral no mesmo sentido";2;0;0;0;0;0;0;0;0;0;2;0;0;0;0
"13/11/2023";"10:38:00";"196";"Acidente s";"5.665";"BR-163/MS";"SUL";"Engavetamento";3;0;0;0;0;1;0;0;0;0;5;0;0;0;0
"13/11/2023";"07:56:00";"331";"Acidente s";"213.99";"BR-163/MS";"NORTE";"Atropelamento de animais";1;0;0;0;0;0;0;0;0;0;1;0;0;0;0
"13/11/2023";"10:12:00";"339";"Acidente s";"649.4";"BR-163/MS";"SUL";"Capotamento";0;0;1;0;0;0;0;0;0;0;1;0;0;0;0
"13/11/2023";"10:51:00";"344";"Acidente s";"434.505";"BR-163/MS";"SUL";"Atropelamento de animais";1;0;0;0;0;0;0;0;0;0;4;0;0;0;0
"13/11/2023";"10:52:00";"345";"Acidente c";"436.6";"BR-163/MS";"NORTE";"Atropelamento de animais";0;0;0;0;0;0;0;0;0;1;1;1;0;0;0
"13/11/2023";"10:58:00";"346";"Acidente s";"435.364";"BR-163/MS";"SUL";"Atropelamento de animais";1;0;0;0;0;0;0;0;0;0;1;0;0;0;0
"14/11/2023";"02:52:00";"235";"Acidente c";"507.675";"BR-163/MS";"NORTE";"Saídas de pista";1;0;0;0;0;0;0;0;0;0;0;1;0;0;0
"14/11/2023";"07:18:00";"301";"Acidente s";"2.7";"BR-163/MS";"SUL";"Colisão com veículos (traseira)";2;0;0;0;0;0;0;0;0;0;3;0;0;0;0
"15/11/2023";"07:58:00";"117";"Acidente s";"270.71";"BR-163/MS";"NORTE";"Colisão lateral no mesmo sentido";1;0;1;0;0;2;0;0;0;0;4;0;0;0;0
"15/11/2023";"01:10:00";"195";"Acidente s";"485.491";"BR-163/MS";"NORTE";"Colisão com veículos (traseira)";2;0;0;0;0;0;0;0;0;0;4;0;0;0;0
"15/11/2023";"03:47:00";"239";"Acidente c";"12.824";"BR-163/MS";"NORTE";"Tombamento de moto";0;0;0;1;0;0;0;0;0;0;0;1;0;0;0
"15/11/2023";"04:54:00";"261";"Acidente s";"196.687";"BR-163/MS";"NORTE";"Capotamento";0;0;0;0;0;0;0;0;0;1;1;0;0;0;0
"15/11/2023";"05:33:00";"266";"Acidente s";"484.999";"BR-163/MS";"SUL";"Colisão com veículos (traseira)";0;0;0;0;0;0;0;0;0;2;6;0;0;0;0
"15/11/2023";"07:39:00";"287";"Acidente s";"335.652";"BR-163/MS";"NORTE";"Capotamento";1;0;0;0;0;0;0;0;0;0;1;0;0;0;0
"15/11/2023";"09:26:00";"304";"Acidente s";"376.843";"BR-163/MS";"SUL";"Atropelamento de animais";1;0;0;0;0;0;0;0;0;0;3;0;0;0;0
"15/11/2023";"09:27:00";"305";"Acidente s";"376.843";"BR-163/MS";"SUL";"Atropelamento de animais";0;0;0;0;0;0;0;0;0;1;5;0;0;0;0
"16/11/2023";"08:44:00";"136";"Acidente c";"691.576";"BR-163/MS";"NORTE";"Colisão com veículos (traseira)";1;0;0;0;0;0;0;0;0;1;2;0;1;0;0
"16/11/2023";"10:29:00";"160";"Acidente s";"335.692";"BR-163/MS";"NORTE";"Saídas de pista";0;0;1;0;0;0;0;0;0;0;2;0;0;0;0
"16/11/2023";"05:12:00";"252";"Acidente c";"257.37";"BR-163/MS";"NORTE";"Colisão com veículos (traseira)";0;1;0;1;0;0;0;0;0;0;1;1;0;0;0
"17/11/2023";"11:04:00";"180";"Acidente s";"751.395";"BR-163/MS";"SUL";"Saídas de pista";1;0;0;0;0;0;0;0;0;0;1;0;0;0;0
"17/11/2023";"12:05:00";"194";"Acidente s";"7.95";"BR-163/MS";"SUL";"Colisão lateral no sentido contrário";0;0;0;0;0;1;0;0;0;1;2;0;0;0;0
"17/11/2023";"03:37:00";"242";"Acidente c";"615.354";"BR-163/MS";"SUL";"Colisão lateral no mesmo sentido";1;0;0;1;0;0;0;0;0;0;2;1;0;0;0
"17/11/2023";"07:48:00";"299";"Acidente s";"655.225";"BR-163/MS";"SUL";"Atropelamento de animais";0;0;1;0;0;0;0;0;0;0;1;0;0;0;0
"17/11/2023";"10:30:00";"337";"Acidente c";"255.45";"BR-163/MS";"SUL";"Colisão lateral no mesmo sentido";0;1;0;1;0;0;0;0;0;0;1;1;0;0;0
"18/11/2023";"01:11:00";"21";"Acidente c";"41.825";"BR-163/MS";"NORTE";"Capotamento";0;0;0;0;0;0;0;0;0;1;0;1;0;0;0
"18/11/2023";"04:08:00";"35";"Acidente s";"8.877";"BR-163/MS";"NORTE";"Colisão c/ obstáculos";1;0;0;0;0;0;0;0;0;0;1;0;0;0;0
"18/11/2023";"05:19:00";"44";"Acidente s";"208.205";"BR-163/MS";"SUL";"Colisão c/ obstáculos";1;0;0;0;0;0;0;0;0;0;1;0;0;0;0
"18/11/2023";"06:03:00";"50";"Acidente c";"489.943";"BR-163/MS";"SUL";"Tombamento de moto";0;0;0;1;0;0;0;0;0;0;0;0;1;0;0
"18/11/2023";"02:26:00";"165";"Acidente c";"615.394";"BR-163/MS";"SUL";"Colisão lateral no sentido contrário";0;0;0;1;0;0;0;0;0;1;1;1;0;0;0
"19/11/2023";"05:59:00";"54";"Acidente c";"204.144";"BR-163/MS";"NORTE";"Tombamento";0;0;1;0;0;1;0;0;0;0;1;0;1;0;0
"19/11/2023";"04:45:00";"183";"Acidente c";"550.742";"BR-163/MS";"SUL";"Saídas de pista";1;0;0;0;0;0;0;0;0;0;0;1;0;0;0
"19/11/2023";"04:59:00";"186";"Acidente s";"311.13";"BR-163/MS";"NORTE";"Outros";0;0;0;1;0;0;0;0;0;0;1;0;0;0;0
"20/11/2023";"12:17:00";"11";"Acidente s";"670.738";"BR-163/MS";"SUL";"Colisão c/ obstáculos";0;0;0;0;0;0;0;0;0;1;3;0;0;0;0
"20/11/2023";"05:44:00";"33";"Acidente s";"343.702";"BR-163/MS";"SUL";"Colisão c/ obstáculos";1;0;0;0;0;0;0;0;0;0;1;0;0;0;0
"20/11/2023";"01:21:00";"192";"Acidente s";"714.358";"BR-163/MS";"NORTE";"Saídas de pista";1;0;0;0;0;0;0;0;0;0;2;0;0;0;0
"20/11/2023";"03:12:00";"218";"Acidente s";"456.358";"BR-163/MS";"SUL";"Colisão lateral no sentido contrário";0;0;0;0;0;0;0;0;0;2;3;0;0;0;0
"20/11/2023";"05:36:00";"241";"Acidente c";"149.3";"BR-163/MS";"SUL";"Colisão c/ obstáculos";1;0;0;0;0;0;0;0;0;0;0;2;0;0;0
"20/11/2023";"08:00:00";"272";"Acidente s";"641.46";"BR-163/MS";"NORTE";"Atropelamento de animais";1;0;0;0;0;1;0;0;0;1;4;0;0;0;0
"20/11/2023";"10:51:00";"293";"Acidente c";"124.552";"BR-163/MS";"NORTE";"Tombamento de moto";0;0;0;1;0;0;0;0;0;0;0;1;0;0;0
"21/11/2023";"07:10:00";"84";"Acidente s";"486.338";"BR-163/MS";"NORTE";"Colisão lateral no sentido contrário";0;0;0;1;0;1;0;0;0;0;2;0;0;0;0
"21/11/2023";"08:58:00";"131";"Acidente s";"332.809";"BR-163/MS";"SUL";"Saídas de pista";1;0;0;0;0;0;0;0;0;0;1;0;0;0;0
"22/11/2023";"09:39:00";"165";"Acidente s";"484.399";"BR-163/MS";"SUL";"Colisão lateral no sentido contrário";1;0;0;0;0;0;0;0;0;1;2;0;0;0;0
"22/11/2023";"11:26:00";"194";"Acidente s";"613.94";"BR-163/MS";"SUL";"Saídas de pista";0;0;1;0;0;1;0;0;0;0;3;0;0;0;0
"22/11/2023";"03:12:00";"247";"Acidente c";"243.263";"BR-163/MS";"NORTE";"Colisão com veículos (traseira)";0;0;1;1;0;0;0;0;0;0;1;0;1;0;0
"22/11/2023";"08:01:00";"302";"Atropelame";"614.8";"BR-163/MS";"NORTE";"Atropelamento de pedestre";0;0;1;0;0;1;0;0;0;0;3;0;1;0;0
"23/11/2023";"09:28:00";"132";"Acidente c";"222.126";"BR-163/MS";"SUL";"Colisão lateral no sentido contrário";0;0;2;0;0;0;0;0;0;0;1;1;0;0;0
"23/11/2023";"10:15:00";"147";"Acidente s";"725.46";"BR-163/MS";"SUL";"Capotamento";0;0;0;0;0;0;0;0;0;1;1;0;0;0;0
"23/11/2023";"02:45:00";"201";"Acidente s";"7.59";"BR-163/MS";"NORTE";"Saídas de pista";0;0;0;0;0;0;0;0;0;1;1;0;0;0;0
"23/11/2023";"05:39:00";"243";"Acidente c";"257.25";"BR-163/MS";"NORTE";"Colisão c/ obstáculos";1;0;0;0;0;0;0;0;0;0;0;1;0;0;0
"23/11/2023";"06:30:00";"252";"Acidente s";"246.543";"BR-163/MS";"SUL";"Atropelamento de animais";1;0;0;0;0;0;0;0;0;0;1;0;0;0;0
"24/11/2023";"07:54:00";"289";"Acidente s";"254.827";"BR-163/MS";"SUL";"Colisão c/ obstáculos";0;0;0;0;0;0;0;0;0;1;2;0;0;0;0
"24/11/2023";"08:02:00";"290";"Acidente s";"254.386";"BR-163/MS";"SUL";"Colisão com veículos (traseira)";2;0;0;0;0;0;0;0;0;0;3;0;0;0;0
"25/11/2023";"04:43:00";"34";"Acidente s";"353.695";"BR-163/MS";"NORTE";"Atropelamento de animais";0;0;0;0;0;0;0;0;0;1;2;0;0;0;0
"25/11/2023";"04:00:00";"190";"Acidente c";"7.691";"BR-163/MS";"NORTE";"Colisão com veículos (traseira)";0;0;0;1;0;1;0;0;0;0;1;0;1;0;0
"25/11/2023";"07:08:00";"248";"Acidente s";"754.28";"BR-163/MS";"NORTE";"Atropelamento de animais";1;0;0;0;0;0;0;0;0;0;1;0;0;0;0
"26/11/2023";"04:36:00";"30";"Acidente c";"488.809";"BR-163/MS";"NORTE";"Colisão lateral no mesmo sentido";1;0;1;0;0;2;0;0;0;0;4;1;0;0;0
"26/11/2023";"05:05:00";"36";"Acidente s";"203.759";"BR-163/MS";"SUL";"Saídas de pista";1;0;0;0;0;0;0;0;0;0;1;0;0;0;0
"26/11/2023";"08:31:00";"100";"Acidente c";"398.74";"BR-163/MS";"NORTE";"Colisão com veículos (frontal)";0;0;1;0;0;1;0;0;0;1;2;0;1;0;0
"26/11/2023";"10:23:00";"119";"Acidente s";"814.53";"BR-163/MS";"SUL";"Saídas de pista";0;0;1;0;0;0;0;0;0;0;1;0;0;0;0
"26/11/2023";"01:01:00";"145";"Acidente s";"373.257";"BR-163/MS";"NORTE";"Capotamento";0;0;0;0;0;0;0;0;0;1;1;0;0;0;0
"26/11/2023";"02:14:00";"158";"Acidente s";"35.348";"BR-163/MS";"NORTE";"Colisão com veículos (traseira)";1;0;0;0;0;1;0;0;0;0;4;0;0;0;0
"26/11/2023";"02:31:00";"162";"Acidente c";"567.167";"BR-163/MS";"NORTE";"Tombamento de moto";0;0;0;1;0;1;0;0;0;0;1;0;1;0;0
"26/11/2023";"03:56:00";"181";"Acidente s";"283.769";"BR-163/MS";"SUL";"Colisão com veículos (traseira)";1;0;0;0;0;0;0;0;0;1;3;0;0;0;0
"26/11/2023";"04:03:00";"184";"Acidente s";"392.106";"BR-163/MS";"NORTE";"Colisão lateral no mesmo sentido";2;0;0;0;0;0;0;0;0;0;3;0;0;0;0
"26/11/2023";"05:21:00";"201";"Acidente s";"600.892";"BR-163/MS";"SUL";"Saídas de pista";1;0;0;0;0;0;0;0;0;0;2;0;0;0;0
"26/11/2023";"06:58:00";"247";"Acidente c";"277.576";"BR-163/MS";"SUL";"Tombamento de moto";0;0;0;1;0;0;0;0;0;0;0;1;0;0;0
"26/11/2023";"07:18:00";"249";"Acidente c";"501.632";"BR-163/MS";"NORTE";"Atropelamento de animais";1;0;0;0;0;0;0;0;0;0;0;1;0;0;0
"26/11/2023";"10:35:00";"266";"Acidente s";"348.227";"BR-163/MS";"NORTE";"Atropelamento de animais";0;0;0;0;0;0;0;0;0;1;1;0;0;0;0
"27/11/2023";"12:42:00";"19";"Acidente s";"590.334";"BR-163/MS";"NORTE";"Atropelamento de animais";1;0;0;0;0;0;0;0;0;0;1;0;0;0;0
"27/11/2023";"07:35:00";"116";"Acidente c";"489.79";"BR-163/MS";"SUL";"Tombamento de moto";0;0;1;1;0;2;0;0;0;0;3;1;0;0;0
"27/11/2023";"09:24:00";"160";"Acidente c";"481.631";"BR-163/MS";"NORTE";"Colisão lateral no sentido contrário";1;0;0;1;0;0;0;0;0;0;2;1;0;0;0
"27/11/2023";"02:21:00";"230";"Acidente c";"278.774";"BR-163/MS";"SUL";"Tombamento de moto";0;0;0;1;0;0;0;0;0;0;0;1;0;0;0
"27/11/2023";"04:15:00";"259";"Acidente s";"443.561";"BR-163/MS";"NORTE";"Saídas de pista";1;0;0;0;0;0;0;0;0;0;1;0;0;0;0
"27/11/2023";"08:58:00";"356";"Acidente c";"225.597";"BR-163/MS";"SUL";"Colisão com veículos (frontal)";1;0;1;0;0;1;0;0;0;0;2;0;2;2;0
"28/11/2023";"07:40:00";"118";"Acidente c";"615.347";"BR-163/MS";"SUL";"Colisão lateral no sentido contrário";1;0;0;1;0;0;0;0;0;0;2;0;0;0;0
"30/11/2023";"11:11:00";"172";"Acidente s";"17.65";"BR-163/MS";"SUL";"Colisão com veículos (traseira)";0;0;1;0;0;0;0;0;0;1;2;0;0;0;0
"30/11/2023";"12:19:00";"184";"Acidente s";"432.217";"BR-163/MS";"NORTE";"Colisão c/ obstáculos";0;0;1;0;0;0;0;0;0;0;1;0;0;0;0
"30/11/2023";"08:06:00";"266";"Acidente c";"615.38";"BR-163/MS";"NORTE";"Colisão lateral no mesmo sentido";0;0;0;1;0;0;0;0;0;1;1;1;0;0;0
"01/12/2023";"12:08:00";"207";"Acidente s";"491.565";"BR-163/MS";"SUL";"Colisão com veículos (traseira)";0;0;0;1;0;0;0;0;0;1;2;0;0;0;0
"01/12/2023";"08:07:00";"327";"Acidente s";"416.415";"BR-163/MS";"NORTE";"Colisão c/ obstáculos";1;0;0;0;0;0;0;0;0;0;1;0;0;0;0
"01/12/2023";"08:44:00";"331";"Acidente s";"523.136";"BR-163/MS";"NORTE";"Colisão lateral no mesmo sentido";0;0;1;0;0;1;0;0;0;0;2;0;0;0;0
"02/12/2023";"03:33:00";"214";"Acidente c";"259.289";"BR-163/MS";"NORTE";"Tombamento de moto";0;0;0;1;0;0;0;0;0;0;0;1;0;0;0
"02/12/2023";"11:12:00";"326";"Acidente s";"184.446";"BR-163/MS";"NORTE";"Atropelamento de animais";1;0;0;0;0;0;0;0;0;0;2;0;0;0;0
"03/12/2023";"09:31:00";"121";"Acidente s";"666";"BR-163/MS";"SUL";"Colisão lateral no mesmo sentido";0;0;2;0;0;0;0;0;0;0;2;0;0;0;0
"03/12/2023";"08:33:00";"282";"Acidente c";"254.5";"BR-163/MS";"NORTE";"Saídas de pista";1;0;0;0;0;0;0;0;0;0;0;0;1;0;0
"04/12/2023";"02:01:00";"23";"Acidente s";"73.852";"BR-163/MS";"SUL";"Tombamento de moto";0;0;0;1;0;0;0;0;0;0;1;0;0;0;0
"04/12/2023";"02:10:00";"243";"Acidente s";"108.148";"BR-163/MS";"SUL";"Outros";0;0;0;0;0;0;0;0;0;1;2;0;0;0;0
"05/12/2023";"08:35:00";"129";"Acidente s";"268.636";"BR-163/MS";"SUL";"Saídas de pista";0;0;0;0;0;0;0;0;0;1;1;0;0;0;0
"05/12/2023";"09:55:00";"159";"Acidente s";"554.254";"BR-163/MS";"SUL";"Capotamento";1;0;0;0;0;0;0;0;0;0;1;0;0;0;0
"05/12/2023";"10:39:00";"174";"Acidente s";"270.15";"BR-163/MS";"NORTE";"Colisão lateral no mesmo sentido";1;0;1;0;0;1;0;0;0;0;4;0;0;0;0
"05/12/2023";"03:48:00";"252";"Acidente s";"744.157";"BR-163/MS";"SUL";"Atropelamento de animais";1;0;0;0;0;0;0;0;0;0;1;0;0;0;0
"05/12/2023";"07:32:00";"334";"Acidente s";"75.591";"BR-163/MS";"SUL";"Tombamento";0;0;1;0;0;0;0;0;0;0;2;0;0;0;0
"05/12/2023";"11:39:00";"400";"Acidente s";"402.973";"BR-163/MS";"NORTE";"Atropelamento de animais";1;0;0;0;0;0;0;0;0;0;4;0;0;0;0
"06/12/2023";"02:51:00";"28";"Acidente s";"838.837";"BR-163/MS";"SUL";"Atropelamento de animais";1;0;0;0;0;0;0;0;0;0;3;0;0;0;0
"06/12/2023";"04:40:00";"38";"Acidente c";"290.566";"BR-163/MS";"NORTE";"Tombamento";0;0;1;0;0;1;0;0;0;0;1;0;1;0;0
"06/12/2023";"07:43:00";"83";"Acidente s";"6.144";"BR-163/MS";"NORTE";"Colisão com veículos (traseira)";1;0;0;0;0;1;0;0;0;0;5;0;0;0;0
"06/12/2023";"07:45:00";"84";"Acidente s";"349.314";"BR-163/MS";"NORTE";"Tombamento";0;0;1;0;0;1;0;0;0;0;2;0;0;0;0
"06/12/2023";"10:30:00";"195";"Acidente c";"31.424";"BR-163/MS";"NORTE";"Tombamento";2;0;1;0;0;0;0;0;0;0;2;0;0;1;0
"06/12/2023";"11:18:00";"210";"Acidente s";"174.736";"BR-163/MS";"SUL";"Colisão lateral no sentido contrário";0;0;2;0;0;2;0;0;0;0;4;0;0;0;0
"06/12/2023";"04:26:00";"267";"Acidente c";"475.406";"BR-163/MS";"NORTE";"Engavetamento";0;0;3;0;0;3;0;0;0;1;6;2;0;0;0
"06/12/2023";"07:26:00";"294";"Acidente s";"28.724";"BR-163/MS";"NORTE";"Saídas de pista";0;0;2;0;0;2;0;0;0;0;4;0;0;0;0
"06/12/2023";"11:30:00";"362";"Acidente c";"425.28";"BR-163/MS";"SUL";"Colisão com veículos (traseira)";1;0;0;0;0;0;0;0;0;1;1;0;2;0;0
"06/12/2023";"11:41:00";"363";"Acidente s";"394.6";"BR-163/MS";"SUL";"Saídas de pista";0;0;1;0;0;0;0;0;0;0;1;0;0;0;0
"07/12/2023";"06:09:00";"65";"Acidente s";"400.113";"BR-163/MS";"NORTE";"Tombamento";0;0;1;0;0;0;0;0;0;0;1;0;0;0;0
"07/12/2023";"06:27:00";"71";"Acidente s";"118.939";"BR-163/MS";"SUL";"Saídas de pista";0;0;0;0;0;0;0;0;0;1;2;0;0;0;0
"07/12/2023";"07:44:00";"135";"Acidente c";"478";"BR-163/MS";"SUL";"Colisão lateral no mesmo sentido";0;0;1;1;0;0;0;0;0;0;1;0;0;1;0
"07/12/2023";"04:28:00";"308";"Acidente c";"85.575";"BR-163/MS";"NORTE";"Colisão com veículos (traseira)";0;0;2;0;0;0;0;0;0;0;0;11;0;0;0
"07/12/2023";"06:30:00";"335";"Acidente s";"238.556";"BR-163/MS";"NORTE";"Tombamento de moto";0;0;0;1;0;0;0;0;0;0;1;0;0;0;0
"07/12/2023";"09:42:00";"363";"Acidente c";"484.383";"BR-163/MS";"NORTE";"Colisão lateral no sentido contrário";1;0;0;1;0;0;0;0;0;0;1;0;1;0;0
"08/12/2023";"12:18:00";"12";"Acidente s";"511.201";"BR-163/MS";"NORTE";"Saídas de pista";1;0;0;0;0;0;0;0;0;0;1;0;0;0;0
"08/12/2023";"07:01:00";"76";"Acidente s";"252.8";"BR-163/MS";"NORTE";"Saídas de pista";0;0;0;0;0;0;0;0;0;1;1;0;0;0;0
"08/12/2023";"06:43:00";"332";"Acidente c";"765.315";"BR-163/MS";"NORTE";"Atropelamento de animais";1;0;0;0;0;0;0;0;0;0;1;1;0;0;0
"09/12/2023";"08:08:00";"104";"Acidente c";"506.324";"BR-163/MS";"SUL";"Colisão com veículos (traseira)";1;0;0;0;0;0;0;0;0;1;0;1;0;0;1
"09/12/2023";"04:58:00";"224";"Acidente s";"479.166";"BR-163/MS";"SUL";"Colisão lateral no mesmo sentido";2;0;0;0;0;0;0;0;0;0;5;0;0;0;0
"09/12/2023";"05:16:00";"228";"Acidente s";"490.214";"BR-163/MS";"NORTE";"Outros";1;0;0;0;0;0;0;0;0;0;1;0;0;0;0
"10/12/2023";"12:04:00";"11";"Acidente s";"246.227";"BR-163/MS";"SUL";"Colisão c/ obstáculos";1;0;0;0;0;0;0;0;0;0;2;0;0;0;0
"10/12/2023";"01:19:00";"30";"Acidente s";"79.23";"BR-163/MS";"SUL";"Colisão c/ obstáculos";1;0;0;0;0;0;0;0;0;0;1;0;0;0;0
"10/12/2023";"03:39:00";"43";"Acidente s";"386.227";"BR-163/MS";"SUL";"Atropelamento de animais";1;0;0;0;0;0;0;0;0;0;1;0;0;0;0
"10/12/2023";"09:28:00";"113";"Acidente s";"475.45";"BR-163/MS";"NORTE";"Colisão com veículos (traseira)";0;0;1;0;0;1;0;0;0;1;6;0;0;0;0
"10/12/2023";"02:16:00";"168";"Acidente c";"263.135";"BR-163/MS";"SUL";"Colisão com veículos (frontal)";2;0;0;0;0;0;0;0;0;0;2;0;1;0;0
"10/12/2023";"08:28:00";"268";"Acidente s";"154.985";"BR-163/MS";"NORTE";"Saídas de pista";1;0;0;0;0;0;0;0;0;0;2;0;0;0;0
"10/12/2023";"09:18:00";"275";"Acidente s";"818.384";"BR-163/MS";"NORTE";"Saídas de pista";0;0;1;0;0;0;0;0;0;0;1;0;0;0;0
"10/12/2023";"11:25:00";"291";"Acidente c";"171.9";"BR-163/MS";"NORTE";"Saídas de pista";1;0;0;0;0;0;0;0;0;0;1;0;0;1;0
"11/12/2023";"01:24:00";"17";"Acidente s";"499.8";"BR-163/MS";"SUL";"Saídas de pista";1;0;0;0;0;0;0;0;0;0;1;0;0;0;0
"11/12/2023";"03:02:00";"35";"Acidente s";"490.635";"BR-163/MS";"NORTE";"Tombamento de moto";0;0;0;1;0;0;0;0;0;0;1;0;0;0;0
"11/12/2023";"06:58:00";"62";"Acidente c";"327.244";"BR-163/MS";"NORTE";"Tombamento de moto";0;0;0;1;0;0;0;0;0;0;0;1;1;0;0
"11/12/2023";"04:21:00";"238";"Acidente s";"416.983";"BR-163/MS";"NORTE";"Tombamento de moto";0;0;0;1;0;0;0;0;0;1;4;0;0;0;0
"11/12/2023";"05:41:00";"257";"Acidente s";"530";"BR-163/MS";"NORTE";"Outros";0;0;0;1;0;0;0;0;0;0;1;0;0;0;0
"11/12/2023";"10:55:00";"322";"Acidente s";"534.952";"BR-163/MS";"NORTE";"Atropelamento de animais";1;0;0;0;0;0;0;0;0;0;2;0;0;0;0
"12/12/2023";"04:32:00";"278";"Acidente s";"490.595";"BR-163/MS";"NORTE";"Engavetamento";3;0;0;0;0;0;0;0;0;0;4;0;0;0;0