data;horario;n_da_ocorrencia;tipo_de_ocorrencia;km;trecho;sentido;tipo_de_acidente;automovel;bicicleta;caminhao;moto;onibus;outros;tracao_animal;transporte_de_cargas_especiais;trator_maquinas;utilitarios;ilesos;levemente_feridos;moderadamente_feridos;gravemente_feridos;mortos
"12/12/2023";"04:56:00";"283";"Acidente s";"279.581";"BR-163/MS";"SUL";"Saídas de pista";1;0;0;0;0;0;0;0;0;0;3;0;0;0;0
"12/12/2023";"05:19:00";"290";"Acidente s";"646";"BR-163/MS";"NORTE";"Outros";0;0;1;0;0;0;0;0;0;0;1;0;0;0;0
"13/12/2023";"05:02:00";"42";"Acidente s";"838.324";"BR-163/MS";"NORTE";"Tombamento";0;0;1;0;0;1;0;0;0;0;2;0;0;0;0
"13/12/2023";"03:38:00";"251";"Acidente s";"606.2";"BR-163/MS";"NORTE";"Colisão com veículos (traseira)";1;0;1;0;0;0;0;0;0;0;6;0;0;0;0
"13/12/2023";"03:39:00";"252";"Acidente c";"134.869";"BR-163/MS";"NORTE";"Tombamento de moto";0;0;0;1;0;0;0;0;0;0;0;1;0;0;0
"13/12/2023";"05:18:00";"275";"Acidente s";"482.133";"BR-163/MS";"NORTE";"Colisão com veículos (traseira)";0;0;1;0;0;1;0;0;0;0;2;0;0;0;0
"13/12/2023";"08:56:00";"318";"Acidente c";"583.39";"BR-163/MS";"NORTE";"Capotamento";0;0;0;0;0;0;0;0;0;1;0;1;1;0;0
"13/12/2023";"11:00:00";"336";"Acidente c";"191.623";"BR-163/MS";"NORTE";"Tombamento";0;0;1;0;0;1;0;0;0;0;1;1;0;0;0
"14/12/2023";"12:21:00";"11";"Acidente s";"826.846";"BR-163/MS";"NORTE";"Atropelamento de animais";1;0;0;0;0;0;0;0;0;0;1;0;0;0;0
"14/12/2023";"12:24:00";"12";"Acidente c";"826.899";"BR-163/MS";"NORTE";"Colisão c/ obstáculos";1;0;0;0;0;0;0;0;0;0;2;1;0;0;0
"14/12/2023";"02:47:00";"30";"Acidente s";"414.252";"BR-163/MS";"NORTE";"Colisão com veículos (traseira)";1;0;0;0;0;1;0;0;0;0;2;0;0;0;0
"14/12/2023";"02:12:00";"239";"Acidente c";"39.222";"BR-163/MS";"SUL";"Colisão lateral no mesmo sentido";0;0;0;1;0;0;0;0;0;1;3;1;0;0;0
"14/12/2023";"11:16:00";"393";"Acidente s";"424.338";"BR-163/MS";"SUL";"Atropelamento de animais";0;0;0;0;0;0;0;0;0;1;1;0;0;0;0
"15/12/2023";"06:59:00";"66";"Acidente c";"612.25";"BR-163/MS";"SUL";"Engavetamento";1;0;0;0;0;0;0;0;0;2;4;2;0;0;0
"15/12/2023";"01:05:00";"234";"Acidente c";"485.92";"BR-163/MS";"NORTE";"Colisão com veículos (traseira)";0;0;2;0;0;0;0;0;0;0;1;1;2;0;0
"15/12/2023";"03:12:00";"262";"Acidente c";"265.185";"BR-163/MS";"NORTE";"Capotamento";1;0;0;0;0;0;0;0;0;0;0;1;0;0;0
"15/12/2023";"04:44:00";"286";"Acidente s";"156.989";"BR-163/MS";"SUL";"Tombamento";0;0;1;0;0;0;0;0;0;0;2;0;0;0;0
"15/12/2023";"07:41:00";"333";"Acidente c";"19.352";"BR-163/MS";"NORTE";"Colisão lateral no sentido contrário";2;0;0;0;0;0;0;0;0;0;1;1;0;0;0
"16/12/2023";"12:47:00";"16";"Acidente c";"260.751";"BR-163/MS";"SUL";"Colisão com veículos (traseira)";0;0;0;1;0;0;0;0;0;1;1;0;1;0;0
"16/12/2023";"11:53:00";"183";"Acidente s";"262";"BR-163/MS";"SUL";"Outros";1;0;0;1;0;0;0;0;0;0;2;0;0;0;0
"16/12/2023";"02:10:00";"220";"Acidente c";"494";"BR-163/MS";"NORTE";"Saídas de pista";1;0;0;0;0;0;0;0;0;0;0;0;0;0;1
"16/12/2023";"05:56:00";"287";"Acidente s";"735.89";"BR-163/MS";"SUL";"Colisão lateral no mesmo sentido";0;0;0;0;0;0;0;0;0;2;2;0;0;0;0
"17/12/2023";"04:48:00";"223";"Acidente c";"271.923";"BR-163/MS";"NORTE";"Capotamento";1;0;0;0;0;0;0;0;0;0;0;1;0;0;0
"17/12/2023";"04:50:00";"221";"Acidente s";"457.196";"BR-163/MS";"NORTE";"Colisão lateral no mesmo sentido";1;0;0;0;0;0;0;0;0;1;2;0;0;0;0
"17/12/2023";"07:28:00";"267";"Acidente s";"34.492";"BR-163/MS";"NORTE";"Saídas de pista";1;0;0;0;0;0;0;0;0;0;1;0;0;0;0
"17/12/2023";"08:11:00";"280";"Acidente s";"671.182";"BR-163/MS";"SUL";"Atropelamento de animais";0;0;1;0;0;1;0;0;0;0;2;0;0;0;0
"17/12/2023";"08:46:00";"285";"Acidente s";"403.89";"BR-163/MS";"NORTE";"Atropelamento de animais";1;0;0;0;0;0;0;0;0;0;3;0;0;0;0
"18/12/2023";"12:51:00";"15";"Acidente s";"479.688";"BR-163/MS";"SUL";"Colisão c/ obstáculos";0;0;1;0;0;0;0;0;0;0;1;0;0;0;0
"18/12/2023";"04:45:00";"49";"Acidente c";"479.709";"BR-163/MS";"NORTE";"Tombamento de moto";0;0;0;1;0;0;0;0;0;0;0;1;0;0;0
"18/12/2023";"09:32:00";"188";"Acidente s";"253.344";"BR-163/MS";"NORTE";"Colisão com veículos (traseira)";0;0;0;1;0;0;0;0;0;1;3;0;0;0;0
"18/12/2023";"03:28:00";"283";"Acidente s";"788.746";"BR-163/MS";"NORTE";"Colisão com veículos (traseira)";0;0;0;0;0;1;0;0;0;1;2;0;0;0;0
"18/12/2023";"04:49:00";"302";"Acidente s";"243";"BR-163/MS";"NORTE";"Outros";1;0;0;0;0;0;0;0;0;0;1;0;0;0;0
"18/12/2023";"09:20:00";"357";"Acidente s";"529.103";"BR-163/MS";"SUL";"Saídas de pista";0;0;0;0;0;0;0;0;0;1;3;0;0;0;0
"18/12/2023";"11:41:00";"397";"Acidente s";"407.91";"BR-163/MS";"NORTE";"Colisão com veículos (traseira)";1;0;0;0;0;1;0;0;0;0;2;0;0;0;0
"19/12/2023";"08:35:00";"164";"Acidente c";"172.517";"BR-163/MS";"SUL";"Colisão com veículos (traseira)";1;0;0;0;0;0;0;0;0;1;1;0;1;0;0
"19/12/2023";"01:47:00";"271";"Acidente c";"766.185";"BR-163/MS";"NORTE";"Tombamento";1;0;0;0;0;0;0;0;0;0;0;3;0;0;0
"19/12/2023";"03:26:00";"298";"Acidente s";"481.63";"BR-163/MS";"NORTE";"Colisão com veículos (traseira)";1;0;0;0;0;0;0;0;0;1;2;0;0;0;0
"19/12/2023";"03:52:00";"306";"Acidente s";"486.356";"BR-163/MS";"NORTE";"Colisão lateral no sentido contrário";0;0;1;0;0;1;0;0;0;1;6;0;0;0;0
"20/12/2023";"06:11:00";"48";"Acidente c";"506.514";"BR-163/MS";"NORTE";"Colisão com veículos (traseira)";1;0;0;1;0;0;0;0;0;0;3;2;1;1;0
"20/12/2023";"03:29:00";"233";"Acidente s";"477.962";"BR-163/MS";"SUL";"Colisão lateral no mesmo sentido";2;0;0;0;0;0;0;0;0;0;4;0;0;0;0
"20/12/2023";"04:26:00";"249";"Acidente s";"46.804";"BR-163/MS";"SUL";"Capotamento";1;0;0;0;0;0;0;0;0;0;1;0;0;0;0
"20/12/2023";"08:32:00";"322";"Acidente s";"628.191";"BR-163/MS";"SUL";"Colisão c/ obstáculos";1;0;0;0;0;0;0;0;0;0;1;0;0;0;0
"20/12/2023";"10:13:00";"335";"Acidente c";"686.212";"BR-163/MS";"NORTE";"Colisão lateral no mesmo sentido";1;0;0;0;0;0;0;0;0;1;1;1;0;0;0
"21/12/2023";"12:48:00";"15";"Acidente s";"110.168";"BR-163/MS";"NORTE";"Capotamento";0;0;0;0;0;0;0;0;0;1;1;0;0;0;0
"21/12/2023";"07:30:00";"62";"Acidente s";"64";"BR-163/MS";"NORTE";"Saídas de pista";0;0;0;0;0;0;0;0;0;1;4;0;0;0;0
"21/12/2023";"08:35:00";"113";"Acidente c";"16.25";"BR-163/MS";"NORTE";"Colisão lateral no sentido contrário";1;0;0;1;0;0;0;0;0;0;2;2;0;0;0
"21/12/2023";"09:52:00";"152";"Acidente s";"126.927";"BR-163/MS";"NORTE";"Saídas de pista";0;0;0;0;0;0;0;0;0;1;3;0;0;0;0
"21/12/2023";"10:08:00";"156";"Acidente s";"341.679";"BR-163/MS";"SUL";"Colisão com veículos (traseira)";1;0;0;0;0;0;0;0;0;1;2;0;0;0;0
"21/12/2023";"10:43:00";"169";"Acidente s";"479.964";"BR-163/MS";"NORTE";"Colisão c/ obstáculos";0;0;1;0;0;0;0;0;0;0;2;0;0;0;0
"21/12/2023";"11:13:00";"177";"Acidente c";"145";"BR-163/MS";"NORTE";"Saídas de pista";1;0;0;0;0;0;0;0;0;0;0;2;0;0;0
"21/12/2023";"04:59:00";"296";"Acidente c";"4.613";"BR-163/MS";"NORTE";"Colisão lateral no mesmo sentido";1;0;1;0;0;1;0;0;0;0;2;1;0;0;0
"21/12/2023";"09:46:00";"368";"Acidente c";"492.276";"BR-163/MS";"SUL";"Colisão com veículos (frontal)";0;0;0;1;0;0;0;0;0;1;3;0;0;0;1
"22/12/2023";"12:54:00";"16";"Acidente c";"255.84";"BR-163/MS";"SUL";"Capotamento";1;0;0;0;0;0;0;0;0;0;0;0;0;0;2
"22/12/2023";"12:57:00";"216";"Acidente s";"127.1";"BR-163/MS";"SUL";"Saídas de pista";0;0;0;0;0;0;0;0;0;1;2;0;0;0;0
"22/12/2023";"02:16:00";"253";"Acidente c";"728.508";"BR-163/MS";"SUL";"Engavetamento";2;0;0;0;0;0;0;0;0;1;8;1;0;0;0
"22/12/2023";"03:09:00";"268";"Acidente s";"389.278";"BR-163/MS";"SUL";"Colisão lateral no mesmo sentido";0;0;1;0;0;1;0;0;0;1;4;0;0;0;0
"22/12/2023";"07:08:00";"404";"Acidente s";"673.888";"BR-163/MS";"SUL";"Atropelamento de animais";1;0;0;0;0;0;0;0;0;0;1;0;0;0;0
"22/12/2023";"10:28:00";"441";"Acidente c";"305.725";"BR-163/MS";"SUL";"Capotamento";0;0;0;0;0;0;0;0;0;1;0;1;0;0;0
"23/12/2023";"12:45:00";"14";"Acidente s";"195.253";"BR-163/MS";"NORTE";"Atropelamento de animais";1;0;0;0;0;0;0;0;0;0;5;0;0;0;0
"23/12/2023";"07:19:00";"98";"Acidente s";"377.232";"BR-163/MS";"NORTE";"Colisão com veículos (traseira)";2;0;0;0;0;0;0;0;0;0;6;0;0;0;0
"23/12/2023";"07:43:00";"113";"Acidente c";"482.309";"BR-163/MS";"NORTE";"Colisão lateral no sentido contrário";2;0;0;0;0;0;0;0;0;0;5;0;1;0;0
"23/12/2023";"08:07:00";"124";"Acidente c";"383.596";"BR-163/MS";"SUL";"Tombamento";0;0;0;0;0;0;0;0;0;1;4;1;0;0;0
"23/12/2023";"09:20:00";"143";"Acidente s";"27.85";"BR-163/MS";"NORTE";"Colisão lateral no mesmo sentido";1;0;1;0;0;1;0;0;0;0;6;0;0;0;0
"23/12/2023";"12:43:00";"212";"Acidente c";"148.304";"BR-163/MS";"SUL";"Colisão lateral no mesmo sentido";1;0;1;0;0;1;0;0;0;0;2;2;0;0;0
"23/12/2023";"02:41:00";"244";"Acidente c";"264.929";"BR-163/MS";"NORTE";"Colisão c/ obstáculos";1;0;0;0;0;0;0;0;0;0;0;1;0;0;0
"23/12/2023";"07:45:00";"362";"Acidente c";"492.447";"BR-163/MS";"NORTE";"Colisão lateral no mesmo sentido";1;0;1;0;0;2;0;0;0;0;3;0;0;1;0
"24/12/2023";"12:34:00";"11";"Acidente c";"330.843";"BR-163/MS";"NORTE";"Tombamento de moto";0;0;0;1;0;0;0;0;0;0;1;1;0;0;0
"24/12/2023";"06:05:00";"41";"Acidente c";"96.222";"BR-163/MS";"NORTE";"Capotamento";1;0;0;0;0;0;0;0;0;0;0;0;1;0;0
"24/12/2023";"09:07:00";"91";"Acidente s";"119.551";"BR-163/MS";"SUL";"Engavetamento";0;0;0;0;0;0;0;0;0;3;7;0;0;0;0
"24/12/2023";"10:45:00";"120";"Atropelame";"477.935";"BR-163/MS";"NORTE";"Atropelamento de pedestre";1;0;0;0;0;0;0;0;0;0;1;1;0;0;0
"24/12/2023";"10:51:00";"123";"Acidente c";"489.444";"BR-163/MS";"SUL";"Colisão com veículos (traseira)";1;0;0;1;0;0;0;0;0;0;1;0;2;0;0
"24/12/2023";"02:56:00";"199";"Acidente c";"569.627";"BR-163/MS";"NORTE";"Colisão com veículos (frontal)";2;0;0;0;0;0;0;0;0;0;0;0;2;3;1
"24/12/2023";"06:53:00";"273";"Acidente c";"249.658";"BR-163/MS";"SUL";"Colisão com veículos (traseira)";1;0;0;1;0;0;0;0;0;0;1;1;0;0;0
"24/12/2023";"09:30:00";"291";"Acidente s";"256.421";"BR-163/MS";"NORTE";"Saídas de pista";1;0;0;0;0;0;0;0;0;0;1;0;0;0;0
"25/12/2023";"07:01:00";"70";"Acidente s";"522.589";"BR-163/MS";"NORTE";"Saídas de pista";1;0;0;0;0;0;0;0;0;0;1;0;0;0;0
"25/12/2023";"12:40:00";"110";"Acidente s";"762.596";"BR-163/MS";"NORTE";"Saídas de pista";0;0;1;0;0;0;0;0;0;0;2;0;0;0;0
"25/12/2023";"02:32:00";"119";"Acidente s";"365.109";"BR-163/MS";"NORTE";"Capotamento";1;0;0;0;0;0;0;0;0;0;1;0;0;0;0
"25/12/2023";"04:16:00";"143";"Acidente s";"279.821";"BR-163/MS";"NORTE";"Colisão com veículos (traseira)";1;0;0;0;0;0;0;0;0;1;8;0;0;0;0
"25/12/2023";"11:25:00";"262";"Acidente s";"660.228";"BR-163/MS";"NORTE";"Atropelamento de animais";1;0;0;0;0;0;0;0;0;0;2;0;0;0;0
"26/12/2023";"12:30:00";"12";"Acidente s";"772.801";"BR-163/MS";"NORTE";"Atropelamento de animais";1;0;0;0;0;0;0;0;0;0;5;0;0;0;0
"26/12/2023";"02:15:00";"257";"Acidente s";"710.176";"BR-163/MS";"NORTE";"Capotamento";0;0;0;0;0;0;0;0;0;1;4;0;0;0;0
"26/12/2023";"02:48:00";"265";"Acidente s";"13.219";"BR-163/MS";"NORTE";"Saídas de pista";1;0;0;0;0;0;0;0;0;0;1;0;0;0;0
"26/12/2023";"03:07:00";"287";"Acidente c";"385.9";"BR-163/MS";"SUL";"Tombamento";0;0;0;1;0;0;0;0;0;0;0;0;0;0;1
"26/12/2023";"03:16:00";"289";"Acidente c";"1.345";"BR-163/MS";"SUL";"Colisão lateral no mesmo sentido";0;0;0;1;0;0;0;0;0;1;2;1;0;0;0
"26/12/2023";"04:41:00";"310";"Acidente c";"365.878";"BR-163/MS";"NORTE";"Engavetamento";3;0;0;0;0;0;0;0;0;1;7;1;0;0;0
"27/12/2023";"12:54:00";"12";"Acidente s";"681.848";"BR-163/MS";"NORTE";"Atropelamento de animais";1;0;0;0;0;0;0;0;0;0;3;0;0;0;0
"27/12/2023";"03:00:00";"25";"Acidente s";"424.147";"BR-163/MS";"NORTE";"Capotamento";0;0;0;0;0;0;0;0;0;1;1;0;0;0;0
"27/12/2023";"06:49:00";"54";"Acidente s";"365.563";"BR-163/MS";"SUL";"Colisão com veículos (traseira)";1;0;0;0;0;0;0;0;0;0;1;0;0;0;0
"27/12/2023";"07:19:00";"66";"Acidente s";"394.705";"BR-163/MS";"SUL";"Atropelamento de animais";1;0;0;0;0;0;0;0;0;0;2;0;0;0;0
"27/12/2023";"08:00:00";"85";"Acidente s";"132.332";"BR-163/MS";"NORTE";"Engavetamento";2;0;0;0;0;0;0;0;0;1;10;0;0;0;0
"27/12/2023";"10:09:00";"163";"Acidente s";"4.744";"BR-163/MS";"NORTE";"Colisão com veículos (traseira)";1;0;0;0;0;0;0;0;0;1;3;0;0;0;0
"27/12/2023";"07:05:00";"318";"Acidente s";"498.842";"BR-163/MS";"SUL";"Atropelamento de animais";0;0;0;0;0;0;0;0;0;1;3;0;0;0;0
"28/12/2023";"12:37:00";"11";"Acidente s";"275.9";"BR-163/MS";"NORTE";"Saídas de pista";0;0;0;0;0;0;0;0;0;1;1;0;0;0;0
"28/12/2023";"04:56:00";"48";"Acidente s";"7.657";"BR-163/MS";"NORTE";"Capotamento";1;0;0;0;0;0;0;0;0;0;1;0;0;0;0
"28/12/2023";"12:39:00";"218";"Acidente c";"494.62";"BR-163/MS";"NORTE";"Colisão com veículos (frontal)";2;0;0;0;0;0;0;0;0;0;1;2;3;0;0
"28/12/2023";"06:45:00";"343";"Acidente c";"486.579";"BR-163/MS";"NORTE";"Colisão lateral no mesmo sentido";0;0;0;2;0;0;0;0;0;0;1;0;1;0;0
"29/12/2023";"01:52:00";"249";"Acidente s";"477.484";"BR-163/MS";"SUL";"Colisão com veículos (traseira)";0;0;1;0;0;0;0;0;0;1;5;0;0;0;0
"29/12/2023";"05:12:00";"299";"Acidente c";"510.215";"BR-163/MS";"NORTE";"Colisão lateral no mesmo sentido";1;0;0;0;0;0;0;0;0;1;2;3;0;0;0
"29/12/2023";"06:32:00";"321";"Acidente s";"566.388";"BR-163/MS";"SUL";"Saídas de pista";1;0;0;0;0;0;0;0;0;0;4;0;0;0;0
"29/12/2023";"06:52:00";"326";"Acidente c";"460.637";"BR-163/MS";"SUL";"Colisão lateral no sentido contrário";1;0;0;1;0;0;0;0;0;0;3;1;0;0;0
"30/12/2023";"03:55:00";"24";"Acidente c";"761.872";"BR-163/MS";"NORTE";"Atropelamento de animais";1;0;0;0;0;0;0;0;0;0;4;1;0;0;0
"30/12/2023";"04:53:00";"237";"Acidente s";"511.574";"BR-163/MS";"SUL";"Colisão lateral no sentido contrário";1;0;0;0;0;1;0;0;0;0;2;0;0;0;0
"30/12/2023";"05:31:00";"246";"Acidente s";"554.162";"BR-163/MS";"SUL";"Tombamento";0;0;1;0;0;0;0;0;0;0;2;0;0;0;0
"31/12/2023";"12:26:00";"13";"Acidente s";"306.3";"BR-163/MS";"NORTE";"Atropelamento de animais";1;0;0;0;0;0;0;0;0;0;5;0;0;0;0
"31/12/2023";"04:42:00";"29";"Acidente s";"772.6";"BR-163/MS";"SUL";"Atropelamento de animais";0;0;0;0;0;0;0;0;0;1;5;0;0;0;0
"31/12/2023";"02:30:00";"208";"Acidente s";"308.108";"BR-163/MS";"SUL";"Colisão lateral no mesmo sentido";1;0;0;0;0;1;0;0;0;0;5;0;0;0;0
"01/01/2024";"03:06:17";"300";"Sem vítima";"551,100";"BR-163/MS";"Crescente";"Colisão lateral no mesmo sentido";0;0;0;0;0;0;0;0;0;0;0;0;0;0;0
"01/01/2024";"03:27:24";"306";"Sem vítima";"39,722";"BR-163/MS";"Crescente";"Queda de moto";0;0;0;0;0;0;0;0;0;0;0;0;0;0;0
"01/01/2024";"03:44:37";"312";"Sem vítima";"172,446";"BR-163/MS";"Decrescente";"Colisão traseira";0;0;0;0;0;0;0;0;0;0;1;0;0;0;0
"01/01/2024";"07:12:44";"343";"Com vítima";"488,889";"BR-163/MS";"Crescente";"Queda de moto";0;0;0;0;0;0;0;0;0;0;0;0;2;0;0
"02/01/2024";"12:05:03";"27";"Com vítima";"256,165";"BR-163/MS";"Crescente";"Queda de moto";0;0;0;0;0;0;0;0;0;0;0;0;0;0;0
"02/01/2024";"03:45:32";"49";"Com vítima";"475,647";"BR-163/MS";"Crescente";"Colisão traseira";0;0;0;0;0;0;0;0;0;0;4;2;0;0;0
"02/01/2024";"05:43:15";"117";"Com vítima";"548,456";"BR-163/MS";"Crescente";"Colisão traseira";0;0;0;0;0;0;0;0;0;0;6;6;0;0;0
"02/01/2024";"07:06:50";"145";"Sem vítima";"224,372";"BR-163/MS";"Crescente";"Colisão traseira";0;0;0;0;0;0;0;0;0;0;12;0;0;0;0
"02/01/2024";"09:27:00";"186";"Sem vítima";"793,794";"BR-163/MS";"Crescente";"Acidentes de outra natureza";0;0;0;0;0;0;0;0;0;0;2;0;0;0;0
"02/01/2024";"11:35:56";"214";"Com vítima";"161,925";"BR-163/MS";"Crescente";"Colisão traseira";0;0;0;0;0;0;0;0;0;0;4;2;0;0;0
"02/01/2024";"02:35:43";"252";"Com vítima";"484,347";"BR-163/MS";"Crescente";"Colisão lateral no mesmo sentido";0;0;0;0;0;0;0;0;0;0;2;2;0;0;0
"02/01/2024";"04:32:10";"276";"Com vítima";"229,993";"BR-163/MS";"Crescente";"Queda de moto";0;0;0;0;0;0;0;0;0;0;2;2;0;0;0
"02/01/2024";"05:15:29";"283";"Sem vítima";"298,650";"BR-163/MS";"Decrescente";"Queda de moto";0;0;0;0;0;0;0;0;0;0;8;0;0;0;0
"02/01/2024";"11:18:59";"23";"Sem vítima";"54,337";"BR-163/MS";"Decrescente";"Atropelamento de animal";0;0;0;0;0;0;0;0;0;0;6;0;0;0;0
"03/01/2024";"12:40:53";"34";"Com vítima";"99,550";"BR-163/MS";"Crescente";"Colisão lateral no mesmo sentido";0;0;0;0;0;0;0;0;0;0;0;2;2;0;0
"03/01/2024";"04:56:22";"109";"Sem vítima";"775,800";"BR-163/MS";"Decrescente";"Acidentes de outra natureza";0;0;0;0;0;0;0;0;0;0;2;0;0;0;0
"03/01/2024";"07:49:34";"173";"Com vítima";"188,206";"BR-163/MS";"Crescente";"Engavetamento";0;0;0;0;0;0;0;0;0;0;16;2;0;0;0
"03/01/2024";"11:32:57";"216";"Sem vítima";"484,385";"BR-163/MS";"Crescente";"Colisão traseira";0;0;0;0;0;0;0;0;0;0;10;0;0;0;0
"03/01/2024";"12:17:46";"227";"Sem vítima";"91,359";"BR-163/MS";"Crescente";"Colisão traseira";0;0;0;0;0;0;0;0;0;0;0;0;0;0;0
"03/01/2024";"01:53:20";"260";"Sem vítima";"117,710";"BR-163/MS";"Crescente";"Capotamento";0;0;0;0;0;0;0;0;0;0;1;0;0;0;0
"05/01/2024";"03:15:53";"308";"Com vítima";"256,300";"BR-163/MS";"Crescente";"Queda de moto";0;0;0;0;0;0;0;0;0;0;0;2;0;0;0
"05/01/2024";"04:00:13";"318";"Sem vítima";"14,768";"BR-163/MS";"Decrescente";"Colisão traseira";0;0;0;0;0;0;0;0;0;0;12;0;0;0;0
"05/01/2024";"04:28:27";"323";"Sem vítima";"693,810";"BR-163/MS";"Crescente";"Atropelamento de animal";0;0;0;0;0;0;0;0;0;0;6;0;0;0;0
"05/01/2024";"04:37:50";"325";"Sem vítima";"500,546";"BR-163/MS";"Decrescente";"Atropelamento de animal";0;0;0;0;0;0;0;0;0;0;6;0;0;0;0
"05/01/2024";"08:18:19";"350";"Sem vítima";"316,755";"BR-163/MS";"Crescente";"Choque";0;0;0;0;0;0;0;0;0;0;2;0;0;0;0
"06/01/2024";"07:55:56";"150";"Com vítima";"725,555";"BR-163/MS";"Decrescente";"Acidentes de outra natureza";0;0;0;0;0;0;0;0;0;0;2;1;1;0;0
"06/01/2024";"09:45:12";"169";"Sem vítima";"820,452";"BR-163/MS";"Decrescente";"Colisão transversal";0;0;0;0;0;0;0;0;0;0;6;0;0;0;0
"06/01/2024";"04:03:41";"257";"Sem vítima";"676,826";"BR-163/MS";"Crescente";"Choque";0;0;0;0;0;0;0;0;0;0;2;0;0;0;0
"06/01/2024";"07:45:43";"287";"Sem vítima";"765,472";"BR-163/MS";"Crescente";"Atropelamento de animal";0;0;0;0;0;0;0;0;0;0;6;0;0;0;0
"06/01/2024";"08:26:10";"291";"Com vítima";"674,999";"BR-163/MS";"Decrescente";"Colisão traseira";0;0;0;0;0;0;0;0;0;0;2;4;0;0;0
"07/01/2024";"05:06:00";"103";"Com vítima";"485,461";"BR-163/MS";"Crescente";"Colisão frontal";0;0;0;0;0;0;0;0;0;0;2;6;2;0;0
"07/01/2024";"11:02:37";"189";"Sem vítima";"486,216";"BR-163/MS";"Decrescente";"Colisão traseira";0;0;0;0;0;0;0;0;0;0;6;0;0;0;0
"08/01/2024";"01:05:17";"36";"Com vítima";"84,445";"BR-163/MS";"Crescente";"Capotamento";0;0;0;0;0;0;0;0;0;0;1;1;0;0;0
"08/01/2024";"03:59:03";"67";"Com vítima";"366,499";"BR-163/MS";"Crescente";"Colisão traseira";0;0;0;0;0;0;0;0;0;0;6;4;0;0;0
"08/01/2024";"04:47:42";"81";"Sem vítima";"485,771";"BR-163/MS";"Decrescente";"Colisão traseira";0;0;0;0;0;0;0;0;0;0;4;0;0;0;0
"08/01/2024";"06:20:09";"127";"Sem vítima";"516,541";"BR-163/MS";"Crescente";"Acidentes de outra natureza";0;0;0;0;0;0;0;0;0;0;2;0;0;0;0
"08/01/2024";"07:16:54";"161";"Sem vítima";"484,771";"BR-163/MS";"Crescente";"Engavetamento";0;0;0;0;0;0;0;0;0;0;22;0;0;0;0
"08/01/2024";"04:50:58";"313";"Sem vítima";"384,755";"BR-163/MS";"Crescente";"Atropelamento de animal";0;0;0;0;0;0;0;0;0;0;6;0;0;0;0
"08/01/2024";"05:07:53";"316";"Sem vítima";"603,473";"BR-163/MS";"Decrescente";"Colisão traseira";0;0;0;0;0;0;0;0;0;0;6;0;0;0;0
"08/01/2024";"05:29:39";"318";"Com vítima";"77,527";"BR-163/MS";"Crescente";"Atropelamento de pedestre";0;0;0;0;0;0;0;0;0;0;0;4;0;0;0
"08/01/2024";"07:18:33";"358";"Com vítima";"265,227";"BR-163/MS";"Decrescente";"Colisão frontal";0;0;0;0;0;0;0;0;0;0;4;2;0;0;0
"09/01/2024";"06:17:40";"171";"Sem vítima";"618,200";"BR-163/MS";"Crescente";"Colisão traseira";0;0;0;0;0;0;0;0;0;0;12;0;0;0;0
"09/01/2024";"11:46:17";"265";"Com vítima";"181,657";"BR-163/MS";"Crescente";"Colisão transversal";0;0;0;0;0;0;0;0;0;0;6;4;0;0;0
"09/01/2024";"03:01:00";"313";"Com vítima";"484,406";"BR-163/MS";"Decrescente";"Colisão transversal";0;0;0;0;0;0;0;0;0;0;6;2;0;0;0
"09/01/2024";"03:50:30";"323";"Com vítima";"679,335";"BR-163/MS";"Crescente";"Colisão traseira";0;0;0;0;0;0;0;0;0;0;12;2;0;0;0
"09/01/2024";"05:48:50";"348";"Sem vítima";"178,336";"BR-163/MS";"Decrescente";"Acidentes de outra natureza";0;0;0;0;0;0;0;0;0;0;2;0;0;0;0
"10/01/2024";"12:42:35";"40";"Sem vítima";"772,144";"BR-163/MS";"Crescente";"Atropelamento de animal";0;0;0;0;0;0;0;0;0;0;4;0;0;0;0
"10/01/2024";"02:27:22";"54";"Com vítima";"587,648";"BR-163/MS";"Crescente";"Capotamento";0;0;0;0;0;0;0;0;0;0;0;2;0;0;0
"10/01/2024";"11:09:47";"255";"Sem vítima";"615,681";"BR-163/MS";"Decrescente";"Colisão lateral no mesmo sentido";0;0;0;0;0;0;0;0;0;0;4;0;0;0;0
"10/01/2024";"03:15:25";"313";"Com vítima";"547,972";"BR-163/MS";"Crescente";"Engavetamento";0;0;0;0;0;0;0;0;0;0;16;2;0;0;0
"10/01/2024";"06:36:24";"341";"Sem vítima";"531,174";"BR-163/MS";"Crescente";"Atropelamento de animal";0;0;0;0;0;0;0;0;0;0;8;0;0;0;0
"10/01/2024";"08:37:10";"358";"Sem vítima";"800,804";"BR-163/MS";"Crescente";"Acidentes de outra natureza";0;0;0;0;0;0;0;0;0;0;4;0;0;0;0
"11/01/2024";"07:58:58";"189";"Sem vítima";"545,152";"BR-163/MS";"Decrescente";"Acidentes de outra natureza";0;0;0;0;0;0;0;0;0;0;2;0;0;0;0