data;horario;n_da_ocorrencia;tipo_de_ocorrencia;km;trecho;sentido;tipo_de_acidente;automovel;bicicleta;caminhao;moto;onibus;outros;tracao_animal;transporte_de_cargas_especiais;trator_maquinas;utilitarios;ilesos;levemente_feridos;moderadamente_feridos;gravemente_feridos;mortos
"11/01/2024";"08:34:11";"200";"Sem vítima";"600,394";"BR-163/MS";"Decrescente";"Acidentes de outra natureza";0;0;0;0;0;0;0;0;0;0;4;0;0;0;0
"11/01/2024";"08:43:10";"204";"Sem vítima";"554,779";"BR-163/MS";"Decrescente";"Acidentes de outra natureza";0;0;0;0;0;0;0;0;0;0;2;0;0;0;0
"11/01/2024";"09:22:29";"211";"Sem vítima";"775,110";"BR-163/MS";"Decrescente";"Acidentes de outra natureza";0;0;0;0;0;0;0;0;0;0;8;0;0;0;0
"11/01/2024";"11:48:34";"251";"Sem vítima";"790,664";"BR-163/MS";"Decrescente";"Atropelamento de animal";0;0;0;0;0;0;0;0;0;0;8;0;0;0;0
"11/01/2024";"12:52:39";"265";"Sem vítima";"485,621";"BR-163/MS";"Decrescente";"Colisão traseira";0;0;0;0;0;0;0;0;0;0;2;0;0;0;0
"12/01/2024";"01:39:49";"291";"Sem vítima";"39,276";"BR-163/MS";"Crescente";"Colisão traseira";0;0;0;0;0;0;0;0;0;0;4;0;0;0;0
"12/01/2024";"01:50:33";"292";"Sem vítima";"510,473";"BR-163/MS";"Crescente";"Tombamento";0;0;0;0;0;0;0;0;0;0;1;0;0;0;0
"12/01/2024";"03:48:45";"317";"Sem vítima";"485,500";"BR-163/MS";"Crescente";"Colisão traseira";0;0;0;0;0;0;0;0;0;0;2;0;0;0;0
"12/01/2024";"07:49:08";"350";"Sem vítima";"754,815";"BR-163/MS";"Decrescente";"Atropelamento de animal";0;0;0;0;0;0;0;0;0;0;0;0;0;0;0
"12/01/2024";"10:12:16";"15";"Sem vítima";"832,297";"BR-163/MS";"Decrescente";"Capotamento";0;0;0;0;0;0;0;0;0;0;2;0;0;0;0
"13/01/2024";"02:20:35";"35";"Sem vítima";"663,908";"BR-163/MS";"Crescente";"Capotamento";0;0;0;0;0;0;0;0;0;0;1;0;0;0;0
"13/01/2024";"09:27:27";"156";"Com vítima";"375,748";"BR-163/MS";"Decrescente";"Queda de moto";0;0;0;0;0;0;0;0;0;0;2;2;0;0;0
"13/01/2024";"11:29:46";"185";"Com vítima";"456,411";"BR-163/MS";"Decrescente";"Colisão transversal";0;0;0;0;0;0;0;0;0;0;6;0;0;2;0
"13/01/2024";"12:57:04";"201";"Com vítima";"192,345";"BR-163/MS";"Crescente";"Choque";0;0;0;0;0;0;0;0;0;0;6;2;0;0;0
"13/01/2024";"03:42:07";"234";"Com vítima";"1,609";"BR-163/MS";"Decrescente";"Acidentes de outra natureza";0;0;0;0;0;0;0;0;0;0;4;2;0;0;0
"13/01/2024";"08:09:46";"288";"Sem vítima";"446,995";"BR-163/MS";"Crescente";"Atropelamento de animal";0;0;0;0;0;0;0;0;0;0;10;0;0;0;0
"14/01/2024";"12:20:48";"36";"Sem vítima";"283,746";"BR-163/MS";"Crescente";"Colisão traseira";0;0;0;0;0;0;0;0;0;0;6;0;0;0;0
"14/01/2024";"12:50:01";"37";"Sem vítima";"274,557";"BR-163/MS";"Decrescente";"Acidentes de outra natureza";0;0;0;0;0;0;0;0;0;0;2;0;0;0;0
"14/01/2024";"01:36:09";"42";"Com vítima";"485,427";"BR-163/MS";"Crescente";"Queda de moto";0;0;0;0;0;0;0;0;0;0;0;0;0;2;0
"14/01/2024";"04:37:54";"103";"Sem vítima";"458,872";"BR-163/MS";"Decrescente";"Colisão lateral no mesmo sentido";0;0;0;0;0;0;0;0;0;0;4;0;0;0;0
"14/01/2024";"05:44:31";"121";"Com vítima";"366,237";"BR-163/MS";"Crescente";"Tombamento";0;0;0;0;0;0;0;0;0;0;0;0;0;0;0
"14/01/2024";"07:21:08";"159";"Com vítima";"10,357";"BR-163/MS";"Crescente";"Colisão traseira";0;0;0;0;0;0;0;0;0;0;14;2;0;0;0
"14/01/2024";"08:57:26";"177";"Com vítima";"80,978";"BR-163/MS";"Crescente";"Queda de moto";0;0;0;0;0;0;0;0;0;0;2;2;0;0;0
"14/01/2024";"01:24:20";"229";"Com vítima";"782,543";"BR-163/MS";"Decrescente";"Queda de moto";0;0;0;0;0;0;0;0;0;0;0;0;0;0;2
"14/01/2024";"04:57:57";"278";"Sem vítima";"664,570";"BR-163/MS";"Crescente";"Colisão lateral no mesmo sentido";0;0;0;0;0;0;0;0;0;0;12;0;0;0;0
"15/01/2024";"11:39:18";"308";"Sem vítima";"27,350";"BR-163/MS";"Crescente";"Choque";0;0;0;0;0;0;0;0;0;0;1;0;0;0;0
"15/01/2024";"08:24:47";"469";"Sem vítima";"463,376";"BR-163/MS";"Decrescente";"Choque";0;0;0;0;0;0;0;0;0;0;4;0;0;0;0
"16/01/2024";"03:59:02";"93";"Sem vítima";"612,380";"BR-163/MS";"Decrescente";"Colisão traseira";0;0;0;0;0;0;0;0;0;0;10;0;0;0;0
"16/01/2024";"01:46:39";"271";"Sem vítima";"573,473";"BR-163/MS";"Decrescente";"Acidentes de outra natureza";0;0;0;0;0;0;0;0;0;0;1;0;0;0;0
"17/01/2024";"01:58:55";"26";"Sem vítima";"638,514";"BR-163/MS";"Crescente";"Acidentes de outra natureza";0;0;0;0;0;0;0;0;0;0;2;0;0;0;0
"17/01/2024";"11:18:31";"235";"Sem vítima";"573,275";"BR-163/MS";"Crescente";"Colisão traseira";0;0;0;0;0;0;0;0;0;0;8;0;0;0;0
"17/01/2024";"01:06:46";"253";"Com vítima";"451,463";"BR-163/MS";"Crescente";"Tombamento";0;0;0;0;0;0;0;0;0;0;2;2;0;0;0
"18/01/2024";"04:11:02";"101";"Sem vítima";"224,991";"BR-163/MS";"Decrescente";"Colisão transversal";0;0;0;0;0;0;0;0;0;0;0;0;0;0;0
"18/01/2024";"04:31:49";"112";"Sem vítima";"204,127";"BR-163/MS";"Crescente";"Choque";0;0;0;0;0;0;0;0;0;0;2;0;0;0;0
"18/01/2024";"05:55:39";"162";"Com vítima";"87,684";"BR-163/MS";"Decrescente";"Colisão frontal";0;0;0;0;0;0;0;0;0;0;0;8;0;0;0
"19/01/2024";"12:23:27";"33";"Sem vítima";"293,773";"BR-163/MS";"Decrescente";"Atropelamento de animal";0;0;0;0;0;0;0;0;0;0;4;0;0;0;0
"19/01/2024";"06:44:19";"186";"Sem vítima";"399,579";"BR-163/MS";"Crescente";"Colisão lateral no mesmo sentido";0;0;0;0;0;0;0;0;0;0;6;0;0;0;0
"19/01/2024";"08:01:40";"206";"Com vítima";"23,938";"BR-163/MS";"Decrescente";"Colisão transversal";0;0;0;0;0;0;0;0;0;0;4;2;0;0;0
"19/01/2024";"09:22:07";"225";"Com vítima";"581,988";"BR-163/MS";"Crescente";"Acidentes de outra natureza";0;0;0;0;0;0;0;0;0;0;0;2;0;0;0
"19/01/2024";"11:59:47";"271";"Sem vítima";"495,602";"BR-163/MS";"Decrescente";"Choque";0;0;0;0;0;0;0;0;0;0;0;0;0;0;0
"20/01/2024";"06:19:19";"138";"Sem vítima";"13,701";"BR-163/MS";"Decrescente";"Tombamento";0;0;0;0;0;0;0;0;0;0;4;0;0;0;0
"20/01/2024";"02:17:23";"236";"Sem vítima";"7,600";"BR-163/MS";"Crescente";"Acidentes de outra natureza";0;0;0;0;0;0;0;0;0;0;2;0;0;0;0
"20/01/2024";"08:05:41";"321";"Com vítima";"486,500";"BR-163/MS";"Decrescente";"Colisão frontal";0;0;0;0;0;0;0;0;0;0;0;2;2;4;2
"20/01/2024";"08:44:03";"323";"Com vítima";"374,338";"BR-163/MS";"Crescente";"Capotamento";0;0;0;0;0;0;0;0;0;0;0;2;2;2;0
"21/01/2024";"12:29:23";"24";"Sem vítima";"366,355";"BR-163/MS";"Decrescente";"Capotamento";0;0;0;0;0;0;0;0;0;0;0;0;0;0;0
"21/01/2024";"12:14:14";"176";"Sem vítima";"617,118";"BR-163/MS";"Crescente";"Colisão traseira";0;0;0;0;0;0;0;0;0;0;2;0;0;0;0
"21/01/2024";"02:48:17";"207";"Sem vítima";"216,780";"BR-163/MS";"Crescente";"Choque";0;0;0;0;0;0;0;0;0;0;6;0;0;0;0
"21/01/2024";"06:11:08";"263";"Sem vítima";"666,201";"BR-163/MS";"Decrescente";"Atropelamento de animal";0;0;0;0;0;0;0;0;0;0;4;0;0;0;0
"21/01/2024";"07:56:54";"270";"Sem vítima";"513,738";"BR-163/MS";"Crescente";"Atropelamento de animal";0;0;0;0;0;0;0;0;0;0;4;0;0;0;0
"21/01/2024";"11:02:53";"23";"Sem vítima";"5,557";"BR-163/MS";"Crescente";"Acidentes de outra natureza";0;0;0;0;0;0;0;0;0;0;2;0;0;0;0
"22/01/2024";"02:45:54";"36";"Sem vítima";"437,138";"BR-163/MS";"Crescente";"Capotamento";0;0;0;0;0;0;0;0;0;0;2;0;0;0;0
"22/01/2024";"07:05:28";"137";"Com vítima";"679,797";"BR-163/MS";"Decrescente";"Colisão traseira";0;0;0;0;0;0;0;0;0;0;4;2;0;0;0
"22/01/2024";"11:38:48";"201";"Com vítima";"254,344";"BR-163/MS";"Crescente";"Colisão traseira";0;0;0;0;0;0;0;0;0;0;2;2;0;0;0
"22/01/2024";"01:55:05";"225";"Sem vítima";"547,514";"BR-163/MS";"Crescente";"Capotamento";0;0;0;0;0;0;0;0;0;0;4;0;0;0;0
"22/01/2024";"02:17:04";"228";"Sem vítima";"103,940";"BR-163/MS";"Crescente";"Colisão frontal";0;0;0;0;0;0;0;0;0;0;10;0;0;0;0
"22/01/2024";"05:39:30";"291";"Com vítima";"548,434";"BR-163/MS";"Decrescente";"Colisão lateral no mesmo sentido";0;0;0;0;0;0;0;0;0;0;4;2;0;0;0
"23/01/2024";"05:08:42";"108";"Com vítima";"224,358";"BR-163/MS";"Decrescente";"Queda de moto";0;0;0;0;0;0;0;0;0;0;0;2;0;0;0
"23/01/2024";"03:25:05";"281";"Com vítima";"476,285";"BR-163/MS";"Decrescente";"Colisão transversal";0;0;0;0;0;0;0;0;0;0;0;0;0;0;0
"23/01/2024";"04:51:50";"333";"Com vítima";"615,672";"BR-163/MS";"Crescente";"Colisão lateral no mesmo sentido";0;0;0;0;0;0;0;0;0;0;2;2;0;0;0
"24/01/2024";"12:39:55";"33";"Sem vítima";"467,832";"BR-163/MS";"Decrescente";"Atropelamento de animal";0;0;0;0;0;0;0;0;0;0;2;0;0;0;0
"24/01/2024";"04:19:08";"92";"Sem vítima";"372,656";"BR-163/MS";"Crescente";"Colisão lateral no mesmo sentido";0;0;0;0;0;0;0;0;0;0;10;0;0;0;0
"24/01/2024";"05:31:00";"121";"Com vítima";"535,159";"BR-163/MS";"Crescente";"Queda de moto";0;0;0;0;0;0;0;0;0;0;0;0;1;0;0
"24/01/2024";"12:45:46";"245";"Sem vítima";"137,876";"BR-163/MS";"Crescente";"Tombamento";0;0;0;0;0;0;0;0;0;0;2;0;0;0;0
"24/01/2024";"05:53:03";"344";"Sem vítima";"700,737";"BR-163/MS";"Crescente";"Atropelamento de animal";0;0;0;0;0;0;0;0;0;0;0;0;0;0;0
"25/01/2024";"05:57:31";"119";"Com vítima";"595,000";"BR-163/MS";"Crescente";"Capotamento";0;0;0;0;0;0;0;0;0;0;0;2;0;0;0
"25/01/2024";"10:50:38";"211";"Sem vítima";"475,105";"BR-163/MS";"Decrescente";"Colisão transversal";0;0;0;0;0;0;0;0;0;0;4;0;0;0;0
"25/01/2024";"12:34:33";"232";"Sem vítima";"678,542";"BR-163/MS";"Crescente";"Engavetamento";0;0;0;0;0;0;0;0;0;0;16;0;0;0;0
"25/01/2024";"09:23:19";"11";"Sem vítima";"485,000";"BR-163/MS";"Decrescente";"Colisão traseira";0;0;0;0;0;0;0;0;0;0;4;0;0;0;0
"26/01/2024";"03:13:48";"41";"Com vítima";"364,273";"BR-163/MS";"Crescente";"Tombamento";0;0;0;0;0;0;0;0;0;0;0;2;0;0;0
"26/01/2024";"03:41:29";"268";"Sem vítima";"462,334";"BR-163/MS";"Crescente";"Colisão traseira";0;0;0;0;0;0;0;0;0;0;4;0;0;0;0
"26/01/2024";"06:08:24";"313";"Sem vítima";"304,570";"BR-163/MS";"Crescente";"Colisão frontal";0;0;0;0;0;0;0;0;0;0;4;0;0;0;0
"27/01/2024";"06:50:49";"138";"Com vítima";"178,545";"BR-163/MS";"Decrescente";"Engavetamento";0;0;0;0;0;0;0;0;0;0;0;26;0;0;0
"27/01/2024";"10:34:17";"186";"Sem vítima";"703,501";"BR-163/MS";"Decrescente";"Colisão traseira";0;0;0;0;0;0;0;0;0;0;0;0;0;0;0
"27/01/2024";"01:23:43";"210";"Com vítima";"842,732";"BR-163/MS";"Crescente";"Choque";0;0;0;0;0;0;0;0;0;0;0;0;0;2;0
"27/01/2024";"03:08:14";"229";"Sem vítima";"253,237";"BR-163/MS";"Crescente";"Acidentes de outra natureza";0;0;0;0;0;0;0;0;0;0;1;0;0;0;0
"27/01/2024";"06:55:13";"298";"Com vítima";"658,692";"BR-163/MS";"Crescente";"Tombamento";0;0;0;0;0;0;0;0;0;0;0;0;0;0;0
"28/01/2024";"04:07:06";"86";"Com vítima";"149,500";"BR-163/MS";"Crescente";"Queda de moto";0;0;0;0;0;0;0;0;0;0;0;2;0;0;0
"28/01/2024";"03:41:33";"214";"Sem vítima";"28,700";"BR-163/MS";"Crescente";"Choque";0;0;0;0;0;0;0;0;0;0;10;0;0;0;0
"28/01/2024";"04:15:39";"242";"Sem vítima";"770,380";"BR-163/MS";"Decrescente";"Atropelamento de animal";0;0;0;0;0;0;0;0;0;0;2;0;0;0;0
"28/01/2024";"04:16:54";"244";"Sem vítima";"238,360";"BR-163/MS";"Crescente";"Queda de moto";0;0;0;0;0;0;0;0;0;0;2;0;0;0;0
"28/01/2024";"05:37:58";"258";"Sem vítima";"258,412";"BR-163/MS";"Crescente";"Acidentes de outra natureza";0;0;0;0;0;0;0;0;0;0;2;0;0;0;0
"28/01/2024";"05:55:04";"261";"Sem vítima";"810,855";"BR-163/MS";"Decrescente";"Atropelamento de animal";0;0;0;0;0;0;0;0;0;0;2;0;0;0;0
"28/01/2024";"07:32:41";"280";"Com vítima";"665,154";"BR-163/MS";"Crescente";"Colisão traseira";0;0;0;0;0;0;0;0;0;0;2;0;2;2;0
"28/01/2024";"09:05:09";"1";"Sem vítima";"466,322";"BR-163/MS";"Decrescente";"Acidentes de outra natureza";0;0;0;0;0;0;0;0;0;0;2;0;0;0;0
"29/01/2024";"06:45:16";"130";"Com vítima";"632,000";"BR-163/MS";"Decrescente";"Queda de moto";0;0;0;0;0;0;0;0;0;0;0;1;0;0;0
"29/01/2024";"10:50:44";"219";"Com vítima";"663,900";"BR-163/MS";"Decrescente";"Tombamento";0;0;0;0;0;0;0;0;0;0;0;1;0;0;0
"29/01/2024";"02:36:18";"301";"Sem vítima";"11,900";"BR-163/MS";"Crescente";"Acidentes de outra natureza";0;0;0;0;0;0;0;0;0;0;0;0;0;0;0
"30/01/2024";"01:29:29";"41";"Com vítima";"609,880";"BR-163/MS";"Crescente";"Colisão traseira";0;0;0;0;0;0;0;0;0;0;2;2;0;0;0
"30/01/2024";"10:59:26";"241";"Sem vítima";"485,425";"BR-163/MS";"Crescente";"Colisão traseira";0;0;0;0;0;0;0;0;0;0;12;0;0;0;0
"30/01/2024";"10:50:13";"16";"Sem vítima";"441,535";"BR-163/MS";"Decrescente";"Tombamento";0;0;0;0;0;0;0;0;0;0;0;0;0;0;0
"31/01/2024";"07:02:32";"150";"Sem vítima";"818,217";"BR-163/MS";"Crescente";"Colisão traseira";0;0;0;0;0;0;0;0;0;0;10;0;0;0;0
"31/01/2024";"10:12:13";"196";"Com vítima";"43,837";"BR-163/MS";"Crescente";"Tombamento";0;0;0;0;0;0;0;0;0;0;0;0;0;0;0
"31/01/2024";"11:03:50";"206";"Sem vítima";"191,100";"BR-163/MS";"Crescente";"Acidentes de outra natureza";0;0;0;0;0;0;0;0;0;0;2;0;0;0;0
"31/01/2024";"11:21:08";"218";"Sem vítima";"627,159";"BR-163/MS";"Crescente";"Acidentes de outra natureza";0;0;0;0;0;0;0;0;0;0;1;0;0;0;0
"31/01/2024";"09:39:20";"19";"Sem vítima";"495,227";"BR-163/MS";"Decrescente";"Acidentes de outra natureza";0;0;0;0;0;0;0;0;0;0;2;0;0;0;0
"01/02/2024";"10:45:32";"245";"Com vítima";"740,000";"BR-163/MS";"Crescente";"Colisão traseira";0;0;0;0;0;0;0;0;0;0;8;2;2;0;0
"02/02/2024";"09:05:58";"189";"Com vítima";"135,725";"BR-163/MS";"Crescente";"Colisão frontal";0;0;0;0;0;0;0;0;0;0;70;0;8;4;2
"02/02/2024";"09:19:51";"192";"Sem vítima";"450,145";"BR-163/MS";"Crescente";"Acidentes de outra natureza";0;0;0;0;0;0;0;0;0;0;0;0;0;0;0
"02/02/2024";"09:43:52";"204";"Sem vítima";"609,830";"BR-163/MS";"Decrescente";"Acidentes de outra natureza";0;0;0;0;0;0;0;0;0;0;1;0;0;0;0
"02/02/2024";"05:53:07";"348";"Com vítima";"237,660";"BR-163/MS";"Decrescente";"Capotamento";0;0;0;0;0;0;0;0;0;0;0;2;0;0;0
"02/02/2024";"11:19:10";"28";"Sem vítima";"206,718";"BR-163/MS";"Decrescente";"Acidentes de outra natureza";0;0;0;0;0;0;0;0;0;0;0;0;0;0;0
"03/02/2024";"12:59:54";"41";"Com vítima";"331,881";"BR-163/MS";"Decrescente";"Atropelamento de animal";0;0;0;0;0;0;0;0;0;0;0;2;0;0;0
"03/02/2024";"07:17:41";"148";"Com vítima";"208,895";"BR-163/MS";"Crescente";"Colisão transversal";0;0;0;0;0;0;0;0;0;0;2;2;0;0;0
"03/02/2024";"08:24:47";"170";"Sem vítima";"603,614";"BR-163/MS";"Crescente";"Colisão traseira";0;0;0;0;0;0;0;0;0;0;14;0;0;0;0
"03/02/2024";"11:50:05";"223";"Sem vítima";"113,190";"BR-163/MS";"Crescente";"Colisão traseira";0;0;0;0;0;0;0;0;0;0;8;0;0;0;0
"03/02/2024";"04:40:12";"286";"Com vítima";"258,480";"BR-163/MS";"Crescente";"Choque";0;0;0;0;0;0;0;0;0;0;0;4;0;0;0
"03/02/2024";"05:09:47";"292";"Sem vítima";"669,280";"BR-163/MS";"Decrescente";"Capotamento";0;0;0;0;0;0;0;0;0;0;2;0;0;0;0
"04/02/2024";"03:06:17";"213";"Com vítima";"341,319";"BR-163/MS";"Decrescente";"Colisão traseira";0;0;0;0;0;0;0;0;0;0;0;0;0;0;0
"05/02/2024";"04:23:23";"86";"Com vítima";"61,802";"BR-163/MS";"Crescente";"Capotamento";0;0;0;0;0;0;0;0;0;0;0;1;0;0;0
"05/02/2024";"07:48:48";"172";"Com vítima";"479,863";"BR-163/MS";"Crescente";"Colisão frontal";0;0;0;0;0;0;0;0;0;0;2;1;0;0;0
"05/02/2024";"04:36:59";"282";"Sem vítima";"542,600";"BR-163/MS";"Decrescente";"Acidentes de outra natureza";0;0;0;0;0;0;0;0;0;0;0;0;0;0;0
"05/02/2024";"05:19:03";"293";"Sem vítima";"497,554";"BR-163/MS";"Crescente";"Acidentes de outra natureza";0;0;0;0;0;0;0;0;0;0;0;0;0;0;0
"06/02/2024";"07:16:09";"165";"Sem vítima";"252,950";"BR-163/MS";"Crescente";"Colisão traseira";0;0;0;0;0;0;0;0;0;0;3;0;0;0;0
"06/02/2024";"08:15:37";"186";"Sem vítima";"270,920";"BR-163/MS";"Decrescente";"Tombamento";0;0;0;0;0;0;0;0;0;0;2;0;0;0;0
"06/02/2024";"08:23:24";"189";"Com vítima";"268,299";"BR-163/MS";"Crescente";"Queda de moto";0;0;0;0;0;0;0;0;0;0;0;2;0;0;0
"06/02/2024";"12:20:12";"265";"Com vítima";"610,786";"BR-163/MS";"Crescente";"Colisão transversal";0;0;0;0;0;0;0;0;0;0;6;2;2;0;0
"06/02/2024";"03:11:08";"305";"Sem vítima";"426,543";"BR-163/MS";"Crescente";"Capotamento";0;0;0;0;0;0;0;0;0;0;1;0;0;0;0
"06/02/2024";"03:34:37";"316";"Sem vítima";"561,206";"BR-163/MS";"Decrescente";"Colisão lateral no mesmo sentido";0;0;0;0;0;0;0;0;0;0;2;0;0;0;0
"07/02/2024";"08:36:57";"242";"Sem vítima";"360,489";"BR-163/MS";"Crescente";"Engavetamento";0;0;0;0;0;0;0;0;0;0;16;0;0;0;0
"07/02/2024";"10:33:10";"269";"Sem vítima";"360,489";"BR-163/MS";"Decrescente";"Engavetamento";0;0;0;0;0;0;0;0;0;0;16;0;0;0;0
"07/02/2024";"12:25:48";"302";"Sem vítima";"636,432";"BR-163/MS";"Decrescente";"Acidentes de outra natureza";0;0;0;0;0;0;0;0;0;0;0;0;0;0;0
"08/02/2024";"03:40:09";"76";"Com vítima";"750,690";"BR-163/MS";"Crescente";"Queda de moto";0;0;0;0;0;0;0;0;0;0;0;4;0;0;0
"08/02/2024";"05:13:19";"140";"Sem vítima";"166,802";"BR-163/MS";"Decrescente";"Colisão traseira";0;0;0;0;0;0;0;0;0;0;0;0;0;0;0
"08/02/2024";"08:09:42";"196";"Com vítima";"539,275";"BR-163/MS";"Crescente";"Atropelamento de pedestre";0;0;0;0;0;0;0;0;0;0;0;0;0;0;0
"08/02/2024";"11:40:27";"243";"Com vítima";"450,345";"BR-163/MS";"Decrescente";"Colisão lateral no mesmo sentido";0;0;0;0;0;0;0;0;0;0;4;0;2;0;0
"08/02/2024";"11:59:04";"249";"Sem vítima";"309,304";"BR-163/MS";"Decrescente";"Acidentes de outra natureza";0;0;0;0;0;0;0;0;0;0;4;0;0;0;0
"08/02/2024";"01:23:03";"265";"Sem vítima";"539,168";"BR-163/MS";"Crescente";"Colisão traseira";0;0;0;0;0;0;0;0;0;0;2;0;0;0;0
"08/02/2024";"02:41:15";"279";"Sem vítima";"627,144";"BR-163/MS";"Decrescente";"Acidentes de outra natureza";0;0;0;0;0;0;0;0;0;0;2;0;0;0;0
"10/02/2024";"10:19:35";"210";"Sem vítima";"392,310";"BR-163/MS";"Decrescente";"Capotamento";0;0;0;0;0;0;0;0;0;0;4;0;0;0;0
"10/02/2024";"02:42:52";"287";"Com vítima";"479,862";"BR-163/MS";"Crescente";"Queda de moto";0;0;0;0;0;0;0;0;0;0;0;4;0;0;0
"10/02/2024";"03:49:37";"312";"Com vítima";"491,514";"BR-163/MS";"Decrescente";"Colisão traseira";0;0;0;0;0;0;0;0;0;0;8;2;0;0;0
"10/02/2024";"06:03:43";"352";"Sem vítima";"306,972";"BR-163/MS";"Crescente";"Atropelamento de animal";0;0;0;0;0;0;0;0;0;0;6;0;0;0;0
"10/02/2024";"08:57:33";"403";"Com vítima";"257,183";"BR-163/MS";"Crescente";"Capotamento";0;0;0;0;0;0;0;0;0;0;0;4;0;0;0
"11/02/2024";"01:53:53";"45";"Com vítima";"475,838";"BR-163/MS";"Crescente";"Queda de moto";0;0;0;0;0;0;0;0;0;0;0;2;0;0;0
"11/02/2024";"02:10:35";"48";"Com vítima";"546,279";"BR-163/MS";"Decrescente";"Colisão transversal";0;0;0;0;0;0;0;0;0;0;8;0;2;0;0
"11/02/2024";"06:39:34";"319";"Com vítima";"280,246";"BR-163/MS";"Crescente";"Queda de moto";0;0;0;0;0;0;0;0;0;0;0;2;0;0;0
"11/02/2024";"11:53:05";"31";"Sem vítima";"689,172";"BR-163/MS";"Decrescente";"Tombamento";0;0;0;0;0;0;0;0;0;0;2;0;0;0;0
"12/02/2024";"12:42:05";"199";"Sem vítima";"239,200";"BR-163/MS";"Decrescente";"Tombamento";0;0;0;0;0;0;0;0;0;0;0;0;0;0;0
"13/02/2024";"10:45:24";"243";"Sem vítima";"564,292";"BR-163/MS";"Crescente";"Colisão lateral no mesmo sentido";0;0;0;0;0;0;0;0;0;0;14;0;0;0;0
"13/02/2024";"10:48:42";"244";"Sem vítima";"475,833";"BR-163/MS";"Crescente";"Colisão transversal";0;0;0;0;0;0;0;0;0;0;6;0;0;0;0
"13/02/2024";"01:38:41";"314";"Com vítima";"519,472";"BR-163/MS";"Crescente";"Capotamento";0;0;0;0;0;0;0;0;0;0;0;0;4;0;0
"14/02/2024";"06:12:59";"153";"Com vítima";"504,216";"BR-163/MS";"Crescente";"Choque";0;0;0;0;0;0;0;0;0;0;0;0;0;1;0
"14/02/2024";"07:47:18";"183";"Sem vítima";"68,521";"BR-163/MS";"Decrescente";"Acidentes de outra natureza";0;0;0;0;0;0;0;0;0;0;1;0;0;0;0
"14/02/2024";"01:01:57";"254";"Sem vítima";"251,849";"BR-163/MS";"Crescente";"Acidentes de outra natureza";0;0;0;0;0;0;0;0;0;0;0;0;0;0;0
"14/02/2024";"02:58:09";"294";"Com vítima";"542,650";"BR-163/MS";"Decrescente";"Colisão traseira";0;0;0;0;0;0;0;0;0;0;0;2;2;0;0
"14/02/2024";"05:30:53";"324";"Sem vítima";"150,600";"BR-163/MS";"Crescente";"Choque";0;0;0;0;0;0;0;0;0;0;2;0;0;0;0
"15/02/2024";"03:44:51";"79";"Sem vítima";"249,000";"BR-163/MS";"Crescente";"Acidentes de outra natureza";0;0;0;0;0;0;0;0;0;0;2;0;0;0;0
"15/02/2024";"04:18:56";"91";"Sem vítima";"486,000";"BR-163/MS";"Crescente";"Colisão transversal";0;0;0;0;0;0;0;0;0;0;6;0;0;0;0
"15/02/2024";"11:43:00";"207";"Com vítima";"158,572";"BR-163/MS";"Decrescente";"Colisão traseira";0;0;0;0;0;0;0;0;0;0;74;0;6;2;0
"15/02/2024";"07:11:38";"313";"Com vítima";"457,000";"BR-163/MS";"Crescente";"Atropelamento de animal";0;0;0;0;0;0;0;0;0;0;0;0;2;0;0
"16/02/2024";"12:15:07";"42";"Sem vítima";"609,388";"BR-163/MS";"Crescente";"Tombamento";0;0;0;0;0;0;0;0;0;0;0;0;0;0;0
"16/02/2024";"02:12:54";"61";"Com vítima";"609,388";"BR-163/MS";"Crescente";"Choque";0;0;0;0;0;0;0;0;0;0;6;0;0;2;0
"16/02/2024";"02:27:53";"65";"Sem vítima";"470,355";"BR-163/MS";"Decrescente";"Choque";0;0;0;0;0;0;0;0;0;0;1;0;0;0;0
"16/02/2024";"06:09:19";"183";"Sem vítima";"485,735";"BR-163/MS";"Decrescente";"Choque";0;0;0;0;0;0;0;0;0;0;6;0;0;0;0
"16/02/2024";"10:17:40";"252";"Com vítima";"512,202";"BR-163/MS";"Decrescente";"Colisão traseira";0;0;0;0;0;0;0;0;0;0;0;0;0;2;2
"16/02/2024";"08:08:22";"408";"Sem vítima";"317,795";"BR-163/MS";"Decrescente";"Atropelamento de animal";0;0;0;0;0;0;0;0;0;0;4;0;0;0;0
"16/02/2024";"08:15:32";"410";"Com vítima";"190,512";"BR-163/MS";"Crescente";"Tombamento";0;0;0;0;0;0;0;0;0;0;6;0;0;0;0
"16/02/2024";"09:25:37";"3";"Sem vítima";"441,331";"BR-163/MS";"Crescente";"Atropelamento de animal";0;0;0;0;0;0;0;0;0;0;1;0;0;0;0