data;horario;n_da_ocorrencia;tipo_de_ocorrencia;km;trecho;sentido;tipo_de_acidente;automovel;bicicleta;caminhao;moto;onibus;outros;tracao_animal;transporte_de_cargas_especiais;trator_maquinas;utilitarios;ilesos;levemente_feridos;moderadamente_feridos;gravemente_feridos;mortos
"17/02/2024";"05:19:49";"103";"Sem vítima";"492,267";"BR-163/MS";"Decrescente";"Choque";0;0;0;0;0;0;0;0;0;0;10;0;0;0;0
"17/02/2024";"07:37:00";"135";"Sem vítima";"124,429";"BR-163/MS";"Crescente";"Tombamento";0;0;0;0;0;0;0;0;0;0;0;0;0;0;0
"17/02/2024";"01:01:41";"207";"Com vítima";"267,890";"BR-163/MS";"Crescente";"Colisão lateral no mesmo sentido";0;0;0;0;0;0;0;0;0;0;6;2;0;0;0
"17/02/2024";"09:19:26";"14";"Com vítima";"725,985";"BR-163/MS";"Decrescente";"Queda de moto";0;0;0;0;0;0;0;0;0;0;0;2;0;0;0
"18/02/2024";"01:36:59";"208";"Sem vítima";"240,873";"BR-163/MS";"Crescente";"Acidentes de outra natureza";0;0;0;0;0;0;0;0;0;0;5;0;0;0;0
"18/02/2024";"03:50:59";"240";"Com vítima";"814,326";"BR-163/MS";"Crescente";"Colisão traseira";0;0;0;0;0;0;0;0;0;0;4;0;2;0;0
"18/02/2024";"05:47:52";"259";"Sem vítima";"281,500";"BR-163/MS";"Crescente";"Acidentes de outra natureza";0;0;0;0;0;0;0;0;0;0;1;0;0;0;0
"18/02/2024";"06:21:04";"261";"Com vítima";"640,638";"BR-163/MS";"Decrescente";"Choque";0;0;0;0;0;0;0;0;0;0;0;1;0;0;0
"18/02/2024";"06:42:47";"265";"Com vítima";"558,605";"BR-163/MS";"Decrescente";"Acidentes de outra natureza";0;0;0;0;0;0;0;0;0;0;0;1;0;0;0
"19/02/2024";"04:24:12";"306";"Com vítima";"615,642";"BR-163/MS";"Crescente";"Colisão lateral no mesmo sentido";0;0;0;0;0;0;0;0;0;0;2;2;0;0;0
"19/02/2024";"05:27:17";"313";"Sem vítima";"380,231";"BR-163/MS";"Decrescente";"Atropelamento de animal";0;0;0;0;0;0;0;0;0;0;4;0;0;0;0
"20/02/2024";"02:10:43";"26";"Sem vítima";"377,710";"BR-163/MS";"Decrescente";"Atropelamento de animal";0;0;0;0;0;0;0;0;0;0;4;0;0;0;0
"20/02/2024";"02:15:48";"27";"Sem vítima";"377,710";"BR-163/MS";"Decrescente";"Atropelamento de animal";0;0;0;0;0;0;0;0;0;0;2;0;0;0;0
"20/02/2024";"06:16:42";"145";"Sem vítima";"185,800";"BR-163/MS";"Crescente";"Colisão traseira";0;0;0;0;0;0;0;0;0;0;8;0;0;0;0
"20/02/2024";"11:49:25";"230";"Sem vítima";"484,709";"BR-163/MS";"Decrescente";"Colisão traseira";0;0;0;0;0;0;0;0;0;0;0;0;0;0;0
"20/02/2024";"11:52:08";"231";"Sem vítima";"273,790";"BR-163/MS";"Crescente";"Tombamento";0;0;0;0;0;0;0;0;0;0;6;0;0;0;0
"21/02/2024";"07:21:54";"175";"Sem vítima";"665,900";"BR-163/MS";"Crescente";"Acidentes de outra natureza";0;0;0;0;0;0;0;0;0;0;0;0;0;0;0
"21/02/2024";"04:01:19";"286";"Com vítima";"565,000";"BR-163/MS";"Crescente";"Engavetamento";0;0;0;0;0;0;0;0;0;0;50;0;2;0;0
"21/02/2024";"04:12:06";"287";"Sem vítima";"744,000";"BR-163/MS";"Crescente";"Atropelamento de animal";0;0;0;0;0;0;0;0;0;0;6;0;0;0;0
"22/02/2024";"04:22:44";"109";"Sem vítima";"485,430";"BR-163/MS";"Crescente";"Colisão traseira";0;0;0;0;0;0;0;0;0;0;6;0;0;0;0
"22/02/2024";"01:00:35";"261";"Com vítima";"117,796";"BR-163/MS";"Crescente";"Queda de moto";0;0;0;0;0;0;0;0;0;0;2;2;0;0;0
"23/02/2024";"12:05:07";"25";"Sem vítima";"318,200";"BR-163/MS";"Decrescente";"Atropelamento de animal";0;0;0;0;0;0;0;0;0;0;8;0;0;0;0
"23/02/2024";"05:42:55";"119";"Sem vítima";"490,635";"BR-163/MS";"Crescente";"Colisão traseira";0;0;0;0;0;0;0;0;0;0;6;0;0;0;0
"23/02/2024";"08:50:59";"169";"Com vítima";"567,618";"BR-163/MS";"Decrescente";"Atropelamento de pedestre";0;0;0;0;0;0;0;0;0;0;0;0;0;0;0
"23/02/2024";"02:37:21";"233";"Com vítima";"373,148";"BR-163/MS";"Decrescente";"Capotamento";0;0;0;0;0;0;0;0;0;0;1;0;3;0;0
"23/02/2024";"04:57:20";"284";"Sem vítima";"293,977";"BR-163/MS";"Decrescente";"Atropelamento de animal";0;0;0;0;0;0;0;0;0;0;4;0;0;0;0
"23/02/2024";"05:39:43";"288";"Com vítima";"465,000";"BR-163/MS";"Crescente";"Queda de moto";0;0;0;0;0;0;0;0;0;0;0;2;0;0;0
"23/02/2024";"06:06:53";"294";"Com vítima";"252,325";"BR-163/MS";"Decrescente";"Atropelamento de pedestre";0;0;0;0;0;0;0;0;0;0;2;0;0;0;0
"24/02/2024";"01:47:31";"31";"Com vítima";"469,417";"BR-163/MS";"Decrescente";"Colisão transversal";0;0;0;0;0;0;0;0;0;0;2;0;0;0;4
"24/02/2024";"06:03:27";"102";"Sem vítima";"327,415";"BR-163/MS";"Decrescente";"Colisão traseira";0;0;0;0;0;0;0;0;0;0;6;0;0;0;0
"24/02/2024";"07:39:15";"126";"Sem vítima";"173,203";"BR-163/MS";"Decrescente";"Colisão traseira";0;0;0;0;0;0;0;0;0;0;0;0;0;0;0
"24/02/2024";"10:37:35";"157";"Sem vítima";"697,575";"BR-163/MS";"Decrescente";"Colisão transversal";0;0;0;0;0;0;0;0;0;0;6;0;0;0;0
"24/02/2024";"01:16:05";"181";"Sem vítima";"73,937";"BR-163/MS";"Crescente";"Acidentes de outra natureza";0;0;0;0;0;0;0;0;0;0;1;0;0;0;0
"24/02/2024";"03:37:44";"212";"Sem vítima";"266,000";"BR-163/MS";"Crescente";"Colisão traseira";0;0;0;0;0;0;0;0;0;0;12;0;0;0;0
"24/02/2024";"03:52:35";"220";"Com vítima";"417,468";"BR-163/MS";"Decrescente";"Tombamento";0;0;0;0;0;0;0;0;0;0;0;0;0;0;0
"24/02/2024";"06:16:39";"265";"Com vítima";"265,000";"BR-163/MS";"Crescente";"Colisão traseira";0;0;0;0;0;0;0;0;0;0;4;4;0;0;0
"25/02/2024";"02:03:31";"49";"Com vítima";"263,000";"BR-163/MS";"Crescente";"Atropelamento de animal";0;0;0;0;0;0;0;0;0;0;0;2;0;0;0
"25/02/2024";"11:43:27";"194";"Sem vítima";"484,403";"BR-163/MS";"Decrescente";"Colisão transversal";0;0;0;0;0;0;0;0;0;0;0;0;0;0;0
"25/02/2024";"12:25:14";"203";"Com vítima";"459,725";"BR-163/MS";"Decrescente";"Queda de moto";0;0;0;0;0;0;0;0;0;0;0;2;0;0;0
"25/02/2024";"07:22:28";"289";"Sem vítima";"550,000";"BR-163/MS";"Crescente";"Atropelamento de animal";0;0;0;0;0;0;0;0;0;0;2;0;0;0;0
"25/02/2024";"08:06:54";"295";"Com vítima";"255,968";"BR-163/MS";"Crescente";"Atropelamento de pedestre";0;0;0;0;0;0;0;0;0;0;0;0;0;0;0
"27/02/2024";"11:10:58";"241";"Com vítima";"471,186";"BR-163/MS";"Decrescente";"Colisão traseira";0;0;0;0;0;0;0;0;0;0;2;0;0;2;0
"27/02/2024";"02:43:00";"292";"Com vítima";"484,964";"BR-163/MS";"Crescente";"Queda de moto";0;0;0;0;0;0;0;0;0;0;0;0;2;0;0
"27/02/2024";"05:36:32";"319";"Sem vítima";"235,288";"BR-163/MS";"Crescente";"Atropelamento de animal";0;0;0;0;0;0;0;0;0;0;4;0;0;0;0
"28/02/2024";"04:48:00";"254";"Com vítima";"484,300";"BR-163/MS";"Crescente";"Colisão lateral no mesmo sentido";0;0;0;0;0;0;0;0;0;0;0;4;0;0;0
"28/02/2024";"05:58:55";"275";"Sem vítima";"415,965";"BR-163/MS";"Decrescente";"Atropelamento de animal";0;0;0;0;0;0;0;0;0;0;10;0;0;0;0
"29/02/2024";"12:01:48";"20";"Sem vítima";"285,962";"BR-163/MS";"Decrescente";"Atropelamento de animal";0;0;0;0;0;0;0;0;0;0;2;0;0;0;0
"29/02/2024";"01:24:26";"23";"Sem vítima";"740,100";"BR-163/MS";"Crescente";"Atropelamento de animal";0;0;0;0;0;0;0;0;0;0;2;0;0;0;0
"29/02/2024";"10:11:11";"188";"Com vítima";"404,907";"BR-163/MS";"Crescente";"Colisão transversal";0;0;0;0;0;0;0;0;0;0;0;2;0;0;6
"29/02/2024";"04:10:37";"298";"Sem vítima";"32,915";"BR-163/MS";"Crescente";"Colisão traseira";0;0;0;0;0;0;0;0;0;0;2;0;0;0;0
"29/02/2024";"04:38:25";"304";"Sem vítima";"473,000";"BR-163/MS";"Crescente";"Atropelamento de animal";0;0;0;0;0;0;0;0;0;0;2;0;0;0;0
"29/02/2024";"05:47:12";"316";"Sem vítima";"728,000";"BR-163/MS";"Decrescente";"Atropelamento de animal";0;0;0;0;0;0;0;0;0;0;2;0;0;0;0
"29/02/2024";"06:57:43";"327";"Sem vítima";"824,692";"BR-163/MS";"Crescente";"Colisão traseira";0;0;0;0;0;0;0;0;0;0;2;0;0;0;0
"01/03/2024";"03:02:28";"45";"Com vítima";"298,178";"BR-163/MS";"Decrescente";"Queda de moto";0;0;0;0;0;0;0;0;0;0;0;2;0;0;0
"01/03/2024";"01:26:47";"259";"Sem vítima";"523,225";"BR-163/MS";"Decrescente";"Acidentes de outra natureza";0;0;0;0;0;0;0;0;0;0;2;0;0;0;0
"01/03/2024";"04:14:01";"296";"Sem vítima";"392,000";"BR-163/MS";"Decrescente";"Atropelamento de animal";0;0;0;0;0;0;0;0;0;0;2;0;0;0;0
"02/03/2024";"07:18:29";"127";"Sem vítima";"138,159";"BR-163/MS";"Crescente";"Acidentes de outra natureza";0;0;0;0;0;0;0;0;0;0;2;0;0;0;0
"02/03/2024";"12:18:14";"181";"Sem vítima";"456,552";"BR-163/MS";"Decrescente";"Tombamento";0;0;0;0;0;0;0;0;0;0;0;0;0;0;0
"02/03/2024";"03:29:02";"228";"Com vítima";"36,669";"BR-163/MS";"Crescente";"Engavetamento";0;0;0;0;0;0;0;0;0;0;8;6;0;0;0
"02/03/2024";"03:43:43";"232";"Com vítima";"317,655";"BR-163/MS";"Crescente";"Atropelamento de animal";0;0;0;0;0;0;0;0;0;0;0;2;0;0;0
"02/03/2024";"08:26:26";"288";"Com vítima";"680,927";"BR-163/MS";"Decrescente";"Queda de moto";0;0;0;0;0;0;0;0;0;0;0;0;0;0;0
"03/03/2024";"01:33:13";"23";"Sem vítima";"429,127";"BR-163/MS";"Crescente";"Atropelamento de animal";0;0;0;0;0;0;0;0;0;0;2;0;0;0;0
"03/03/2024";"04:46:53";"83";"Sem vítima";"655,267";"BR-163/MS";"Decrescente";"Tombamento";0;0;0;0;0;0;0;0;0;0;0;0;0;0;0
"03/03/2024";"09:57:17";"132";"Com vítima";"435,543";"BR-163/MS";"Decrescente";"Capotamento";0;0;0;0;0;0;0;0;0;0;0;2;0;0;0
"03/03/2024";"09:59:05";"133";"Sem vítima";"100,000";"BR-163/MS";"Crescente";"Acidentes de outra natureza";0;0;0;0;0;0;0;0;0;0;2;0;0;0;0
"03/03/2024";"03:29:27";"195";"Sem vítima";"278,780";"BR-163/MS";"Crescente";"Choque";0;0;0;0;0;0;0;0;0;0;6;0;0;0;0
"03/03/2024";"07:36:38";"256";"Sem vítima";"561,000";"BR-163/MS";"Crescente";"Choque";0;0;0;0;0;0;0;0;0;0;4;0;0;0;0
"04/03/2024";"12:17:38";"24";"Sem vítima";"269,000";"BR-163/MS";"Crescente";"Atropelamento de animal";0;0;0;0;0;0;0;0;0;0;8;0;0;0;0
"04/03/2024";"01:08:40";"28";"Sem vítima";"403,931";"BR-163/MS";"Crescente";"Atropelamento de animal";0;0;0;0;0;0;0;0;0;0;2;0;0;0;0
"04/03/2024";"10:56:19";"182";"Com vítima";"39,445";"BR-163/MS";"Crescente";"Colisão lateral no mesmo sentido";0;0;0;0;0;0;0;0;0;0;4;0;2;0;0
"04/03/2024";"08:38:34";"282";"Com vítima";"270,650";"BR-163/MS";"Decrescente";"Queda de moto";0;0;0;0;0;0;0;0;0;0;0;0;2;0;0
"05/03/2024";"06:51:49";"394";"Sem vítima";"618,500";"BR-163/MS";"Decrescente";"Tombamento";0;0;0;0;0;0;0;0;0;0;0;0;0;0;0
"06/03/2024";"08:59:54";"222";"Com vítima";"132,393";"BR-163/MS";"Crescente";"Colisão transversal";0;0;0;0;0;0;0;0;0;0;4;2;0;0;0
"06/03/2024";"01:02:40";"261";"Com vítima";"312,129";"BR-163/MS";"Crescente";"Colisão transversal";0;0;0;0;0;0;0;0;0;0;4;2;0;0;0
"06/03/2024";"08:22:59";"357";"Sem vítima";"17,773";"BR-163/MS";"Crescente";"Choque";0;0;0;0;0;0;0;0;0;0;2;0;0;0;0
"07/03/2024";"08:23:39";"172";"Com vítima";"178,100";"BR-163/MS";"Decrescente";"Colisão frontal";0;0;0;0;0;0;0;0;0;0;0;6;0;0;0
"07/03/2024";"03:16:24";"249";"Com vítima";"94,000";"BR-163/MS";"Crescente";"Colisão traseira";0;0;0;0;0;0;0;0;0;0;4;6;0;0;0
"07/03/2024";"09:05:34";"10";"Sem vítima";"579,000";"BR-163/MS";"Crescente";"Atropelamento de animal";0;0;0;0;0;0;0;0;0;0;4;0;0;0;0
"07/03/2024";"11:17:05";"18";"Sem vítima";"25,695";"BR-163/MS";"Decrescente";"Capotamento";0;0;0;0;0;0;0;0;0;0;2;0;0;0;0
"08/03/2024";"08:50:19";"142";"Com vítima";"358,484";"BR-163/MS";"Decrescente";"Colisão traseira";0;0;0;0;0;0;0;0;0;0;8;0;2;0;0
"08/03/2024";"09:04:15";"145";"Com vítima";"484,383";"BR-163/MS";"Decrescente";"Queda de moto";0;0;0;0;0;0;0;0;0;0;2;0;2;0;0
"08/03/2024";"09:24:34";"149";"Sem vítima";"707,772";"BR-163/MS";"Crescente";"Capotamento";0;0;0;0;0;0;0;0;0;0;2;0;0;0;0
"08/03/2024";"05:10:53";"233";"Sem vítima";"456,250";"BR-163/MS";"Crescente";"Colisão transversal";0;0;0;0;0;0;0;0;0;0;8;0;0;0;0
"08/03/2024";"06:34:30";"245";"Sem vítima";"276,000";"BR-163/MS";"Crescente";"Queda de moto";0;0;0;0;0;0;0;0;0;0;2;0;0;0;0
"09/03/2024";"01:04:41";"210";"Com vítima";"682,366";"BR-163/MS";"Crescente";"Colisão traseira";0;0;0;0;0;0;0;0;0;0;4;0;2;0;0
"09/03/2024";"05:00:45";"267";"Com vítima";"479,158";"BR-163/MS";"Crescente";"Colisão transversal";0;0;0;0;0;0;0;0;0;0;2;0;2;0;0
"09/03/2024";"10:24:06";"19";"Sem vítima";"349,000";"BR-163/MS";"Crescente";"Acidentes de outra natureza";0;0;0;0;0;0;0;0;0;0;4;0;0;0;0
"10/03/2024";"01:40:55";"207";"Com vítima";"333,111";"BR-163/MS";"Crescente";"Capotamento";0;0;0;0;0;0;0;0;0;0;0;0;2;0;0
"10/03/2024";"03:58:24";"261";"Sem vítima";"277,633";"BR-163/MS";"Crescente";"Choque";0;0;0;0;0;0;0;0;0;0;0;0;0;0;0
"10/03/2024";"04:39:16";"268";"Sem vítima";"830,000";"BR-163/MS";"Decrescente";"Acidentes de outra natureza";0;0;0;0;0;0;0;0;0;0;6;0;0;0;0
"10/03/2024";"05:06:52";"274";"Sem vítima";"478,671";"BR-163/MS";"Crescente";"Colisão traseira";0;0;0;0;0;0;0;0;0;0;6;0;0;0;0
"10/03/2024";"08:18:10";"299";"Sem vítima";"436,611";"BR-163/MS";"Crescente";"Atropelamento de animal";0;0;0;0;0;0;0;0;0;0;2;0;0;0;0
"11/03/2024";"12:23:36";"27";"Sem vítima";"356,116";"BR-163/MS";"Decrescente";"Atropelamento de animal";0;0;0;0;0;0;0;0;0;0;6;0;0;0;0
"11/03/2024";"04:10:39";"99";"Sem vítima";"313,725";"BR-163/MS";"Crescente";"Colisão traseira";0;0;0;0;0;0;0;0;0;0;6;0;0;0;0
"11/03/2024";"03:26:44";"277";"Com vítima";"482,188";"BR-163/MS";"Crescente";"Colisão transversal";0;0;0;0;0;0;0;0;0;0;0;2;2;0;0
"12/03/2024";"08:33:07";"156";"Com vítima";"485,528";"BR-163/MS";"Decrescente";"Colisão traseira";0;0;0;0;0;0;0;0;0;0;2;0;4;0;0
"12/03/2024";"10:44:25";"171";"Com vítima";"157,000";"BR-163/MS";"Decrescente";"Tombamento";0;0;0;0;0;0;0;0;0;0;0;0;0;0;0
"12/03/2024";"11:26:39";"176";"Com vítima";"784,580";"BR-163/MS";"Crescente";"Capotamento";0;0;0;0;0;0;0;0;0;0;0;2;2;0;0
"12/03/2024";"12:19:44";"190";"Sem vítima";"479,426";"BR-163/MS";"Decrescente";"Colisão traseira";0;0;0;0;0;0;0;0;0;0;4;0;0;0;0
"12/03/2024";"07:08:01";"300";"Com vítima";"268,547";"BR-163/MS";"Crescente";"Atropelamento de animal";0;0;0;0;0;0;0;0;0;0;0;2;2;0;0
"12/03/2024";"07:09:04";"301";"Sem vítima";"268,547";"BR-163/MS";"Crescente";"Atropelamento de animal";0;0;0;0;0;0;0;0;0;0;2;0;0;0;0
"13/03/2024";"12:06:13";"18";"Sem vítima";"436,827";"BR-163/MS";"Crescente";"Atropelamento de animal";0;0;0;0;0;0;0;0;0;0;4;0;0;0;0
"13/03/2024";"09:13:32";"181";"Com vítima";"479,740";"BR-163/MS";"Decrescente";"Queda de moto";0;0;0;0;0;0;0;0;0;0;0;0;2;0;0
"13/03/2024";"10:16:23";"194";"Sem vítima";"598,420";"BR-163/MS";"Crescente";"Acidentes de outra natureza";0;0;0;0;0;0;0;0;0;0;2;0;0;0;0
"14/03/2024";"01:21:44";"31";"Sem vítima";"592,775";"BR-163/MS";"Decrescente";"Atropelamento de animal";0;0;0;0;0;0;0;0;0;0;8;0;0;0;0
"14/03/2024";"04:57:05";"100";"Sem vítima";"266,427";"BR-163/MS";"Decrescente";"Engavetamento";0;0;0;0;0;0;0;0;0;0;4;0;0;0;0
"14/03/2024";"09:17:34";"176";"Com vítima";"598,235";"BR-163/MS";"Crescente";"Choque";0;0;0;0;0;0;0;0;0;0;2;4;0;0;0
"14/03/2024";"10:24:30";"185";"Sem vítima";"575,348";"BR-163/MS";"Crescente";"Colisão transversal";0;0;0;0;0;0;0;0;0;0;0;0;0;0;0
"14/03/2024";"03:47:38";"252";"Sem vítima";"102,624";"BR-163/MS";"Crescente";"Colisão transversal";0;0;0;0;0;0;0;0;0;0;4;0;0;0;0
"14/03/2024";"05:45:42";"308";"Com vítima";"18,146";"BR-163/MS";"Crescente";"Queda de moto";0;0;0;0;0;0;0;0;0;0;0;0;0;0;0
"15/03/2024";"12:42:05";"33";"Sem vítima";"843,000";"BR-163/MS";"Decrescente";"Queda de moto";0;0;0;0;0;0;0;0;0;0;2;0;0;0;0
"15/03/2024";"07:13:38";"171";"Com vítima";"510,185";"BR-163/MS";"Crescente";"Colisão transversal";0;0;0;0;0;0;0;0;0;0;0;2;0;4;0
"15/03/2024";"12:43:51";"294";"Sem vítima";"586,711";"BR-163/MS";"Crescente";"Tombamento";0;0;0;0;0;0;0;0;0;0;0;0;0;0;0
"15/03/2024";"02:35:54";"343";"Sem vítima";"520,907";"BR-163/MS";"Decrescente";"Acidentes de outra natureza";0;0;0;0;0;0;0;0;0;0;10;0;0;0;0
"15/03/2024";"03:23:55";"351";"Com vítima";"125,417";"BR-163/MS";"Decrescente";"Atropelamento de animal";0;0;0;0;0;0;0;0;0;0;0;2;0;0;0
"15/03/2024";"03:50:53";"355";"Sem vítima";"23,000";"BR-163/MS";"Crescente";"Atropelamento de animal";0;0;0;0;0;0;0;0;0;0;6;0;0;0;0
"15/03/2024";"04:32:39";"360";"Sem vítima";"600,470";"BR-163/MS";"Decrescente";"Atropelamento de animal";0;0;0;0;0;0;0;0;0;0;2;0;0;0;0
"16/03/2024";"06:05:23";"134";"Com vítima";"77,742";"BR-163/MS";"Decrescente";"Colisão lateral no mesmo sentido";0;0;0;0;0;0;0;0;0;0;6;2;0;0;0
"16/03/2024";"05:27:31";"280";"Sem vítima";"707,510";"BR-163/MS";"Crescente";"Atropelamento de animal";0;0;0;0;0;0;0;0;0;0;2;0;0;0;0
"16/03/2024";"06:59:46";"290";"Sem vítima";"131,800";"BR-163/MS";"Crescente";"Acidentes de outra natureza";0;0;0;0;0;0;0;0;0;0;1;0;0;0;0
"16/03/2024";"07:51:06";"295";"Com vítima";"116,118";"BR-163/MS";"Crescente";"Queda de moto";0;0;0;0;0;0;0;0;0;0;0;0;2;0;0
"17/03/2024";"12:29:22";"58";"Sem vítima";"842,000";"BR-163/MS";"Crescente";"Acidentes de outra natureza";0;0;0;0;0;0;0;0;0;0;2;0;0;0;0
"17/03/2024";"06:18:42";"146";"Com vítima";"144,214";"BR-163/MS";"Crescente";"Tombamento";0;0;0;0;0;0;0;0;0;0;0;0;0;0;0
"17/03/2024";"10:15:57";"172";"Sem vítima";"59,263";"BR-163/MS";"Decrescente";"Acidentes de outra natureza";0;0;0;0;0;0;0;0;0;0;8;0;0;0;0
"17/03/2024";"04:38:22";"269";"Sem vítima";"141,000";"BR-163/MS";"Crescente";"Acidentes de outra natureza";0;0;0;0;0;0;0;0;0;0;0;0;0;0;0
"17/03/2024";"10:05:27";"16";"Sem vítima";"600,251";"BR-163/MS";"Crescente";"Atropelamento de animal";0;0;0;0;0;0;0;0;0;0;6;0;0;0;0
"18/03/2024";"11:32:35";"180";"Sem vítima";"139,676";"BR-163/MS";"Crescente";"Acidentes de outra natureza";0;0;0;0;0;0;0;0;0;0;1;0;0;0;0
"18/03/2024";"12:50:17";"195";"Sem vítima";"113,235";"BR-163/MS";"Crescente";"Choque";0;0;0;0;0;0;0;0;0;0;4;0;0;0;0
"18/03/2024";"01:40:04";"203";"Sem vítima";"703,250";"BR-163/MS";"Crescente";"Colisão traseira";0;0;0;0;0;0;0;0;0;0;10;0;0;0;0
"18/03/2024";"03:47:36";"225";"Com vítima";"517,000";"BR-163/MS";"Decrescente";"Queda de moto";0;0;0;0;0;0;0;0;0;0;0;2;0;2;0
"18/03/2024";"06:58:27";"272";"Com vítima";"481,520";"BR-163/MS";"Crescente";"Colisão frontal";0;0;0;0;0;0;0;0;0;0;4;0;0;2;0
"18/03/2024";"08:30:46";"275";"Sem vítima";"88,355";"BR-163/MS";"Crescente";"Atropelamento de animal";0;0;0;0;0;0;0;0;0;0;6;0;0;0;0
"19/03/2024";"03:56:21";"66";"Sem vítima";"485,537";"BR-163/MS";"Decrescente";"Colisão traseira";0;0;0;0;0;0;0;0;0;0;2;0;0;0;0
"19/03/2024";"06:55:35";"125";"Sem vítima";"614,200";"BR-163/MS";"Crescente";"Colisão transversal";0;0;0;0;0;0;0;0;0;0;6;0;0;0;0
"19/03/2024";"07:24:07";"137";"Com vítima";"680,395";"BR-163/MS";"Decrescente";"Colisão lateral no mesmo sentido";0;0;0;0;0;0;0;0;0;0;2;2;0;0;0
"19/03/2024";"07:41:18";"145";"Sem vítima";"677,306";"BR-163/MS";"Crescente";"Acidentes de outra natureza";0;0;0;0;0;0;0;0;0;0;2;0;0;0;0
"19/03/2024";"08:18:03";"155";"Sem vítima";"25,586";"BR-163/MS";"Crescente";"Acidentes de outra natureza";0;0;0;0;0;0;0;0;0;0;1;0;0;0;0
"19/03/2024";"11:10:05";"193";"Com vítima";"189,873";"BR-163/MS";"Crescente";"Colisão frontal";0;0;0;0;0;0;0;0;0;0;0;2;0;0;2
"19/03/2024";"03:47:36";"270";"Sem vítima";"771,985";"BR-163/MS";"Crescente";"Atropelamento de animal";0;0;0;0;0;0;0;0;0;0;2;0;0;0;0
"20/03/2024";"03:49:10";"91";"Sem vítima";"714,461";"BR-163/MS";"Crescente";"Acidentes de outra natureza";0;0;0;0;0;0;0;0;0;0;0;0;0;0;0
"20/03/2024";"04:04:40";"95";"Sem vítima";"374,107";"BR-163/MS";"Crescente";"Tombamento";0;0;0;0;0;0;0;0;0;0;2;0;0;0;0
"20/03/2024";"09:33:48";"202";"Sem vítima";"520,405";"BR-163/MS";"Crescente";"Acidentes de outra natureza";0;0;0;0;0;0;0;0;0;0;1;0;0;0;0
"20/03/2024";"12:45:57";"233";"Com vítima";"281,123";"BR-163/MS";"Decrescente";"Colisão lateral no mesmo sentido";0;0;0;0;0;0;0;0;0;0;0;0;2;0;0
"20/03/2024";"03:59:16";"265";"Com vítima";"565,149";"BR-163/MS";"Crescente";"Colisão transversal";0;0;0;0;0;0;0;0;0;0;1;1;0;0;0
"21/03/2024";"09:38:33";"193";"Sem vítima";"150,000";"BR-163/MS";"Crescente";"Colisão traseira";0;0;0;0;0;0;0;0;0;0;4;0;0;0;0
"21/03/2024";"01:06:51";"244";"Sem vítima";"191,196";"BR-163/MS";"Crescente";"Choque";0;0;0;0;0;0;0;0;0;0;2;0;0;0;0
"21/03/2024";"11:17:58";"23";"Sem vítima";"529,688";"BR-163/MS";"Crescente";"Tombamento";0;0;0;0;0;0;0;0;0;0;2;0;0;0;0
"22/03/2024";"12:38:28";"239";"Com vítima";"481,504";"BR-163/MS";"Crescente";"Queda de moto";0;0;0;0;0;0;0;0;0;0;2;2;0;0;0
"22/03/2024";"01:16:10";"260";"Com vítima";"373,177";"BR-163/MS";"Crescente";"Colisão lateral no mesmo sentido";0;0;0;0;0;0;0;0;0;0;4;2;0;0;0
"22/03/2024";"04:59:34";"326";"Com vítima";"486,000";"BR-163/MS";"Crescente";"Colisão lateral no mesmo sentido";0;0;0;0;0;0;0;0;0;0;4;0;0;2;0
"23/03/2024";"05:41:43";"95";"Sem vítima";"446,427";"BR-163/MS";"Crescente";"Tombamento";0;0;0;0;0;0;0;0;0;0;0;0;0;0;0
"23/03/2024";"02:22:39";"198";"Sem vítima";"825,995";"BR-163/MS";"Crescente";"Acidentes de outra natureza";0;0;0;0;0;0;0;0;0;0;4;0;0;0;0
"23/03/2024";"03:32:59";"213";"Com vítima";"586,811";"BR-163/MS";"Crescente";"Queda de moto";0;0;0;0;0;0;0;0;0;0;0;0;0;2;0
"24/03/2024";"02:32:59";"240";"Sem vítima";"467,270";"BR-163/MS";"Decrescente";"Colisão frontal";0;0;0;0;0;0;0;0;0;0;4;0;0;0;0
"24/03/2024";"05:15:13";"302";"Sem vítima";"184,642";"BR-163/MS";"Crescente";"Atropelamento de animal";0;0;0;0;0;0;0;0;0;0;2;0;0;0;0
"25/03/2024";"05:31:18";"128";"Sem vítima";"817,537";"BR-163/MS";"Crescente";"Colisão traseira";0;0;0;0;0;0;0;0;0;0;4;0;0;0;0
"25/03/2024";"07:39:05";"167";"Sem vítima";"372,204";"BR-163/MS";"Crescente";"Capotamento";0;0;0;0;0;0;0;0;0;0;4;0;0;0;0