data;horario;n_da_ocorrencia;tipo_de_ocorrencia;km;trecho;sentido;tipo_de_acidente;automovel;bicicleta;caminhao;moto;onibus;outros;tracao_animal;transporte_de_cargas_especiais;trator_maquinas;utilitarios;ilesos;levemente_feridos;moderadamente_feridos;gravemente_feridos;mortos
"25/03/2024";"08:15:45";"178";"Com vítima";"529,246";"BR-163/MS";"Decrescente";"Tombamento";0;0;0;0;0;0;0;0;0;0;0;0;0;0;0
"25/03/2024";"10:17:06";"204";"Com vítima";"263,000";"BR-163/MS";"Decrescente";"Colisão traseira";0;0;0;0;0;0;0;0;0;0;2;2;0;0;0
"25/03/2024";"10:48:55";"211";"Com vítima";"485,797";"BR-163/MS";"Decrescente";"Colisão traseira";0;0;0;0;0;0;0;0;0;0;4;2;0;0;0
"25/03/2024";"03:26:47";"268";"Sem vítima";"338,621";"BR-163/MS";"Decrescente";"Atropelamento de animal";0;0;0;0;0;0;0;0;0;0;4;0;0;0;0
"25/03/2024";"11:44:20";"25";"Sem vítima";"719,580";"BR-163/MS";"Crescente";"Capotamento";0;0;0;0;0;0;0;0;0;0;2;0;0;0;0
"25/03/2024";"11:57:53";"26";"Com vítima";"614,168";"BR-163/MS";"Crescente";"Colisão transversal";0;0;0;0;0;0;0;0;0;0;2;2;0;0;0
"26/03/2024";"08:12:16";"185";"Sem vítima";"659,275";"BR-163/MS";"Crescente";"Capotamento";0;0;0;0;0;0;0;0;0;0;1;0;0;0;0
"26/03/2024";"08:14:21";"187";"Sem vítima";"483,913";"BR-163/MS";"Decrescente";"Colisão lateral no mesmo sentido";0;0;0;0;0;0;0;0;0;0;2;0;0;0;0
"26/03/2024";"12:53:02";"244";"Com vítima";"659,480";"BR-163/MS";"Crescente";"Acidentes de outra natureza";0;0;0;0;0;0;0;0;0;0;0;0;2;0;0
"26/03/2024";"03:58:29";"308";"Com vítima";"485,000";"BR-163/MS";"Crescente";"Colisão lateral no mesmo sentido";0;0;0;0;0;0;0;0;0;0;2;2;0;0;0
"27/03/2024";"04:15:18";"88";"Sem vítima";"209,241";"BR-163/MS";"Crescente";"Colisão traseira";0;0;0;0;0;0;0;0;0;0;4;0;0;0;0
"27/03/2024";"06:27:34";"143";"Sem vítima";"426,152";"BR-163/MS";"Crescente";"Acidentes de outra natureza";0;0;0;0;0;0;0;0;0;0;3;0;0;0;0
"27/03/2024";"08:27:15";"175";"Com vítima";"356,944";"BR-163/MS";"Decrescente";"Colisão traseira";0;0;0;0;0;0;0;0;0;0;4;4;0;0;0
"27/03/2024";"12:18:10";"221";"Sem vítima";"365,257";"BR-163/MS";"Crescente";"Engavetamento";0;0;0;0;0;0;0;0;0;0;14;0;0;0;0
"27/03/2024";"06:38:18";"307";"Sem vítima";"385,838";"BR-163/MS";"Crescente";"Atropelamento de animal";0;0;0;0;0;0;0;0;0;0;6;0;0;0;0
"27/03/2024";"07:01:35";"312";"Sem vítima";"136,285";"BR-163/MS";"Decrescente";"Acidentes de outra natureza";0;0;0;0;0;0;0;0;0;0;6;0;0;0;0
"27/03/2024";"08:34:47";"321";"Sem vítima";"432,111";"BR-163/MS";"Decrescente";"Atropelamento de animal";0;0;0;0;0;0;0;0;0;0;4;0;0;0;0
"28/03/2024";"12:08:26";"18";"Sem vítima";"209,359";"BR-163/MS";"Decrescente";"Choque";0;0;0;0;0;0;0;0;0;0;4;0;0;0;0
"28/03/2024";"09:13:51";"172";"Com vítima";"264,421";"BR-163/MS";"Decrescente";"Colisão lateral no mesmo sentido";0;0;0;0;0;0;0;0;0;0;2;2;0;0;0
"28/03/2024";"10:21:09";"188";"Sem vítima";"208,359";"BR-163/MS";"Crescente";"Colisão transversal";0;0;0;0;0;0;0;0;0;0;6;0;0;0;0
"28/03/2024";"01:36:17";"249";"Com vítima";"482,322";"BR-163/MS";"Decrescente";"Colisão traseira";0;0;0;0;0;0;0;0;0;0;2;4;0;0;0
"28/03/2024";"08:18:05";"353";"Sem vítima";"642,559";"BR-163/MS";"Crescente";"Choque";0;0;0;0;0;0;0;0;0;0;1;0;0;0;0
"29/03/2024";"02:00:41";"243";"Com vítima";"437,341";"BR-163/MS";"Decrescente";"Queda de moto";0;0;0;0;0;0;0;0;0;0;0;4;0;0;0
"29/03/2024";"03:27:17";"282";"Sem vítima";"571,200";"BR-163/MS";"Crescente";"Atropelamento de animal";0;0;0;0;0;0;0;0;0;0;6;0;0;0;0
"30/03/2024";"01:44:28";"26";"Sem vítima";"541,500";"BR-163/MS";"Decrescente";"Acidentes de outra natureza";0;0;0;0;0;0;0;0;0;0;2;0;0;0;0
"30/03/2024";"11:17:43";"166";"Com vítima";"19,880";"BR-163/MS";"Decrescente";"Colisão frontal";0;0;0;0;0;0;0;0;0;0;4;0;0;2;0
"30/03/2024";"03:36:10";"260";"Com vítima";"312,000";"BR-163/MS";"Decrescente";"Colisão traseira";0;0;0;0;0;0;0;0;0;0;10;2;0;0;0
"30/03/2024";"11:10:48";"18";"Com vítima";"349,800";"BR-163/MS";"Decrescente";"Capotamento";0;0;0;0;0;0;0;0;0;0;2;2;0;0;0
"31/03/2024";"07:01:16";"111";"Com vítima";"566,178";"BR-163/MS";"Decrescente";"Acidentes de outra natureza";0;0;0;0;0;0;0;0;0;0;0;2;2;0;0
"31/03/2024";"08:59:59";"142";"Sem vítima";"789,417";"BR-163/MS";"Decrescente";"Colisão traseira";0;0;0;0;0;0;0;0;0;0;2;0;0;0;0
"31/03/2024";"09:49:07";"150";"Sem vítima";"703,369";"BR-163/MS";"Crescente";"Queda de moto";0;0;0;0;0;0;0;0;0;0;2;0;0;0;0
"31/03/2024";"10:46:55";"159";"Sem vítima";"443,000";"BR-163/MS";"Decrescente";"Atropelamento de animal";0;0;0;0;0;0;0;0;0;0;2;0;0;0;0
"31/03/2024";"01:17:35";"224";"Sem vítima";"74,830";"BR-163/MS";"Crescente";"Acidentes de outra natureza";0;0;0;0;0;0;0;0;0;0;5;0;0;0;0
"31/03/2024";"02:27:28";"251";"Sem vítima";"488,471";"BR-163/MS";"Crescente";"Acidentes de outra natureza";0;0;0;0;0;0;0;0;0;0;2;0;0;0;0
"31/03/2024";"03:43:20";"267";"Sem vítima";"680,000";"BR-163/MS";"Decrescente";"Engavetamento";0;0;0;0;0;0;0;0;0;0;11;0;0;0;0
"31/03/2024";"03:49:50";"268";"Sem vítima";"156,000";"BR-163/MS";"Crescente";"Acidentes de outra natureza";0;0;0;0;0;0;0;0;0;0;5;0;0;0;0
"31/03/2024";"05:03:13";"285";"Sem vítima";"211,225";"BR-163/MS";"Crescente";"Atropelamento de animal";0;0;0;0;0;0;0;0;0;0;4;0;0;0;0
"31/03/2024";"10:47:01";"21";"Sem vítima";"636,000";"BR-163/MS";"Decrescente";"Acidentes de outra natureza";0;0;0;0;0;0;0;0;0;0;2;0;0;0;0
"01/04/2024";"02:29:22";"38";"Sem vítima";"495,113";"BR-163/MS";"Decrescente";"Colisão lateral no mesmo sentido";1;0;0;0;0;1;0;0;0;0;1;0;0;0;0
"01/04/2024";"08:55:36";"197";"Com vítima";"819,960";"BR-163/MS";"Decrescente";"Acidentes de outra natureza";0;0;0;0;0;0;0;0;0;1;0;1;0;0;0
"01/04/2024";"11:28:13";"217";"Sem vítima";"308,105";"BR-163/MS";"Crescente";"Colisão traseira";1;0;0;0;0;0;0;0;0;1;4;0;0;0;0
"01/04/2024";"03:03:12";"270";"Com vítima";"732,000";"BR-163/MS";"Crescente";"Colisão lateral no mesmo sentido";0;0;1;0;0;0;0;0;0;0;0;0;0;0;0
"01/04/2024";"03:17:39";"272";"Sem vítima";"257,000";"BR-163/MS";"Crescente";"Colisão traseira";1;0;0;1;0;0;0;0;0;0;1;0;0;0;0
"01/04/2024";"03:44:28";"275";"Com vítima";"539,665";"BR-163/MS";"Crescente";"Colisão frontal";1;0;1;0;0;0;0;0;0;0;0;2;1;1;0
"02/04/2024";"12:00:27";"22";"Sem vítima";"480,900";"BR-163/MS";"Crescente";"Acidentes de outra natureza";1;0;0;0;0;0;0;0;0;0;1;0;0;0;0
"02/04/2024";"01:54:45";"29";"Sem vítima";"124,309";"BR-163/MS";"Crescente";"Choque";0;0;0;1;0;0;0;0;0;0;1;0;0;0;0
"02/04/2024";"04:39:01";"92";"Sem vítima";"507,136";"BR-163/MS";"Decrescente";"Acidentes de outra natureza";1;0;0;0;0;0;0;0;0;0;1;0;0;0;0
"02/04/2024";"03:25:26";"285";"Sem vítima";"155,252";"BR-163/MS";"Decrescente";"Atropelamento de animal";1;0;0;0;0;0;0;0;0;0;1;0;0;0;0
"02/04/2024";"05:16:01";"338";"Sem vítima";"110,703";"BR-163/MS";"Decrescente";"Colisão traseira";0;0;1;0;0;2;0;0;0;0;1;0;0;0;0
"03/04/2024";"06:09:40";"135";"Com vítima";"313,725";"BR-163/MS";"Crescente";"Colisão traseira";0;0;1;0;0;1;0;0;0;0;0;1;0;0;0
"03/04/2024";"01:38:20";"225";"Sem vítima";"778,729";"BR-163/MS";"Decrescente";"Colisão traseira";1;0;0;0;0;3;0;0;0;0;1;0;0;0;0
"04/04/2024";"12:39:03";"42";"Sem vítima";"528,536";"BR-163/MS";"Decrescente";"Acidentes de outra natureza";1;0;0;0;0;0;0;0;0;0;1;0;0;0;0
"04/04/2024";"08:14:33";"194";"Com vítima";"93,147";"BR-163/MS";"Decrescente";"Colisão transversal";0;0;1;0;0;0;0;0;0;2;2;0;2;0;0
"04/04/2024";"06:36:26";"345";"Sem vítima";"272,921";"BR-163/MS";"Decrescente";"Acidentes de outra natureza";1;0;0;0;0;0;0;0;0;0;1;0;0;0;0
"05/04/2024";"09:52:03";"163";"Sem vítima";"262,940";"BR-163/MS";"Crescente";"Tombamento";0;0;0;1;0;0;0;0;0;0;1;0;0;0;0
"05/04/2024";"10:37:36";"173";"Sem vítima";"92,925";"BR-163/MS";"Crescente";"Colisão lateral no mesmo sentido";1;0;0;0;0;0;0;0;0;0;3;0;0;0;0
"05/04/2024";"10:38:18";"174";"Sem vítima";"486,147";"BR-163/MS";"Crescente";"Colisão transversal";0;0;0;0;0;0;0;0;0;0;0;0;0;0;0
"05/04/2024";"11:02:57";"179";"Sem vítima";"565,529";"BR-163/MS";"Crescente";"Colisão traseira";0;0;1;0;0;0;0;0;0;1;4;0;0;0;0
"05/04/2024";"01:45:20";"230";"Sem vítima";"430,120";"BR-163/MS";"Decrescente";"Acidentes de outra natureza";0;0;1;0;0;0;0;0;0;0;1;0;0;0;0
"06/04/2024";"01:39:54";"190";"Com vítima";"491,540";"BR-163/MS";"Decrescente";"Colisão traseira";2;0;0;0;0;0;0;0;0;0;1;4;0;0;0
"06/04/2024";"05:13:45";"267";"Com vítima";"171,662";"BR-163/MS";"Crescente";"Colisão lateral no mesmo sentido";1;0;0;1;0;0;0;0;0;0;1;0;0;1;0
"07/04/2024";"04:13:11";"105";"Sem vítima";"800,216";"BR-163/MS";"Crescente";"Tombamento";1;0;0;0;0;0;0;0;0;0;1;0;0;0;0
"07/04/2024";"04:56:53";"114";"Sem vítima";"638,514";"BR-163/MS";"Decrescente";"Acidentes de outra natureza";0;0;0;0;0;1;0;0;0;1;1;0;0;0;0
"07/04/2024";"08:10:14";"158";"Com vítima";"479,980";"BR-163/MS";"Crescente";"Colisão transversal";0;0;0;1;0;0;0;0;0;1;1;1;0;0;0
"07/04/2024";"09:24:55";"174";"Sem vítima";"650,650";"BR-163/MS";"Decrescente";"Choque";1;0;0;0;0;0;0;0;0;0;2;0;0;0;0
"07/04/2024";"03:39:16";"249";"Sem vítima";"796,840";"BR-163/MS";"Crescente";"Atropelamento de animal";1;0;0;0;0;0;0;0;0;0;3;0;0;0;0
"07/04/2024";"05:26:04";"268";"Sem vítima";"238,254";"BR-163/MS";"Crescente";"Atropelamento de animal";1;0;0;0;0;0;0;0;0;0;5;0;0;0;0
"07/04/2024";"05:38:01";"289";"Sem vítima";"272,620";"BR-163/MS";"Crescente";"Choque";1;0;0;0;0;0;0;0;0;0;3;0;0;0;0
"07/04/2024";"09:49:35";"13";"Sem vítima";"376,507";"BR-163/MS";"Crescente";"Atropelamento de animal";1;0;0;0;0;0;0;0;0;0;5;0;0;0;0
"08/04/2024";"12:58:10";"35";"Sem vítima";"600,372";"BR-163/MS";"Decrescente";"Atropelamento de animal";1;0;0;0;0;0;0;0;0;0;3;0;0;0;0
"08/04/2024";"06:32:15";"177";"Com vítima";"747,180";"BR-163/MS";"Crescente";"Acidentes de outra natureza";1;0;0;0;0;0;0;0;0;0;0;1;0;0;0
"08/04/2024";"08:38:08";"219";"Com vítima";"767,000";"BR-163/MS";"Decrescente";"Colisão traseira";0;0;1;1;0;0;0;0;0;0;1;1;0;0;0
"08/04/2024";"09:42:33";"235";"Com vítima";"682,158";"BR-163/MS";"Crescente";"Colisão transversal";0;0;1;0;0;0;0;0;0;1;1;2;0;0;0
"08/04/2024";"11:55:15";"264";"Sem vítima";"380,958";"BR-163/MS";"Crescente";"Colisão transversal";0;0;2;0;0;1;0;0;0;0;2;0;0;0;0
"08/04/2024";"04:31:12";"324";"Com vítima";"615,661";"BR-163/MS";"Crescente";"Colisão transversal";1;0;0;0;0;0;0;0;0;2;2;3;0;0;0
"08/04/2024";"05:25:39";"328";"Com vítima";"179,855";"BR-163/MS";"Decrescente";"Colisão traseira";0;0;1;0;0;0;0;0;0;1;2;1;0;0;0
"09/04/2024";"03:40:50";"97";"Sem vítima";"117,657";"BR-163/MS";"Decrescente";"Colisão transversal";1;0;0;0;0;0;0;0;0;1;2;0;0;0;0
"09/04/2024";"02:44:50";"270";"Sem vítima";"661,000";"BR-163/MS";"Crescente";"Tombamento";0;0;0;0;0;0;0;0;0;1;1;0;0;0;0
"10/04/2024";"02:10:54";"22";"Com vítima";"429,850";"BR-163/MS";"Decrescente";"Colisão frontal";1;0;3;0;0;2;0;0;0;0;0;0;0;0;6
"10/04/2024";"07:26:22";"301";"Sem vítima";"703,224";"BR-163/MS";"Decrescente";"Atropelamento de animal";0;0;1;0;0;0;0;0;0;0;1;0;0;0;0
"10/04/2024";"08:06:57";"304";"Sem vítima";"395,000";"BR-163/MS";"Decrescente";"Atropelamento de animal";1;0;0;0;0;0;0;0;0;0;1;0;0;0;0
"11/04/2024";"05:04:29";"105";"Com vítima";"475,771";"BR-163/MS";"Crescente";"Colisão traseira";1;0;0;1;0;0;0;0;0;0;1;1;0;0;0
"11/04/2024";"05:12:29";"110";"Sem vítima";"543,538";"BR-163/MS";"Decrescente";"Engavetamento";1;0;0;0;0;0;0;0;0;0;0;0;0;0;0
"11/04/2024";"07:44:40";"169";"Sem vítima";"658,978";"BR-163/MS";"Crescente";"Colisão lateral no mesmo sentido";0;0;1;0;0;3;0;0;0;1;3;0;0;0;0
"11/04/2024";"11:46:58";"234";"Sem vítima";"256,239";"BR-163/MS";"Crescente";"Acidentes de outra natureza";1;0;0;0;0;0;0;0;0;0;1;0;0;0;0
"11/04/2024";"12:42:09";"249";"Sem vítima";"663,369";"BR-163/MS";"Crescente";"Acidentes de outra natureza";0;0;1;0;0;1;0;0;0;0;1;0;0;0;0
"11/04/2024";"02:23:20";"274";"Com vítima";"258,170";"BR-163/MS";"Crescente";"Queda de moto";0;0;0;1;0;0;0;0;0;0;0;1;0;0;0
"11/04/2024";"06:38:37";"347";"Sem vítima";"241,465";"BR-163/MS";"Crescente";"Atropelamento de animal";1;0;0;0;0;0;0;0;0;0;5;0;0;0;0
"12/04/2024";"05:48:40";"149";"Sem vítima";"827,594";"BR-163/MS";"Crescente";"Choque";1;0;0;0;0;0;0;0;0;0;2;0;0;0;0
"12/04/2024";"08:49:31";"192";"Sem vítima";"444,639";"BR-163/MS";"Crescente";"Acidentes de outra natureza";1;0;0;0;0;0;0;0;0;0;1;0;0;0;0
"12/04/2024";"01:43:00";"251";"Com vítima";"471,151";"BR-163/MS";"Decrescente";"Queda de moto";0;0;0;1;0;0;0;0;0;0;0;1;0;0;0
"12/04/2024";"02:23:37";"262";"Sem vítima";"484,382";"BR-163/MS";"Crescente";"Colisão transversal";3;0;0;0;0;0;0;0;0;0;4;0;0;0;0
"12/04/2024";"04:05:04";"293";"Sem vítima";"510,500";"BR-163/MS";"Crescente";"Acidentes de outra natureza";1;0;0;0;0;0;0;0;0;0;2;0;0;0;0
"12/04/2024";"04:22:39";"304";"Com vítima";"577,386";"BR-163/MS";"Decrescente";"Capotamento";0;0;0;0;0;1;0;0;0;0;0;0;0;0;0
"13/04/2024";"12:57:58";"34";"Com vítima";"49,464";"BR-163/MS";"Crescente";"Acidentes de outra natureza";1;0;0;0;0;0;0;0;0;0;0;1;0;0;0
"13/04/2024";"08:18:31";"158";"Sem vítima";"697,853";"BR-163/MS";"Crescente";"Colisão traseira";2;0;0;0;0;0;0;0;0;0;4;0;0;0;0
"13/04/2024";"01:15:51";"229";"Sem vítima";"278,769";"BR-163/MS";"Decrescente";"Acidentes de outra natureza";0;0;0;0;0;0;0;0;0;1;1;0;0;0;0
"13/04/2024";"01:32:11";"233";"Com vítima";"117,627";"BR-163/MS";"Crescente";"Queda de moto";0;0;0;1;0;0;0;0;0;0;0;1;0;0;0
"13/04/2024";"02:29:24";"246";"Sem vítima";"158,221";"BR-163/MS";"Crescente";"Acidentes de outra natureza";1;0;0;0;0;0;0;0;0;0;3;0;0;0;0
"13/04/2024";"04:30:10";"260";"Com vítima";"484,000";"BR-163/MS";"Crescente";"Colisão transversal";2;0;0;0;0;0;0;0;0;0;2;1;0;0;0
"13/04/2024";"04:46:01";"289";"Sem vítima";"342,000";"BR-163/MS";"Crescente";"Acidentes de outra natureza";1;0;0;0;0;0;0;0;0;0;1;0;0;0;0
"13/04/2024";"07:59:40";"313";"Sem vítima";"615,500";"BR-163/MS";"Crescente";"Colisão transversal";2;0;0;0;0;0;0;0;0;0;4;0;0;0;0
"14/04/2024";"02:36:44";"24";"Com vítima";"478,670";"BR-163/MS";"Crescente";"Tombamento";0;0;0;1;0;0;0;0;0;0;0;0;0;1;0
"14/04/2024";"12:02:27";"141";"Com vítima";"490,395";"BR-163/MS";"Crescente";"Tombamento";0;0;0;1;0;0;0;0;0;0;0;0;1;0;0
"14/04/2024";"01:35:52";"151";"Sem vítima";"470,450";"BR-163/MS";"Crescente";"Acidentes de outra natureza";0;0;0;0;0;0;0;0;0;1;2;0;0;0;0
"15/04/2024";"04:21:32";"72";"Sem vítima";"490,000";"BR-163/MS";"Crescente";"Colisão traseira";2;0;0;0;0;0;0;0;0;0;2;0;0;0;0
"15/04/2024";"04:38:17";"75";"Sem vítima";"373,000";"BR-163/MS";"Crescente";"Acidentes de outra natureza";1;0;0;0;0;0;0;0;0;0;2;0;0;0;0
"15/04/2024";"07:58:52";"145";"Sem vítima";"703,501";"BR-163/MS";"Crescente";"Colisão traseira";1;0;0;0;0;0;0;0;0;0;1;0;0;0;0
"15/04/2024";"10:25:32";"167";"Sem vítima";"554,953";"BR-163/MS";"Decrescente";"Acidentes de outra natureza";1;0;0;0;0;0;0;0;0;0;1;0;0;0;0
"15/04/2024";"10:56:24";"176";"Sem vítima";"251,500";"BR-163/MS";"Crescente";"Acidentes de outra natureza";0;0;0;0;0;0;0;0;0;1;1;0;0;0;0
"15/04/2024";"05:20:09";"246";"Sem vítima";"472,233";"BR-163/MS";"Crescente";"Tombamento";0;0;1;0;0;0;0;0;0;0;1;0;0;0;0
"16/04/2024";"03:59:54";"101";"Sem vítima";"258,412";"BR-163/MS";"Crescente";"Colisão lateral no mesmo sentido";0;0;1;0;0;0;0;0;0;0;0;0;0;0;0
"16/04/2024";"07:42:25";"173";"Com vítima";"362,367";"BR-163/MS";"Decrescente";"Colisão frontal";0;0;1;0;0;0;0;0;0;1;0;2;0;0;0
"16/04/2024";"07:52:59";"175";"Sem vítima";"509,892";"BR-163/MS";"Decrescente";"Acidentes de outra natureza";0;0;0;0;0;0;0;0;0;1;1;0;0;0;0
"16/04/2024";"02:09:41";"249";"Com vítima";"487,529";"BR-163/MS";"Crescente";"Colisão transversal";0;0;1;1;0;1;0;0;0;0;2;0;0;1;0
"16/04/2024";"03:43:27";"290";"Sem vítima";"490,427";"BR-163/MS";"Decrescente";"Colisão traseira";1;0;0;0;1;0;0;0;0;0;3;0;0;0;0
"16/04/2024";"06:23:06";"313";"Sem vítima";"291,260";"BR-163/MS";"Decrescente";"Atropelamento de animal";1;0;0;0;0;0;0;0;0;0;3;0;0;0;0
"17/04/2024";"06:59:05";"198";"Com vítima";"466,466";"BR-163/MS";"Crescente";"Colisão traseira";0;0;1;0;0;0;0;0;0;0;0;0;0;0;0
"17/04/2024";"07:15:14";"205";"Com vítima";"284,464";"BR-163/MS";"Crescente";"Colisão frontal";2;0;1;0;0;0;0;0;0;0;1;0;0;1;0
"17/04/2024";"07:39:31";"213";"Sem vítima";"9,373";"BR-163/MS";"Crescente";"Acidentes de outra natureza";1;0;0;0;0;0;0;0;0;0;0;0;0;0;0
"17/04/2024";"11:49:09";"254";"Com vítima";"335,702";"BR-163/MS";"Decrescente";"Queda de moto";0;0;0;1;0;0;0;0;0;0;1;1;0;0;0
"17/04/2024";"12:16:27";"261";"Com vítima";"249,203";"BR-163/MS";"Crescente";"Queda de moto";0;0;0;1;0;0;0;0;0;0;1;1;0;0;0
"17/04/2024";"06:30:21";"342";"Sem vítima";"660,275";"BR-163/MS";"Crescente";"Tombamento";0;0;1;0;0;0;0;0;0;0;1;0;0;0;0
"19/04/2024";"05:13:57";"101";"Sem vítima";"485,715";"BR-163/MS";"Decrescente";"Colisão traseira";1;0;1;0;0;0;0;0;0;0;4;0;0;0;0
"19/04/2024";"07:11:08";"156";"Sem vítima";"466,620";"BR-163/MS";"Decrescente";"Colisão traseira";0;0;2;0;0;0;0;0;0;0;2;0;0;0;0
"19/04/2024";"08:32:00";"172";"Com vítima";"683,360";"BR-163/MS";"Decrescente";"Queda de moto";0;0;0;1;0;0;0;0;0;0;0;1;0;0;0
"20/04/2024";"04:32:18";"71";"Com vítima";"370,579";"BR-163/MS";"Decrescente";"Queda de moto";0;0;0;1;0;0;0;0;0;0;0;1;0;0;0
"20/04/2024";"10:58:06";"145";"Sem vítima";"89,147";"BR-163/MS";"Decrescente";"Acidentes de outra natureza";1;0;0;0;0;0;0;0;0;0;2;0;0;0;0
"20/04/2024";"02:58:56";"198";"Sem vítima";"506,947";"BR-163/MS";"Decrescente";"Choque";3;0;0;0;0;0;0;0;0;0;7;0;0;0;0
"20/04/2024";"10:25:43";"21";"Sem vítima";"267,817";"BR-163/MS";"Crescente";"Choque";1;0;0;0;0;0;0;0;0;0;1;0;0;0;0
"21/04/2024";"10:51:08";"190";"Com vítima";"785,225";"BR-163/MS";"Crescente";"Colisão lateral no mesmo sentido";0;0;1;0;1;1;0;0;0;0;1;36;0;0;0
"21/04/2024";"03:22:35";"230";"Sem vítima";"313,152";"BR-163/MS";"Crescente";"Choque";0;0;0;0;0;1;0;0;0;1;4;0;0;0;0
"21/04/2024";"03:33:31";"234";"Com vítima";"537,280";"BR-163/MS";"Decrescente";"Tombamento";0;0;0;0;0;2;0;0;0;0;0;0;0;0;0
"21/04/2024";"04:15:58";"242";"Sem vítima";"703,510";"BR-163/MS";"Crescente";"Atropelamento de animal";1;0;0;0;0;0;0;0;0;0;3;0;0;0;0
"21/04/2024";"04:58:27";"250";"Sem vítima";"248,508";"BR-163/MS";"Decrescente";"Acidentes de outra natureza";1;0;0;0;0;0;0;0;0;0;1;0;0;0;0
"21/04/2024";"06:01:21";"256";"Sem vítima";"669,110";"BR-163/MS";"Crescente";"Atropelamento de animal";1;0;0;0;0;0;0;0;0;0;1;0;0;0;0
"21/04/2024";"08:05:34";"291";"Sem vítima";"181,819";"BR-163/MS";"Decrescente";"Atropelamento de animal";1;0;0;0;0;0;0;0;0;0;4;0;0;0;0
"22/04/2024";"12:16:58";"26";"Sem vítima";"550,850";"BR-163/MS";"Decrescente";"Tombamento";0;0;1;0;0;0;0;0;0;0;1;0;0;0;0
"22/04/2024";"04:39:03";"98";"Sem vítima";"579,730";"BR-163/MS";"Crescente";"Tombamento";0;0;0;0;0;0;0;0;0;1;2;0;0;0;0
"22/04/2024";"05:38:26";"308";"Com vítima";"7,894";"BR-163/MS";"Crescente";"Choque";1;0;0;0;0;0;0;0;0;0;0;1;0;0;0
"22/04/2024";"07:41:03";"323";"Sem vítima";"571,434";"BR-163/MS";"Decrescente";"Atropelamento de animal";1;0;0;0;0;0;0;0;0;0;4;0;0;0;0
"22/04/2024";"07:55:46";"327";"Sem vítima";"480,137";"BR-163/MS";"Crescente";"Choque";0;0;1;0;0;0;0;0;0;0;0;0;0;0;0
"22/04/2024";"09:01:54";"1";"Sem vítima";"168,703";"BR-163/MS";"Crescente";"Acidentes de outra natureza";1;0;0;0;0;0;0;0;0;0;1;0;0;0;0
"23/04/2024";"02:07:31";"35";"Sem vítima";"748,985";"BR-163/MS";"Crescente";"Atropelamento de animal";0;0;0;0;0;0;0;0;0;0;0;0;0;0;0
"23/04/2024";"03:57:43";"322";"Com vítima";"50,000";"BR-163/MS";"Decrescente";"Colisão traseira";1;0;1;0;0;0;0;0;0;0;1;2;0;0;0
"23/04/2024";"04:18:46";"327";"Com vítima";"625,905";"BR-163/MS";"Crescente";"Colisão traseira";1;0;0;0;0;0;0;0;0;1;1;1;5;0;2
"23/04/2024";"04:19:01";"328";"Com vítima";"495,000";"BR-163/MS";"Decrescente";"Queda de moto";0;0;0;1;0;0;0;0;0;0;1;1;0;0;0
"23/04/2024";"05:05:16";"337";"Sem vítima";"394,000";"BR-163/MS";"Crescente";"Atropelamento de animal";0;0;1;0;0;0;0;0;0;0;1;0;0;0;0
"23/04/2024";"07:09:31";"353";"Sem vítima";"746,796";"BR-163/MS";"Crescente";"Atropelamento de animal";1;0;0;0;0;0;0;0;0;0;3;0;0;0;0
"24/04/2024";"01:29:32";"25";"Sem vítima";"278,000";"BR-163/MS";"Crescente";"Acidentes de outra natureza";1;0;0;0;0;0;0;0;0;0;2;0;0;0;0
"24/04/2024";"05:30:09";"119";"Sem vítima";"646,485";"BR-163/MS";"Decrescente";"Capotamento";0;0;0;0;0;0;0;0;0;1;2;0;0;0;0
"24/04/2024";"10:42:58";"197";"Com vítima";"615,652";"BR-163/MS";"Crescente";"Colisão lateral no mesmo sentido";1;0;0;1;0;0;0;0;0;0;1;1;1;0;0
"24/04/2024";"02:12:05";"248";"Com vítima";"486,538";"BR-163/MS";"Crescente";"Colisão traseira";1;0;0;1;0;0;0;0;0;0;1;1;1;0;0
"24/04/2024";"07:03:39";"308";"Sem vítima";"323,763";"BR-163/MS";"Decrescente";"Atropelamento de animal";1;0;0;0;0;1;0;0;0;0;1;0;0;0;0
"24/04/2024";"11:08:37";"17";"Sem vítima";"715,000";"BR-163/MS";"Crescente";"Tombamento";0;0;1;0;0;1;0;0;0;0;1;0;0;0;0
"25/04/2024";"04:51:45";"89";"Sem vítima";"484,000";"BR-163/MS";"Crescente";"Engavetamento";1;0;1;0;0;0;0;0;0;1;3;0;0;0;0