data;horario;n_da_ocorrencia;tipo_de_ocorrencia;km;trecho;sentido;tipo_de_acidente;automovel;bicicleta;caminhao;moto;onibus;outros;tracao_animal;transporte_de_cargas_especiais;trator_maquinas;utilitarios;ilesos;levemente_feridos;moderadamente_feridos;gravemente_feridos;mortos
"25/04/2024";"11:47:37";"219";"Sem vítima";"609,974";"BR-163/MS";"Crescente";"Colisão transversal";1;0;0;0;0;0;0;0;0;1;3;0;0;0;0
"25/04/2024";"04:45:31";"311";"Sem vítima";"435,200";"BR-163/MS";"Decrescente";"Choque";1;0;0;0;0;0;0;0;0;0;2;0;0;0;0
"26/04/2024";"04:32:14";"126";"Com vítima";"486,298";"BR-163/MS";"Decrescente";"Colisão traseira";0;0;0;1;0;0;0;0;0;1;0;1;0;0;0
"26/04/2024";"05:09:33";"142";"Sem vítima";"519,960";"BR-163/MS";"Crescente";"Choque";2;0;0;0;0;0;0;0;0;0;2;0;0;0;0
"26/04/2024";"03:18:50";"303";"Com vítima";"270,514";"BR-163/MS";"Crescente";"Colisão lateral no mesmo sentido";2;0;0;0;0;0;0;0;0;0;4;1;0;0;0
"27/04/2024";"07:37:37";"145";"Com vítima";"78,763";"BR-163/MS";"Decrescente";"Queda de moto";0;0;0;1;0;0;0;0;0;0;0;1;0;0;0
"27/04/2024";"09:22:24";"164";"Com vítima";"744,441";"BR-163/MS";"Decrescente";"Queda de moto";0;0;0;1;0;0;0;0;0;0;0;0;1;0;0
"27/04/2024";"03:09:34";"252";"Sem vítima";"747,147";"BR-163/MS";"Crescente";"Atropelamento de animal";0;0;1;0;0;0;0;0;0;0;1;0;0;0;0
"28/04/2024";"05:49:06";"78";"Sem vítima";"800,240";"BR-163/MS";"Crescente";"Choque";1;0;0;0;0;0;0;0;0;0;1;0;0;0;0
"28/04/2024";"01:56:51";"171";"Com vítima";"525,505";"BR-163/MS";"Decrescente";"Queda de moto";0;0;0;1;0;0;0;0;0;0;0;1;0;0;0
"29/04/2024";"04:39:32";"301";"Sem vítima";"406,800";"BR-163/MS";"Crescente";"Atropelamento de animal";0;0;1;0;0;0;0;0;0;0;1;0;0;0;0
"29/04/2024";"05:47:46";"307";"Com vítima";"361,400";"BR-163/MS";"Crescente";"Atropelamento de animal";0;0;0;1;0;0;0;0;0;0;0;2;0;0;0
"30/04/2024";"11:24:34";"203";"Sem vítima";"219,441";"BR-163/MS";"Decrescente";"Colisão traseira";2;0;0;0;0;0;0;0;0;0;2;0;0;0;0
"30/04/2024";"03:52:07";"276";"Com vítima";"20,660";"BR-163/MS";"Crescente";"Colisão lateral no mesmo sentido";1;0;0;1;0;0;0;0;0;0;1;0;1;0;0
"30/04/2024";"07:00:08";"317";"Sem vítima";"171,965";"BR-163/MS";"Crescente";"Colisão traseira";0;0;2;0;0;0;0;0;0;0;2;0;0;0;0
"01/05/2024";"02:06:35";"32";"Sem vítima";"500,141";"BR-163/MS";"Crescente";"Acidentes de outra natureza";0;0;1;0;0;1;0;0;0;0;1;0;0;0;0
"01/05/2024";"04:14:45";"73";"Com vítima";"5,246";"BR-163/MS";"Crescente";"Engavetamento";2;0;0;0;0;0;0;0;0;1;12;2;0;0;0
"01/05/2024";"05:36:27";"82";"Com vítima";"185,650";"BR-163/MS";"Crescente";"Capotamento";1;0;0;0;0;0;0;0;0;0;0;4;0;0;0
"01/05/2024";"06:40:12";"94";"Sem vítima";"467,354";"BR-163/MS";"Crescente";"Colisão traseira";0;0;2;0;0;1;0;0;0;0;1;0;0;0;0
"01/05/2024";"07:11:50";"100";"Com vítima";"477,951";"BR-163/MS";"Crescente";"Colisão transversal";0;0;0;1;0;0;0;0;0;1;2;1;0;0;0
"01/05/2024";"09:05:26";"118";"Com vítima";"575,488";"BR-163/MS";"Decrescente";"Colisão transversal";1;0;0;0;0;2;0;0;0;0;1;2;0;0;0
"01/05/2024";"11:43:12";"143";"Com vítima";"18,613";"BR-163/MS";"Decrescente";"Colisão transversal";1;0;0;1;0;0;0;0;0;0;1;1;0;0;0
"01/05/2024";"03:12:12";"174";"Sem vítima";"459,147";"BR-163/MS";"Crescente";"Acidentes de outra natureza";1;0;0;0;0;0;0;0;0;0;2;0;0;0;0
"01/05/2024";"03:58:39";"183";"Sem vítima";"484,401";"BR-163/MS";"Crescente";"Colisão lateral no mesmo sentido";0;0;0;1;0;0;0;0;0;1;3;0;0;0;0
"01/05/2024";"05:07:01";"191";"Sem vítima";"548,377";"BR-163/MS";"Crescente";"Colisão traseira";1;0;0;0;0;2;0;0;0;0;2;0;0;0;0
"01/05/2024";"05:21:13";"220";"Sem vítima";"6,250";"BR-163/MS";"Decrescente";"Acidentes de outra natureza";1;0;0;0;0;0;0;0;0;0;4;0;0;0;0
"02/05/2024";"03:52:14";"75";"Com vítima";"490,635";"BR-163/MS";"Decrescente";"Colisão traseira";0;1;0;1;0;0;0;0;0;1;1;1;0;0;0
"02/05/2024";"01:38:23";"227";"Sem vítima";"28,209";"BR-163/MS";"Crescente";"Colisão traseira";0;0;0;0;0;0;0;0;0;1;0;0;0;0;0
"02/05/2024";"02:41:55";"240";"Com vítima";"268,205";"BR-163/MS";"Decrescente";"Colisão traseira";1;0;0;1;0;0;0;0;0;0;1;0;1;0;0
"02/05/2024";"03:40:47";"250";"Sem vítima";"775,000";"BR-163/MS";"Decrescente";"Tombamento";0;0;1;0;0;1;0;0;0;0;1;0;0;0;0
"02/05/2024";"07:39:12";"278";"Sem vítima";"796,000";"BR-163/MS";"Decrescente";"Atropelamento de animal";0;0;0;0;0;0;0;0;0;1;2;0;0;0;0
"03/05/2024";"12:19:41";"21";"Sem vítima";"103,773";"BR-163/MS";"Decrescente";"Tombamento";0;0;0;0;0;0;0;0;0;0;0;0;0;0;0
"03/05/2024";"04:02:11";"49";"Com vítima";"105,207";"BR-163/MS";"Crescente";"Capotamento";1;0;0;0;0;0;0;0;0;0;0;2;0;0;0
"03/05/2024";"06:19:00";"118";"Sem vítima";"748,641";"BR-163/MS";"Decrescente";"Engavetamento";0;0;3;0;0;0;0;0;0;0;5;0;0;0;0
"03/05/2024";"09:53:22";"190";"Com vítima";"575,335";"BR-163/MS";"Crescente";"Colisão lateral no mesmo sentido";0;0;0;0;0;2;0;0;0;1;2;1;1;0;0
"03/05/2024";"11:20:14";"206";"Com vítima";"322,771";"BR-163/MS";"Crescente";"Colisão traseira";1;0;0;1;0;0;0;0;0;0;2;1;0;0;0
"03/05/2024";"02:44:01";"247";"Com vítima";"422,500";"BR-163/MS";"Decrescente";"Atropelamento de pedestre";0;0;0;1;0;0;0;0;0;0;0;2;0;0;0
"03/05/2024";"03:52:52";"268";"Sem vítima";"242,100";"BR-163/MS";"Decrescente";"Acidentes de outra natureza";1;0;0;0;0;0;0;0;0;0;2;0;0;0;0
"03/05/2024";"04:43:25";"284";"Sem vítima";"538,895";"BR-163/MS";"Decrescente";"Atropelamento de animal";0;0;0;0;0;0;0;0;0;1;2;0;0;0;0
"03/05/2024";"05:11:53";"289";"Com vítima";"487,579";"BR-163/MS";"Decrescente";"Atropelamento de animal";0;0;0;1;0;0;0;0;0;0;0;1;0;0;0
"04/05/2024";"06:04:00";"110";"Sem vítima";"2,251";"BR-163/MS";"Crescente";"Colisão traseira";1;0;0;0;0;0;0;0;0;1;6;0;0;0;0
"04/05/2024";"03:18:57";"198";"Com vítima";"258,874";"BR-163/MS";"Crescente";"Choque";0;0;0;1;0;0;0;0;0;1;3;1;0;0;0
"04/05/2024";"04:13:46";"214";"Sem vítima";"273,850";"BR-163/MS";"Crescente";"Atropelamento de animal";1;0;0;0;0;0;0;0;0;0;3;0;0;0;0
"04/05/2024";"07:14:28";"273";"Com vítima";"275,200";"BR-163/MS";"Decrescente";"Colisão lateral no mesmo sentido";1;1;0;0;0;0;0;0;0;0;2;1;0;0;0
"04/05/2024";"08:09:38";"282";"Sem vítima";"481,697";"BR-163/MS";"Crescente";"Colisão traseira";2;0;0;0;0;0;0;0;0;0;2;0;0;0;0
"04/05/2024";"08:13:35";"285";"Sem vítima";"443,250";"BR-163/MS";"Crescente";"Atropelamento de animal";0;0;1;0;0;0;0;0;0;0;0;0;0;0;0
"05/05/2024";"07:24:37";"141";"Sem vítima";"704,692";"BR-163/MS";"Decrescente";"Colisão lateral no mesmo sentido";1;0;0;0;0;0;0;0;0;0;3;0;0;0;0
"05/05/2024";"11:40:10";"177";"Com vítima";"0,292";"BR-163/MS";"Crescente";"Choque";0;0;0;1;0;0;0;0;0;0;0;0;1;0;0
"05/05/2024";"01:52:00";"210";"Sem vítima";"18,175";"BR-163/MS";"Decrescente";"Capotamento";1;0;0;0;0;0;0;0;0;0;0;0;0;0;0
"05/05/2024";"03:05:50";"224";"Sem vítima";"496,430";"BR-163/MS";"Decrescente";"Colisão lateral no mesmo sentido";1;0;1;0;0;0;0;0;0;0;3;0;0;0;0
"05/05/2024";"03:46:52";"243";"Sem vítima";"25,784";"BR-163/MS";"Crescente";"Colisão lateral no mesmo sentido";1;0;0;0;0;0;0;0;0;1;2;0;0;0;0
"05/05/2024";"05:12:50";"279";"Com vítima";"283,698";"BR-163/MS";"Crescente";"Colisão traseira";0;0;0;0;0;0;0;0;0;0;0;0;0;0;0
"06/05/2024";"04:51:37";"148";"Sem vítima";"341,400";"BR-163/MS";"Crescente";"Colisão traseira";1;0;0;0;0;0;0;0;0;1;3;0;0;0;0
"06/05/2024";"02:53:20";"304";"Com vítima";"484,343";"BR-163/MS";"Crescente";"Colisão frontal";0;0;0;2;0;0;0;0;0;0;0;0;1;1;0
"06/05/2024";"08:33:37";"389";"Sem vítima";"224,672";"BR-163/MS";"Decrescente";"Atropelamento de animal";0;0;1;0;0;0;0;0;0;0;0;0;0;0;0
"07/05/2024";"03:56:51";"257";"Sem vítima";"202,518";"BR-163/MS";"Crescente";"Atropelamento de animal";0;0;0;0;0;0;0;0;0;1;1;0;0;0;0
"07/05/2024";"08:33:28";"313";"Sem vítima";"426,441";"BR-163/MS";"Crescente";"Atropelamento de animal";0;0;0;0;0;0;0;0;0;1;2;0;0;0;0
"07/05/2024";"09:53:43";"17";"Sem vítima";"427,427";"BR-163/MS";"Crescente";"Atropelamento de animal";0;0;0;0;0;0;0;0;0;1;2;0;0;0;0
"08/05/2024";"02:55:45";"40";"Sem vítima";"844,194";"BR-163/MS";"Decrescente";"Tombamento";0;0;1;0;0;2;0;0;0;0;1;0;0;0;0
"08/05/2024";"05:59:23";"121";"Sem vítima";"0,527";"BR-163/MS";"Crescente";"Tombamento";0;0;0;0;0;2;0;0;0;0;0;0;0;0;0
"08/05/2024";"08:07:26";"156";"Com vítima";"678,970";"BR-163/MS";"Decrescente";"Queda de moto";0;0;0;1;0;0;0;0;0;0;0;1;0;0;0
"08/05/2024";"03:38:56";"228";"Com vítima";"239,543";"BR-163/MS";"Crescente";"Colisão frontal";1;0;1;0;1;0;0;0;0;1;1;3;1;0;0
"08/05/2024";"05:25:20";"248";"Sem vítima";"407,936";"BR-163/MS";"Crescente";"Colisão traseira";0;0;2;0;0;1;0;0;0;0;2;0;0;0;0
"09/05/2024";"02:44:22";"86";"Com vítima";"260,234";"BR-163/MS";"Crescente";"Colisão traseira";0;0;1;0;0;0;0;0;0;0;0;0;0;0;0
"09/05/2024";"05:08:34";"159";"Sem vítima";"733,972";"BR-163/MS";"Crescente";"Colisão lateral no mesmo sentido";1;0;0;0;0;0;0;0;0;1;4;0;0;0;0
"09/05/2024";"08:17:40";"213";"Com vítima";"486,600";"BR-163/MS";"Crescente";"Colisão transversal";1;0;0;1;0;1;0;0;0;0;1;0;1;0;0
"09/05/2024";"02:13:19";"278";"Sem vítima";"194,716";"BR-163/MS";"Crescente";"Atropelamento de animal";1;0;0;0;0;0;0;0;0;0;1;0;0;0;0
"09/05/2024";"08:42:46";"334";"Sem vítima";"204,225";"BR-163/MS";"Decrescente";"Atropelamento de animal";0;0;0;0;0;0;0;0;0;1;1;0;0;0;0
"10/05/2024";"02:13:44";"54";"Com vítima";"253,476";"BR-163/MS";"Decrescente";"Queda de moto";0;0;0;1;0;0;0;0;0;0;0;1;0;0;0
"10/05/2024";"02:45:16";"57";"Sem vítima";"177,413";"BR-163/MS";"Decrescente";"Atropelamento de animal";1;0;0;0;0;0;0;0;0;0;4;0;0;0;0
"10/05/2024";"07:13:34";"172";"Sem vítima";"124,511";"BR-163/MS";"Crescente";"Colisão lateral no mesmo sentido";1;0;0;0;0;2;0;0;0;0;2;0;0;0;0
"10/05/2024";"10:27:28";"203";"Sem vítima";"593,212";"BR-163/MS";"Crescente";"Acidentes de outra natureza";1;0;0;0;0;0;0;0;0;0;2;0;0;0;0
"10/05/2024";"01:52:18";"252";"Sem vítima";"402,865";"BR-163/MS";"Decrescente";"Colisão traseira";1;0;1;0;0;0;0;0;0;0;4;0;0;0;0
"10/05/2024";"03:16:16";"272";"Com vítima";"403,539";"BR-163/MS";"Decrescente";"Queda de moto";0;0;0;1;0;0;0;0;0;0;0;1;0;0;0
"10/05/2024";"10:22:19";"23";"Com vítima";"575,370";"BR-163/MS";"Crescente";"Atropelamento de animal";0;0;0;1;0;0;0;0;0;0;0;1;0;0;0
"11/05/2024";"12:41:05";"35";"Sem vítima";"226,110";"BR-163/MS";"Crescente";"Atropelamento de animal";1;0;0;0;0;0;0;0;0;0;4;0;0;0;0
"11/05/2024";"05:35:44";"97";"Sem vítima";"789,721";"BR-163/MS";"Decrescente";"Tombamento";0;0;0;0;0;2;0;0;0;0;0;0;0;0;0
"11/05/2024";"05:40:43";"98";"Sem vítima";"206,628";"BR-163/MS";"Crescente";"Acidentes de outra natureza";1;0;0;0;0;0;0;0;0;0;5;0;0;0;0
"11/05/2024";"06:16:48";"117";"Sem vítima";"341,800";"BR-163/MS";"Crescente";"Colisão traseira";1;0;0;0;0;0;0;0;0;1;3;0;0;0;0
"11/05/2024";"08:18:05";"138";"Sem vítima";"253,939";"BR-163/MS";"Crescente";"Acidentes de outra natureza";1;0;0;0;0;0;0;0;0;0;2;0;0;0;0
"11/05/2024";"03:22:35";"229";"Com vítima";"476,200";"BR-163/MS";"Crescente";"Atropelamento de pedestre";0;0;1;0;0;0;0;0;0;0;0;0;0;1;0
"11/05/2024";"06:47:05";"280";"Com vítima";"485,613";"BR-163/MS";"Decrescente";"Colisão traseira";1;0;0;1;0;0;0;0;0;0;3;0;1;0;0
"12/05/2024";"08:22:18";"105";"Sem vítima";"492,833";"BR-163/MS";"Decrescente";"Tombamento";0;0;1;0;0;1;0;0;0;0;1;0;0;0;0
"12/05/2024";"01:26:28";"143";"Com vítima";"337,460";"BR-163/MS";"Crescente";"Colisão frontal";1;0;0;0;0;1;0;0;0;1;2;1;0;0;0
"12/05/2024";"02:32:40";"161";"Com vítima";"403,177";"BR-163/MS";"Decrescente";"Colisão traseira";2;0;0;0;0;0;0;0;0;0;3;1;0;0;0
"12/05/2024";"02:43:32";"162";"Com vítima";"339,405";"BR-163/MS";"Crescente";"Colisão traseira";1;0;0;1;0;0;0;0;0;0;4;0;1;0;0
"12/05/2024";"05:05:51";"209";"Sem vítima";"23,177";"BR-163/MS";"Decrescente";"Colisão traseira";2;0;0;0;0;0;0;0;0;0;4;0;0;0;0
"12/05/2024";"05:26:09";"213";"Com vítima";"179,500";"BR-163/MS";"Crescente";"Queda de moto";0;0;1;1;0;0;0;0;0;0;0;1;0;0;0
"12/05/2024";"07:36:21";"226";"Sem vítima";"621,533";"BR-163/MS";"Decrescente";"Atropelamento de animal";0;0;0;0;0;0;0;0;0;1;4;0;0;0;0
"13/05/2024";"04:48:09";"87";"Sem vítima";"595,585";"BR-163/MS";"Decrescente";"Acidentes de outra natureza";1;0;0;0;0;0;0;0;0;0;2;0;0;0;0
"13/05/2024";"10:02:32";"197";"Com vítima";"363,500";"BR-163/MS";"Crescente";"Tombamento";0;0;0;0;0;2;0;0;0;0;0;0;0;0;0
"14/05/2024";"01:36:04";"28";"Sem vítima";"695,100";"BR-163/MS";"Decrescente";"Acidentes de outra natureza";0;0;0;0;0;0;0;0;0;1;4;0;0;0;0
"14/05/2024";"03:41:51";"71";"Com vítima";"527,640";"BR-163/MS";"Decrescente";"Queda de moto";0;0;0;1;0;0;0;0;0;0;1;1;0;0;0
"14/05/2024";"10:08:27";"183";"Sem vítima";"475,937";"BR-163/MS";"Decrescente";"Colisão traseira";2;0;0;0;0;0;0;0;0;0;3;0;0;0;0
"14/05/2024";"12:43:12";"214";"Sem vítima";"508,189";"BR-163/MS";"Decrescente";"Atropelamento de animal";1;0;0;0;0;0;0;0;0;0;3;0;0;0;0
"14/05/2024";"02:26:55";"235";"Sem vítima";"291,192";"BR-163/MS";"Decrescente";"Atropelamento de animal";0;0;0;0;0;0;0;0;0;1;1;0;0;0;0
"14/05/2024";"03:13:18";"245";"Com vítima";"626,199";"BR-163/MS";"Crescente";"Colisão transversal";2;0;0;0;0;0;0;0;0;0;2;0;1;0;0
"14/05/2024";"03:33:30";"253";"Sem vítima";"52,537";"BR-163/MS";"Decrescente";"Colisão lateral no mesmo sentido";2;0;0;0;0;0;0;0;0;0;4;0;0;0;0
"15/05/2024";"02:38:10";"59";"Com vítima";"163,666";"BR-163/MS";"Crescente";"Colisão lateral no mesmo sentido";1;0;0;0;1;0;0;0;0;0;31;1;1;0;0
"15/05/2024";"09:48:30";"199";"Sem vítima";"841,427";"BR-163/MS";"Crescente";"Colisão traseira";1;0;1;0;0;0;0;0;0;0;4;0;0;0;0
"15/05/2024";"04:26:57";"339";"Sem vítima";"588,529";"BR-163/MS";"Crescente";"Choque";1;0;0;0;0;0;0;0;0;0;0;0;0;0;0
"15/05/2024";"09:52:50";"22";"Sem vítima";"371,337";"BR-163/MS";"Decrescente";"Atropelamento de animal";0;0;0;0;0;0;0;0;0;1;4;0;0;0;0
"16/05/2024";"02:49:41";"315";"Com vítima";"260,399";"BR-163/MS";"Crescente";"Queda de moto";0;0;0;1;0;0;0;0;0;0;0;1;0;0;0
"16/05/2024";"03:16:21";"322";"Com vítima";"615,337";"BR-163/MS";"Crescente";"Colisão transversal";2;0;0;0;0;0;0;0;0;0;3;4;0;0;0
"18/05/2024";"02:44:45";"57";"Com vítima";"264,471";"BR-163/MS";"Crescente";"Colisão lateral no mesmo sentido";1;0;0;1;0;0;0;0;0;0;1;1;0;0;0
"18/05/2024";"12:16:45";"207";"Sem vítima";"485,900";"BR-163/MS";"Crescente";"Engavetamento";1;0;0;0;0;1;0;0;0;0;2;0;0;0;0
"18/05/2024";"02:53:40";"238";"Sem vítima";"768,644";"BR-163/MS";"Decrescente";"Acidentes de outra natureza";0;0;0;0;0;1;0;0;0;1;3;0;0;0;0
"18/05/2024";"06:44:59";"307";"Sem vítima";"582,464";"BR-163/MS";"Crescente";"Acidentes de outra natureza";1;0;0;0;0;0;0;0;0;0;1;0;0;0;0
"19/05/2024";"07:34:35";"114";"Com vítima";"740,154";"BR-163/MS";"Decrescente";"Queda de moto";0;0;0;1;0;0;0;0;0;0;0;1;0;0;0
"19/05/2024";"07:19:49";"249";"Sem vítima";"564,279";"BR-163/MS";"Decrescente";"Atropelamento de animal";1;0;0;0;0;0;0;0;0;0;5;0;0;0;0
"19/05/2024";"10:01:22";"21";"Sem vítima";"375,980";"BR-163/MS";"Decrescente";"Tombamento";1;0;0;0;0;0;0;0;0;0;0;0;0;0;0
"20/05/2024";"09:57:29";"229";"Sem vítima";"146,400";"BR-163/MS";"Crescente";"Choque";0;0;0;0;0;0;0;0;0;1;2;0;0;0;0
"21/05/2024";"03:56:51";"112";"Sem vítima";"485,279";"BR-163/MS";"Crescente";"Engavetamento";0;0;4;0;0;0;0;0;0;0;5;0;0;0;0
"21/05/2024";"08:26:03";"205";"Sem vítima";"808,875";"BR-163/MS";"Crescente";"Tombamento";0;0;0;0;0;2;0;0;0;0;0;0;0;0;0
"21/05/2024";"08:28:06";"206";"Com vítima";"483,105";"BR-163/MS";"Decrescente";"Colisão frontal";0;0;1;1;0;0;0;0;0;0;1;0;0;0;1
"21/05/2024";"10:42:56";"226";"Sem vítima";"398,675";"BR-163/MS";"Crescente";"Colisão traseira";1;0;0;0;0;1;0;0;0;0;2;0;0;0;0
"21/05/2024";"11:13:19";"236";"Sem vítima";"41,527";"BR-163/MS";"Decrescente";"Colisão lateral no mesmo sentido";0;0;0;0;0;0;0;0;0;2;3;0;0;0;0
"21/05/2024";"05:47:12";"316";"Sem vítima";"495,000";"BR-163/MS";"Decrescente";"Colisão lateral no mesmo sentido";1;0;0;0;0;0;0;0;0;1;5;0;0;0;0
"21/05/2024";"10:38:34";"19";"Com vítima";"749,447";"BR-163/MS";"Decrescente";"Acidentes de outra natureza";0;0;0;0;0;2;0;0;0;0;0;0;0;0;0
"22/05/2024";"08:18:22";"133";"Sem vítima";"113,304";"BR-163/MS";"Decrescente";"Colisão traseira";0;0;2;0;0;0;0;0;0;0;2;0;0;0;0
"23/05/2024";"12:24:46";"23";"Com vítima";"148,820";"BR-163/MS";"Crescente";"Colisão traseira";1;0;0;0;0;2;0;0;0;0;0;0;1;0;0
"23/05/2024";"02:09:10";"31";"Sem vítima";"506,000";"BR-163/MS";"Crescente";"Colisão transversal";0;0;0;0;0;0;0;0;0;0;0;0;0;0;0
"23/05/2024";"03:24:47";"237";"Sem vítima";"540,172";"BR-163/MS";"Crescente";"Colisão transversal";2;0;0;0;0;0;0;0;0;0;5;0;0;0;0
"24/05/2024";"02:06:09";"250";"Com vítima";"460,848";"BR-163/MS";"Crescente";"Atropelamento de animal";0;0;0;1;0;0;0;0;0;0;0;2;0;0;0
"24/05/2024";"06:57:40";"299";"Sem vítima";"654,730";"BR-163/MS";"Crescente";"Choque";1;0;0;0;0;0;0;0;0;0;1;0;0;0;0
"24/05/2024";"07:05:17";"300";"Com vítima";"501,512";"BR-163/MS";"Decrescente";"Atropelamento de animal";0;0;0;1;0;0;0;0;0;0;0;0;0;1;0
"25/05/2024";"05:02:00";"88";"Sem vítima";"226,608";"BR-163/MS";"Decrescente";"Colisão traseira";0;0;1;0;0;0;0;0;0;1;3;0;0;0;0
"25/05/2024";"06:27:11";"109";"Sem vítima";"214,988";"BR-163/MS";"Crescente";"Colisão traseira";1;0;0;0;0;1;0;0;0;0;1;0;0;0;0
"25/05/2024";"12:44:42";"172";"Com vítima";"485,456";"BR-163/MS";"Decrescente";"Colisão transversal";1;0;1;0;0;1;0;0;0;0;1;0;1;0;0
"25/05/2024";"03:45:19";"236";"Com vítima";"484,391";"BR-163/MS";"Crescente";"Colisão transversal";0;0;0;2;0;0;0;0;0;0;0;0;1;1;0
"25/05/2024";"05:55:07";"257";"Sem vítima";"578,800";"BR-163/MS";"Decrescente";"Choque";0;0;1;0;0;0;0;0;0;0;1;0;0;0;0
"25/05/2024";"07:47:48";"273";"Com vítima";"839,836";"BR-163/MS";"Crescente";"Colisão frontal";0;0;0;0;0;0;0;0;0;0;0;0;0;0;0
"26/05/2024";"10:21:17";"140";"Sem vítima";"18,952";"BR-163/MS";"Crescente";"Queda de moto";0;0;0;1;0;0;0;0;0;0;2;0;0;0;0
"26/05/2024";"02:57:05";"216";"Sem vítima";"706,737";"BR-163/MS";"Decrescente";"Colisão lateral no mesmo sentido";0;0;0;0;0;0;0;0;0;1;1;0;0;0;0
"27/05/2024";"05:43:21";"103";"Sem vítima";"818,230";"BR-163/MS";"Crescente";"Colisão traseira";0;0;0;0;0;0;0;0;0;0;0;0;0;0;0
"27/05/2024";"03:11:58";"253";"Com vítima";"503,743";"BR-163/MS";"Decrescente";"Queda de moto";0;0;0;1;0;0;0;0;0;0;0;0;1;0;0
"27/05/2024";"07:26:12";"293";"Sem vítima";"734,000";"BR-163/MS";"Crescente";"Choque";0;0;0;0;0;0;0;0;0;1;1;0;0;0;0
"27/05/2024";"09:33:14";"13";"Com vítima";"248,451";"BR-163/MS";"Crescente";"Atropelamento de animal";0;0;0;1;0;0;0;0;0;0;0;1;0;0;0
"28/05/2024";"05:33:06";"108";"Sem vítima";"552,557";"BR-163/MS";"Decrescente";"Colisão traseira";1;0;0;0;0;1;0;0;0;0;2;0;0;0;0
"29/05/2024";"03:34:53";"75";"Com vítima";"261,690";"BR-163/MS";"Decrescente";"Acidentes de outra natureza";1;0;0;1;0;0;0;0;0;0;1;1;0;0;0
"29/05/2024";"06:12:30";"133";"Sem vítima";"249,500";"BR-163/MS";"Crescente";"Colisão traseira";1;0;0;0;0;0;0;0;0;1;3;0;0;0;0
"29/05/2024";"06:26:21";"140";"Sem vítima";"741,835";"BR-163/MS";"Crescente";"Acidentes de outra natureza";0;0;0;0;0;0;0;0;0;1;4;0;0;0;0
"29/05/2024";"07:26:30";"161";"Sem vítima";"730,000";"BR-163/MS";"Crescente";"Colisão lateral no mesmo sentido";0;0;0;0;0;0;0;0;0;1;2;0;0;0;0
"29/05/2024";"07:31:56";"163";"Com vítima";"471,702";"BR-163/MS";"Crescente";"Queda de moto";0;0;0;1;0;0;0;0;0;0;0;1;0;0;0
"29/05/2024";"02:18:24";"307";"Sem vítima";"221,417";"BR-163/MS";"Decrescente";"Colisão traseira";2;0;0;0;0;0;0;0;0;0;4;0;0;0;0
"29/05/2024";"03:10:41";"313";"Sem vítima";"485,142";"BR-163/MS";"Crescente";"Colisão traseira";2;0;0;0;0;0;0;0;0;0;3;0;0;0;0
"29/05/2024";"03:23:11";"318";"Sem vítima";"485,142";"BR-163/MS";"Crescente";"Atropelamento de animal";0;0;0;0;0;1;0;0;0;0;0;0;0;0;0
"29/05/2024";"05:51:50";"345";"Com vítima";"745,180";"BR-163/MS";"Decrescente";"Atropelamento de animal";1;0;0;0;0;0;0;0;0;0;3;0;1;0;0
"29/05/2024";"05:56:51";"346";"Sem vítima";"322,108";"BR-163/MS";"Crescente";"Atropelamento de animal";1;0;0;0;0;0;0;0;0;0;1;0;0;0;0
"30/05/2024";"01:09:27";"23";"Sem vítima";"794,163";"BR-163/MS";"Crescente";"Atropelamento de animal";1;0;0;0;0;0;0;0;0;0;4;0;0;0;0
"30/05/2024";"03:20:47";"39";"Com vítima";"563,440";"BR-163/MS";"Decrescente";"Colisão frontal";0;0;2;0;0;2;0;0;0;0;1;1;0;0;0
"30/05/2024";"11:19:36";"198";"Sem vítima";"477,950";"BR-163/MS";"Crescente";"Queda de moto";0;0;0;1;0;0;0;0;0;0;1;0;0;0;0
"30/05/2024";"02:53:32";"241";"Com vítima";"419,421";"BR-163/MS";"Decrescente";"Choque";0;0;0;1;0;0;0;0;0;0;0;0;1;0;0
"30/05/2024";"03:40:10";"250";"Sem vítima";"11,200";"BR-163/MS";"Crescente";"Tombamento";1;0;0;0;0;0;0;0;0;0;1;0;0;0;0
"30/05/2024";"08:13:12";"298";"Sem vítima";"562,139";"BR-163/MS";"Crescente";"Atropelamento de animal";1;0;0;0;0;0;0;0;0;0;4;0;0;0;0
"31/05/2024";"01:39:21";"207";"Sem vítima";"0,228";"BR-163/MS";"Decrescente";"Colisão traseira";0;0;0;0;0;0;0;0;0;2;5;0;0;0;0
"31/05/2024";"07:27:51";"276";"Com vítima";"699,958";"BR-163/MS";"Decrescente";"Capotamento";1;0;0;0;0;0;0;0;0;0;0;1;0;0;0