data;horario;n_da_ocorrencia;tipo_de_ocorrencia;km;trecho;sentido;tipo_de_acidente;automovel;bicicleta;caminhao;moto;onibus;outros;tracao_animal;transporte_de_cargas_especiais;trator_maquinas;utilitarios;ilesos;levemente_feridos;moderadamente_feridos;gravemente_feridos;mortos
"31/05/2024";"09:27:44";"12";"Sem vítima";"356,750";"BR-163/MS";"Decrescente";"Queda de moto";0;0;0;1;0;0;0;0;0;0;1;0;0;0;0
"01/06/2024";"07:36:30";"111";"Com vítima";"39,254";"BR-163/MS";"Crescente";"Colisão lateral no mesmo sentido";1;0;0;0;0;0;0;0;0;1;2;1;0;0;0
"01/06/2024";"08:15:00";"121";"Com vítima";"461,667";"BR-163/MS";"Decrescente";"Queda de moto";0;0;0;1;0;0;0;0;0;0;0;1;1;0;0
"01/06/2024";"09:47:19";"134";"Sem vítima";"611,790";"BR-163/MS";"Decrescente";"Colisão traseira";0;0;0;0;0;5;0;0;0;0;0;0;0;0;0
"01/06/2024";"11:26:37";"177";"Sem vítima";"2,300";"BR-163/MS";"Crescente";"Colisão traseira";2;0;0;0;0;0;0;0;0;0;5;0;0;0;0
"01/06/2024";"12:09:29";"187";"Com vítima";"615,315";"BR-163/MS";"Crescente";"Colisão lateral no mesmo sentido";1;0;0;1;0;0;0;0;0;0;1;1;0;0;0
"01/06/2024";"03:08:45";"215";"Com vítima";"458,245";"BR-163/MS";"Crescente";"Colisão lateral no mesmo sentido";0;0;0;0;0;0;0;0;0;2;2;1;0;0;0
"02/06/2024";"07:16:16";"93";"Com vítima";"548,545";"BR-163/MS";"Crescente";"Colisão transversal";0;0;0;0;0;1;0;0;0;1;0;1;0;0;0
"02/06/2024";"08:27:31";"101";"Sem vítima";"662,261";"BR-163/MS";"Crescente";"Tombamento";0;0;1;0;0;1;0;0;0;0;1;0;0;0;0
"02/06/2024";"10:56:50";"124";"Com vítima";"701,987";"BR-163/MS";"Decrescente";"Queda de moto";0;0;0;1;0;0;0;0;0;0;0;2;0;0;0
"02/06/2024";"12:29:27";"146";"Com vítima";"529,254";"BR-163/MS";"Decrescente";"Colisão transversal";1;0;0;0;0;0;0;0;0;1;3;2;0;0;0
"02/06/2024";"03:38:54";"184";"Sem vítima";"189,165";"BR-163/MS";"Crescente";"Atropelamento de animal";2;0;0;0;0;0;0;0;0;0;6;0;0;0;0
"02/06/2024";"04:20:58";"219";"Sem vítima";"466,322";"BR-163/MS";"Crescente";"Colisão traseira";2;0;0;0;0;0;0;0;0;0;7;0;0;0;0
"03/06/2024";"02:47:59";"52";"Sem vítima";"481,921";"BR-163/MS";"Crescente";"Colisão traseira";0;0;0;0;1;0;0;0;0;1;1;0;0;0;0
"03/06/2024";"07:54:36";"153";"Com vítima";"356,563";"BR-163/MS";"Decrescente";"Capotamento";1;0;0;0;0;0;0;0;0;0;0;3;0;0;0
"03/06/2024";"08:43:12";"164";"Sem vítima";"475,000";"BR-163/MS";"Crescente";"Colisão transversal";0;0;0;0;0;1;0;0;0;1;2;0;0;0;0
"03/06/2024";"09:39:27";"176";"Com vítima";"151,897";"BR-163/MS";"Decrescente";"Capotamento";1;0;0;0;0;0;0;0;0;0;0;1;1;0;0
"03/06/2024";"04:27:09";"279";"Sem vítima";"125,119";"BR-163/MS";"Decrescente";"Tombamento";0;0;0;0;0;2;0;0;0;0;0;0;0;0;0
"04/06/2024";"03:15:48";"256";"Sem vítima";"477,000";"BR-163/MS";"Decrescente";"Queda de moto";0;0;0;1;0;0;0;0;0;0;1;0;0;0;0
"04/06/2024";"04:59:52";"294";"Sem vítima";"549,000";"BR-163/MS";"Decrescente";"Colisão transversal";0;0;0;0;0;1;0;0;0;1;1;0;0;0;0
"04/06/2024";"05:10:07";"295";"Sem vítima";"293,896";"BR-163/MS";"Decrescente";"Atropelamento de animal";0;0;0;0;0;0;0;0;0;1;2;0;0;0;0
"05/06/2024";"02:25:00";"32";"Sem vítima";"458,937";"BR-163/MS";"Decrescente";"Atropelamento de animal";0;0;0;0;0;0;0;0;0;0;0;0;0;0;0
"05/06/2024";"11:16:25";"216";"Sem vítima";"31,940";"BR-163/MS";"Decrescente";"Choque";1;0;1;0;0;0;0;0;0;0;2;0;0;0;0
"05/06/2024";"01:24:12";"247";"Com vítima";"485,368";"BR-163/MS";"Crescente";"Colisão transversal";0;0;0;2;0;0;0;0;0;0;0;2;1;0;0
"06/06/2024";"04:29:25";"75";"Sem vítima";"264,324";"BR-163/MS";"Decrescente";"Acidentes de outra natureza";1;0;0;1;0;0;0;0;0;0;1;0;0;0;0
"06/06/2024";"02:43:39";"223";"Sem vítima";"786,341";"BR-163/MS";"Crescente";"Colisão transversal";0;0;0;0;0;0;0;0;0;2;2;0;0;0;0
"06/06/2024";"07:23:38";"294";"Sem vítima";"685,000";"BR-163/MS";"Crescente";"Atropelamento de animal";1;0;0;0;0;0;0;0;0;0;1;0;0;0;0
"07/06/2024";"05:14:01";"110";"Sem vítima";"485,346";"BR-163/MS";"Crescente";"Colisão traseira";1;0;0;0;0;0;0;0;0;1;2;0;0;0;0
"07/06/2024";"01:16:13";"215";"Com vítima";"339,140";"BR-163/MS";"Crescente";"Queda de moto";0;0;0;1;0;0;0;0;0;0;0;0;1;0;0
"07/06/2024";"06:12:13";"273";"Sem vítima";"32,000";"BR-163/MS";"Crescente";"Atropelamento de animal";0;0;0;0;0;0;0;0;0;0;0;0;0;0;0
"07/06/2024";"07:35:18";"282";"Com vítima";"256,000";"BR-163/MS";"Decrescente";"Queda de moto";1;0;0;1;0;0;0;0;0;0;2;1;0;0;0
"08/06/2024";"01:36:57";"36";"Com vítima";"609,292";"BR-163/MS";"Decrescente";"Acidentes de outra natureza";0;0;0;0;0;2;0;0;0;0;0;0;0;0;0
"08/06/2024";"08:22:48";"147";"Sem vítima";"466,752";"BR-163/MS";"Decrescente";"Engavetamento";3;0;2;0;0;0;0;0;0;0;7;0;0;0;0
"08/06/2024";"04:23:11";"248";"Com vítima";"225,152";"BR-163/MS";"Decrescente";"Colisão transversal";1;0;0;0;0;0;0;0;0;1;6;0;0;1;0
"09/06/2024";"12:29:38";"23";"Sem vítima";"343,771";"BR-163/MS";"Decrescente";"Acidentes de outra natureza";1;0;0;0;0;0;0;0;0;0;1;0;0;0;0
"09/06/2024";"11:36:32";"159";"Sem vítima";"95,948";"BR-163/MS";"Decrescente";"Acidentes de outra natureza";1;0;0;0;0;0;0;0;0;0;1;0;0;0;0
"09/06/2024";"11:50:18";"163";"Com vítima";"829,176";"BR-163/MS";"Decrescente";"Capotamento";1;0;0;0;0;0;0;0;0;0;0;2;0;1;0
"09/06/2024";"03:02:31";"191";"Com vítima";"500,654";"BR-163/MS";"Decrescente";"Tombamento";0;0;0;0;0;0;0;0;0;1;2;1;0;0;0
"09/06/2024";"05:03:09";"213";"Sem vítima";"529,000";"BR-163/MS";"Crescente";"Acidentes de outra natureza";1;0;0;0;0;0;0;0;0;0;1;0;0;0;0
"09/06/2024";"05:47:06";"246";"Com vítima";"480,000";"BR-163/MS";"Decrescente";"Atropelamento de animal";0;0;0;1;0;0;0;0;0;0;0;1;0;0;0
"09/06/2024";"07:16:58";"251";"Sem vítima";"446,572";"BR-163/MS";"Decrescente";"Atropelamento de animal";1;0;0;0;0;0;0;0;0;0;1;0;0;0;0
"09/06/2024";"10:57:38";"21";"Com vítima";"157,000";"BR-163/MS";"Crescente";"Tombamento";0;0;1;0;0;1;0;0;0;0;0;1;0;0;0
"10/06/2024";"01:57:36";"29";"Com vítima";"379,200";"BR-163/MS";"Decrescente";"Colisão traseira";0;0;0;0;0;2;0;0;0;1;1;3;1;0;0
"10/06/2024";"03:08:14";"42";"Com vítima";"471,168";"BR-163/MS";"Decrescente";"Queda de moto";0;0;0;1;0;0;0;0;0;0;0;0;1;0;0
"10/06/2024";"04:57:35";"69";"Com vítima";"717,921";"BR-163/MS";"Crescente";"Queda de moto";0;0;0;1;0;0;0;0;0;0;0;0;1;0;0
"10/06/2024";"09:27:15";"161";"Com vítima";"411,247";"BR-163/MS";"Crescente";"Acidentes de outra natureza";0;0;1;0;0;0;0;0;0;0;0;1;0;0;0
"10/06/2024";"11:05:05";"179";"Sem vítima";"654,350";"BR-163/MS";"Decrescente";"Colisão traseira";0;0;0;0;0;1;0;0;0;1;1;0;0;0;0
"10/06/2024";"07:31:12";"276";"Sem vítima";"364,800";"BR-163/MS";"Decrescente";"Colisão traseira";0;0;0;0;0;0;0;0;0;2;2;0;0;0;0
"11/06/2024";"08:23:42";"128";"Sem vítima";"485,265";"BR-163/MS";"Decrescente";"Colisão traseira";1;0;0;0;0;0;0;0;0;1;3;0;0;0;0
"11/06/2024";"09:46:25";"138";"Sem vítima";"585,814";"BR-163/MS";"Crescente";"Acidentes de outra natureza";1;0;0;0;0;0;0;0;0;0;2;0;0;0;0
"11/06/2024";"09:52:28";"139";"Com vítima";"473,290";"BR-163/MS";"Decrescente";"Colisão transversal";2;0;0;0;0;0;0;0;0;0;3;2;0;0;0
"11/06/2024";"06:04:41";"264";"Sem vítima";"15,668";"BR-163/MS";"Decrescente";"Acidentes de outra natureza";0;0;0;0;0;0;0;0;0;1;1;0;0;0;0
"11/06/2024";"09:03:41";"1";"Sem vítima";"844,870";"BR-163/MS";"Crescente";"Tombamento";0;0;1;0;0;0;0;0;0;0;1;0;0;0;0
"11/06/2024";"09:59:16";"22";"Sem vítima";"718,000";"BR-163/MS";"Decrescente";"Atropelamento de animal";0;0;0;0;0;0;0;0;0;1;1;0;0;0;0
"12/06/2024";"08:49:43";"180";"Com vítima";"500,636";"BR-163/MS";"Decrescente";"Capotamento";1;0;0;0;0;0;0;0;0;0;0;0;1;0;0
"12/06/2024";"03:38:41";"260";"Com vítima";"650,314";"BR-163/MS";"Crescente";"Acidentes de outra natureza";1;0;0;0;0;0;0;0;0;0;1;1;0;0;0
"12/06/2024";"03:50:37";"264";"Sem vítima";"521,938";"BR-163/MS";"Crescente";"Atropelamento de animal";0;0;1;0;0;0;0;0;0;1;5;0;0;0;0
"12/06/2024";"04:13:39";"266";"Com vítima";"667,890";"BR-163/MS";"Crescente";"Capotamento";0;0;0;0;0;0;0;0;0;1;0;1;0;0;0
"12/06/2024";"07:06:32";"288";"Sem vítima";"227,000";"BR-163/MS";"Decrescente";"Colisão traseira";1;0;1;0;0;0;0;0;0;0;1;0;0;0;0
"13/06/2024";"02:45:44";"83";"Sem vítima";"748,179";"BR-163/MS";"Crescente";"Colisão lateral no mesmo sentido";0;0;2;0;0;0;0;0;0;0;2;0;0;0;0
"13/06/2024";"04:37:49";"114";"Sem vítima";"558,500";"BR-163/MS";"Crescente";"Atropelamento de animal";0;0;1;0;0;0;0;0;0;0;1;0;0;0;0
"13/06/2024";"02:47:42";"244";"Com vítima";"250,827";"BR-163/MS";"Decrescente";"Queda de moto";0;0;1;0;0;0;0;0;0;0;0;0;1;0;0
"13/06/2024";"07:16:53";"331";"Com vítima";"793,520";"BR-163/MS";"Decrescente";"Tombamento";0;0;0;0;0;2;0;0;0;0;0;0;0;0;0
"14/06/2024";"12:42:09";"33";"Com vítima";"710,500";"BR-163/MS";"Crescente";"Queda de moto";0;0;0;1;0;0;0;0;0;0;0;1;0;0;0
"14/06/2024";"04:12:38";"62";"Com vítima";"657,297";"BR-163/MS";"Decrescente";"Capotamento";0;0;0;0;0;0;0;0;0;1;0;1;0;0;0
"14/06/2024";"06:39:31";"135";"Com vítima";"726,636";"BR-163/MS";"Decrescente";"Colisão transversal";0;0;1;0;0;2;0;0;0;0;0;1;1;0;0
"14/06/2024";"08:02:25";"156";"Com vítima";"324,106";"BR-163/MS";"Crescente";"Colisão transversal";0;0;0;1;0;0;0;0;0;1;2;1;0;0;0
"14/06/2024";"03:07:26";"227";"Sem vítima";"555,500";"BR-163/MS";"Decrescente";"Choque";1;0;0;0;0;0;0;0;0;0;1;0;0;0;0
"14/06/2024";"03:13:52";"231";"Com vítima";"727,813";"BR-163/MS";"Crescente";"Colisão lateral no mesmo sentido";0;0;0;1;0;0;0;0;0;0;0;1;1;0;0
"15/06/2024";"03:24:05";"66";"Sem vítima";"249,580";"BR-163/MS";"Crescente";"Acidentes de outra natureza";1;0;0;0;0;0;0;0;0;0;1;0;0;0;0
"15/06/2024";"03:55:50";"71";"Com vítima";"729,510";"BR-163/MS";"Decrescente";"Colisão frontal";0;0;1;1;0;1;0;0;0;0;1;0;0;0;1
"15/06/2024";"02:18:14";"258";"Com vítima";"182,130";"BR-163/MS";"Crescente";"Choque";0;0;0;1;0;0;0;0;0;0;0;1;0;0;0
"15/06/2024";"02:44:19";"264";"Sem vítima";"182,130";"BR-163/MS";"Crescente";"Colisão traseira";2;0;0;0;0;0;0;0;0;0;2;0;0;0;0
"15/06/2024";"03:51:14";"297";"Com vítima";"180,474";"BR-163/MS";"Crescente";"Colisão transversal";0;0;0;0;0;2;0;0;0;1;0;3;0;0;0
"15/06/2024";"09:45:29";"13";"Com vítima";"90,624";"BR-163/MS";"Decrescente";"Queda de moto";0;0;0;1;0;0;0;0;0;0;0;2;0;0;0
"16/06/2024";"12:25:31";"154";"Com vítima";"270,508";"BR-163/MS";"Crescente";"Colisão lateral no mesmo sentido";0;0;1;0;0;0;0;0;0;1;0;1;0;0;0
"16/06/2024";"03:10:58";"187";"Sem vítima";"279,000";"BR-163/MS";"Crescente";"Acidentes de outra natureza";1;0;0;0;0;0;0;0;0;0;4;0;0;0;0
"16/06/2024";"03:50:04";"194";"Sem vítima";"359,000";"BR-163/MS";"Crescente";"Atropelamento de animal";0;0;0;0;0;0;0;0;0;1;2;0;0;0;0
"17/06/2024";"01:13:35";"33";"Sem vítima";"690,233";"BR-163/MS";"Decrescente";"Tombamento";0;0;0;0;0;1;0;0;0;0;0;0;0;0;0
"17/06/2024";"04:04:50";"78";"Com vítima";"264,564";"BR-163/MS";"Crescente";"Colisão lateral no mesmo sentido";1;0;1;0;0;1;0;0;0;0;1;1;0;0;0
"17/06/2024";"06:27:22";"112";"Sem vítima";"509,154";"BR-163/MS";"Crescente";"Queda de moto";0;0;0;1;0;0;0;0;0;0;1;0;0;0;0
"17/06/2024";"08:05:59";"136";"Com vítima";"680,735";"BR-163/MS";"Decrescente";"Colisão traseira";1;0;0;1;0;0;0;0;0;0;0;2;0;0;0
"17/06/2024";"08:46:15";"144";"Sem vítima";"837,284";"BR-163/MS";"Decrescente";"Colisão traseira";2;0;0;0;0;0;0;0;0;0;4;0;0;0;0
"17/06/2024";"04:17:34";"246";"Com vítima";"618,562";"BR-163/MS";"Decrescente";"Atropelamento de pedestre";0;0;0;0;0;0;0;0;0;0;0;0;0;0;1
"17/06/2024";"11:34:58";"16";"Sem vítima";"426,437";"BR-163/MS";"Crescente";"Atropelamento de animal";0;0;1;0;0;0;0;0;0;0;1;0;0;0;0
"19/06/2024";"03:27:16";"236";"Com vítima";"79,865";"BR-163/MS";"Decrescente";"Colisão transversal";0;0;1;0;0;1;0;0;0;1;1;1;0;1;0
"19/06/2024";"06:46:26";"286";"Sem vítima";"299,500";"BR-163/MS";"Crescente";"Atropelamento de animal";1;0;0;0;0;0;0;0;0;0;5;0;0;0;0
"20/06/2024";"04:47:12";"80";"Sem vítima";"288,143";"BR-163/MS";"Decrescente";"Atropelamento de animal";1;0;0;0;0;0;0;0;0;0;1;0;0;0;0
"20/06/2024";"10:59:22";"177";"Com vítima";"721,572";"BR-163/MS";"Crescente";"Queda de moto";0;0;0;1;0;0;0;0;0;0;0;2;0;0;0
"20/06/2024";"02:59:20";"238";"Sem vítima";"516,000";"BR-163/MS";"Crescente";"Atropelamento de animal";0;0;0;0;0;0;0;0;0;1;2;0;0;0;0
"20/06/2024";"04:41:35";"255";"Sem vítima";"730,000";"BR-163/MS";"Decrescente";"Colisão transversal";1;0;1;0;0;0;0;0;0;0;2;0;0;0;0
"21/06/2024";"01:28:35";"26";"Sem vítima";"656,233";"BR-163/MS";"Decrescente";"Atropelamento de animal";0;0;0;0;0;0;0;0;0;1;3;0;0;0;0
"21/06/2024";"09:41:00";"169";"Sem vítima";"835,620";"BR-163/MS";"Crescente";"Acidentes de outra natureza";0;0;1;0;0;1;0;0;0;0;1;0;0;0;0
"21/06/2024";"12:47:59";"209";"Com vítima";"614,701";"BR-163/MS";"Crescente";"Colisão transversal";0;0;0;1;0;0;0;0;0;1;1;1;0;0;0
"21/06/2024";"04:51:23";"258";"Sem vítima";"275,000";"BR-163/MS";"Crescente";"Atropelamento de animal";1;0;0;0;0;0;0;0;0;0;1;0;0;0;0
"21/06/2024";"06:42:25";"297";"Sem vítima";"284,000";"BR-163/MS";"Crescente";"Atropelamento de animal";1;0;0;0;0;0;0;0;0;0;1;0;0;0;0
"22/06/2024";"12:38:42";"21";"Sem vítima";"686,233";"BR-163/MS";"Crescente";"Choque";1;0;1;0;0;1;0;0;0;0;2;0;0;0;0
"22/06/2024";"12:52:14";"22";"Sem vítima";"668,840";"BR-163/MS";"Crescente";"Atropelamento de animal";1;0;0;0;0;0;0;0;0;0;4;0;0;0;0
"22/06/2024";"08:01:27";"143";"Sem vítima";"154,726";"BR-163/MS";"Decrescente";"Colisão lateral no mesmo sentido";0;0;1;0;0;0;0;0;0;1;2;0;0;0;0
"22/06/2024";"02:33:23";"252";"Com vítima";"490,573";"BR-163/MS";"Crescente";"Engavetamento";2;0;0;1;0;0;0;0;0;0;4;1;0;0;0
"22/06/2024";"10:53:06";"18";"Com vítima";"280,572";"BR-163/MS";"Decrescente";"Colisão traseira";2;0;0;0;0;0;0;0;0;0;6;1;0;0;0
"23/06/2024";"12:26:52";"29";"Sem vítima";"649,621";"BR-163/MS";"Crescente";"Queda de moto";0;0;0;1;0;0;0;0;0;0;1;0;0;0;0
"23/06/2024";"12:42:15";"30";"Com vítima";"492,793";"BR-163/MS";"Decrescente";"Acidentes de outra natureza";0;0;0;0;0;0;0;0;0;1;0;1;0;0;0
"23/06/2024";"11:29:56";"166";"Sem vítima";"205,950";"BR-163/MS";"Crescente";"Capotamento";0;0;1;0;0;0;0;0;0;1;3;0;0;0;0
"23/06/2024";"02:54:09";"217";"Com vítima";"330,485";"BR-163/MS";"Decrescente";"Atropelamento de animal";1;0;0;0;0;0;0;0;0;0;0;1;0;0;0
"23/06/2024";"04:09:11";"228";"Com vítima";"278,563";"BR-163/MS";"Decrescente";"Queda de moto";0;0;0;1;0;0;0;0;0;0;1;1;0;0;0
"24/06/2024";"10:44:04";"169";"Sem vítima";"189,290";"BR-163/MS";"Crescente";"Queda de moto";0;0;0;1;0;0;0;0;0;0;2;0;0;0;0
"24/06/2024";"02:35:21";"221";"Com vítima";"367,901";"BR-163/MS";"Crescente";"Colisão traseira";1;0;0;1;0;0;0;0;0;0;2;1;0;0;0
"24/06/2024";"06:01:11";"253";"Com vítima";"493,557";"BR-163/MS";"Crescente";"Choque";1;0;0;0;0;0;0;0;0;0;2;2;1;0;0
"24/06/2024";"06:29:52";"256";"Sem vítima";"396,270";"BR-163/MS";"Crescente";"Atropelamento de animal";0;0;0;0;0;0;0;0;0;1;1;0;0;0;0
"25/06/2024";"09:32:13";"150";"Com vítima";"458,483";"BR-163/MS";"Crescente";"Queda de moto";0;0;0;1;0;0;0;0;0;0;0;1;0;0;0
"25/06/2024";"09:34:00";"151";"Sem vítima";"444,750";"BR-163/MS";"Crescente";"Engavetamento";2;0;0;0;0;0;0;0;0;1;3;0;0;0;0
"25/06/2024";"09:55:42";"153";"Com vítima";"680,993";"BR-163/MS";"Decrescente";"Colisão transversal";1;0;1;0;0;1;0;0;0;0;1;1;0;0;0
"25/06/2024";"11:37:19";"170";"Com vítima";"609,550";"BR-163/MS";"Crescente";"Queda de moto";0;0;0;1;0;0;0;0;0;0;0;1;0;0;0
"25/06/2024";"05:21:57";"248";"Sem vítima";"219,950";"BR-163/MS";"Decrescente";"Colisão traseira";1;0;1;0;0;0;0;0;0;0;1;0;0;0;0
"26/06/2024";"12:52:40";"25";"Com vítima";"304,363";"BR-163/MS";"Decrescente";"Tombamento";0;0;1;0;0;0;0;0;0;0;0;1;1;0;0
"26/06/2024";"06:37:29";"137";"Com vítima";"465,755";"BR-163/MS";"Crescente";"Colisão traseira";1;0;0;1;0;0;0;0;0;0;1;1;0;0;0
"26/06/2024";"07:29:32";"146";"Sem vítima";"466,392";"BR-163/MS";"Decrescente";"Colisão traseira";0;0;1;0;0;0;0;0;0;1;4;0;0;0;0
"26/06/2024";"11:31:48";"198";"Sem vítima";"21,533";"BR-163/MS";"Decrescente";"Colisão traseira";2;0;0;0;0;0;0;0;0;0;6;0;0;0;0
"26/06/2024";"02:51:52";"239";"Sem vítima";"265,000";"BR-163/MS";"Crescente";"Colisão traseira";1;0;0;0;0;0;0;0;0;1;2;0;0;0;0
"27/06/2024";"01:53:00";"19";"Com vítima";"58,521";"BR-163/MS";"Crescente";"Capotamento";1;0;0;0;0;0;0;0;0;0;0;1;0;0;0
"27/06/2024";"09:43:22";"185";"Sem vítima";"485,462";"BR-163/MS";"Decrescente";"Colisão traseira";1;0;0;0;0;0;0;0;0;1;1;0;0;0;0
"27/06/2024";"01:12:55";"240";"Com vítima";"691,000";"BR-163/MS";"Crescente";"Colisão frontal";0;0;1;0;0;1;0;0;0;1;0;1;0;1;0
"27/06/2024";"04:03:19";"285";"Com vítima";"553,200";"BR-163/MS";"Crescente";"Colisão frontal";1;0;0;0;0;0;0;0;0;1;0;1;0;1;0
"27/06/2024";"04:26:17";"291";"Sem vítima";"475,000";"BR-163/MS";"Crescente";"Colisão transversal";2;0;0;0;0;0;0;0;0;0;4;0;0;0;0
"28/06/2024";"05:45:34";"100";"Com vítima";"25,667";"BR-163/MS";"Decrescente";"Acidentes de outra natureza";0;0;0;0;0;2;0;0;0;0;0;0;0;0;0
"28/06/2024";"10:17:21";"175";"Com vítima";"255,504";"BR-163/MS";"Crescente";"Choque";0;0;0;1;0;0;0;0;0;0;0;1;0;0;0
"28/06/2024";"10:17:30";"176";"Sem vítima";"206,684";"BR-163/MS";"Crescente";"Tombamento";0;0;0;0;0;2;0;0;0;0;0;0;0;0;0
"28/06/2024";"11:08:49";"186";"Com vítima";"380,538";"BR-163/MS";"Decrescente";"Colisão lateral no mesmo sentido";0;0;0;0;0;4;0;0;0;0;0;0;0;0;0
"28/06/2024";"03:15:36";"252";"Com vítima";"486,339";"BR-163/MS";"Decrescente";"Colisão transversal";1;0;0;1;0;0;0;0;0;0;1;1;0;0;0
"28/06/2024";"05:26:50";"269";"Com vítima";"471,562";"BR-163/MS";"Crescente";"Atropelamento de animal";0;0;0;1;0;0;0;0;0;0;0;0;1;0;0
"28/06/2024";"05:42:18";"270";"Sem vítima";"525,807";"BR-163/MS";"Crescente";"Acidentes de outra natureza";0;0;0;0;0;0;0;0;0;1;1;0;0;0;0
"29/06/2024";"08:07:25";"153";"Sem vítima";"663,462";"BR-163/MS";"Crescente";"Colisão transversal";0;0;2;0;0;2;0;0;0;0;2;0;0;0;0
"30/06/2024";"10:11:03";"131";"Sem vítima";"27,828";"BR-163/MS";"Crescente";"Colisão lateral no mesmo sentido";1;0;1;0;0;0;0;0;0;0;2;0;0;0;0
"30/06/2024";"01:21:27";"162";"Com vítima";"575,359";"BR-163/MS";"Crescente";"Colisão transversal";0;0;2;0;0;2;0;0;0;0;1;1;0;0;0
"30/06/2024";"05:55:00";"231";"Com vítima";"260,708";"BR-163/MS";"Crescente";"Colisão traseira";0;1;0;0;0;0;0;0;0;1;0;0;0;0;1
"30/06/2024";"06:51:09";"234";"Com vítima";"372,651";"BR-163/MS";"Crescente";"Colisão traseira";0;0;1;0;0;2;0;0;0;0;0;0;1;0;0
"01/07/2024";"12:37:07";"21";"Com vítima";"308,961";"BR-163/MS";"Crescente";"Capotamento";1;0;0;0;0;0;0;0;0;0;0;5;0;0;0
"01/07/2024";"08:30:18";"279";"Com vítima";"462,000";"BR-163/MS";"Decrescente";"Tombamento";0;0;1;0;0;2;0;0;0;0;0;1;0;0;0
"02/07/2024";"08:25:23";"124";"Sem vítima";"158,536";"BR-163/MS";"Crescente";"Engavetamento";0;0;3;0;0;1;0;0;0;0;4;0;0;0;0
"02/07/2024";"03:05:02";"217";"Com vítima";"255,986";"BR-163/MS";"Decrescente";"Colisão transversal";1;0;0;1;0;0;0;0;0;0;1;1;0;0;0
"02/07/2024";"04:14:47";"256";"Sem vítima";"330,502";"BR-163/MS";"Decrescente";"Atropelamento de animal";0;0;0;0;0;0;0;0;0;1;4;0;0;0;0
"02/07/2024";"05:57:00";"276";"Sem vítima";"587,580";"BR-163/MS";"Crescente";"Atropelamento de animal";0;0;0;0;0;0;0;0;0;1;2;0;0;0;0
"03/07/2024";"04:06:27";"84";"Com vítima";"256,100";"BR-163/MS";"Decrescente";"Colisão transversal";1;0;0;1;0;0;0;0;0;0;1;1;0;0;0
"03/07/2024";"11:27:13";"212";"Sem vítima";"486,345";"BR-163/MS";"Crescente";"Acidentes de outra natureza";1;0;0;0;0;0;0;0;0;0;2;0;0;0;0
"03/07/2024";"01:03:22";"239";"Sem vítima";"485,538";"BR-163/MS";"Crescente";"Colisão traseira";0;0;0;0;0;0;0;0;0;1;1;0;0;0;0
"04/07/2024";"04:19:08";"98";"Com vítima";"486,765";"BR-163/MS";"Decrescente";"Colisão traseira";0;0;0;1;0;0;0;0;0;1;1;1;0;0;0
"04/07/2024";"05:29:49";"127";"Com vítima";"673,477";"BR-163/MS";"Crescente";"Colisão lateral no mesmo sentido";1;0;0;1;0;0;0;0;0;0;3;0;0;1;0
"04/07/2024";"12:22:30";"211";"Sem vítima";"218,300";"BR-163/MS";"Decrescente";"Engavetamento";2;0;1;0;0;0;0;0;0;1;7;0;0;0;0
"04/07/2024";"12:50:32";"216";"Com vítima";"668,860";"BR-163/MS";"Decrescente";"Colisão traseira";0;0;1;0;0;0;0;0;0;1;6;1;0;0;0
"04/07/2024";"04:10:26";"287";"Sem vítima";"266,000";"BR-163/MS";"Decrescente";"Colisão transversal";1;0;1;0;0;0;0;0;0;0;2;0;0;0;0
"04/07/2024";"09:56:01";"11";"Sem vítima";"368,711";"BR-163/MS";"Crescente";"Acidentes de outra natureza";1;0;0;0;0;0;0;0;0;0;0;0;0;0;0
"05/07/2024";"07:12:37";"139";"Sem vítima";"170,500";"BR-163/MS";"Decrescente";"Choque";0;0;1;0;0;0;0;0;0;0;1;0;0;0;0
"05/07/2024";"12:57:12";"206";"Com vítima";"491,523";"BR-163/MS";"Decrescente";"Queda de moto";0;0;0;1;0;0;0;0;0;0;0;0;1;0;0
"05/07/2024";"07:41:25";"308";"Com vítima";"242,286";"BR-163/MS";"Crescente";"Colisão traseira";0;0;2;0;0;0;0;0;0;0;0;0;1;0;0
"05/07/2024";"09:38:56";"12";"Com vítima";"276,359";"BR-163/MS";"Decrescente";"Queda de moto";0;0;0;1;0;0;0;0;0;0;0;0;1;0;0
"05/07/2024";"10:35:26";"18";"Com vítima";"467,968";"BR-163/MS";"Decrescente";"Colisão frontal";1;0;0;0;0;2;0;0;0;0;0;0;0;0;3