data;horario;n_da_ocorrencia;tipo_de_ocorrencia;km;trecho;sentido;tipo_de_acidente;automovel;bicicleta;caminhao;moto;onibus;outros;tracao_animal;transporte_de_cargas_especiais;trator_maquinas;utilitarios;ilesos;levemente_feridos;moderadamente_feridos;gravemente_feridos;mortos
"05/07/2024";"10:58:29";"19";"Sem vítima";"423,577";"BR-163/MS";"Decrescente";"Capotamento";0;0;0;0;1;0;0;0;0;1;2;0;0;0;0
"06/07/2024";"07:42:52";"117";"Com vítima";"575,330";"BR-163/MS";"Crescente";"Colisão transversal";1;0;0;1;0;0;0;0;0;0;4;1;0;0;0
"06/07/2024";"09:21:33";"129";"Com vítima";"484,327";"BR-163/MS";"Decrescente";"Colisão transversal";1;0;1;0;0;1;0;0;0;0;1;1;1;0;0
"06/07/2024";"04:35:38";"222";"Sem vítima";"369,240";"BR-163/MS";"Crescente";"Choque";0;0;0;0;0;1;0;0;0;0;1;0;0;0;0
"06/07/2024";"05:20:56";"227";"Sem vítima";"257,508";"BR-163/MS";"Decrescente";"Choque";1;0;0;0;0;0;0;0;0;0;1;0;0;0;0
"06/07/2024";"08:38:22";"241";"Com vítima";"687,245";"BR-163/MS";"Crescente";"Tombamento";0;0;1;0;0;0;0;0;0;0;0;1;0;0;0
"06/07/2024";"09:18:50";"10";"Com vítima";"484,557";"BR-163/MS";"Crescente";"Queda de moto";0;0;0;1;0;0;0;0;0;0;0;2;0;0;0
"07/07/2024";"02:26:20";"36";"Sem vítima";"294,927";"BR-163/MS";"Crescente";"Choque";1;0;0;0;0;0;0;0;0;0;5;0;0;0;0
"07/07/2024";"11:24:32";"141";"Sem vítima";"413,815";"BR-163/MS";"Decrescente";"Colisão lateral no mesmo sentido";1;0;1;0;0;0;0;0;0;0;2;0;0;0;0
"07/07/2024";"04:35:06";"213";"Com vítima";"484,389";"BR-163/MS";"Crescente";"Colisão transversal";1;0;0;1;0;0;0;0;0;0;2;0;0;1;0
"07/07/2024";"07:14:46";"254";"Com vítima";"280,413";"BR-163/MS";"Crescente";"Colisão transversal";1;0;0;1;0;0;0;0;0;0;1;1;0;0;0
"08/07/2024";"02:37:10";"31";"Com vítima";"249,575";"BR-163/MS";"Decrescente";"Capotamento";1;0;0;0;0;0;0;0;0;0;0;1;0;0;0
"08/07/2024";"03:49:32";"50";"Sem vítima";"239,000";"BR-163/MS";"Decrescente";"Choque";1;0;0;0;0;0;0;0;0;0;3;0;0;0;0
"08/07/2024";"06:36:30";"123";"Com vítima";"731,900";"BR-163/MS";"Crescente";"Colisão transversal";0;0;1;0;0;2;0;0;0;1;0;4;0;0;0
"08/07/2024";"04:14:13";"236";"Sem vítima";"172,410";"BR-163/MS";"Crescente";"Tombamento";1;0;0;0;0;0;0;0;0;0;1;0;0;0;0
"08/07/2024";"06:55:40";"288";"Com vítima";"43,738";"BR-163/MS";"Decrescente";"Acidentes de outra natureza";1;0;0;0;0;0;0;0;0;0;0;1;0;0;0
"09/07/2024";"10:27:17";"188";"Sem vítima";"258,840";"BR-163/MS";"Crescente";"Engavetamento";0;0;1;0;0;3;0;0;0;1;3;0;0;0;0
"09/07/2024";"11:41:29";"204";"Sem vítima";"399,858";"BR-163/MS";"Decrescente";"Choque";1;0;0;0;0;0;0;0;0;0;3;0;0;0;0
"10/07/2024";"08:24:11";"142";"Com vítima";"367,153";"BR-163/MS";"Decrescente";"Choque";0;0;0;0;0;0;0;0;0;1;1;1;0;0;0
"10/07/2024";"10:21:10";"162";"Sem vítima";"284,991";"BR-163/MS";"Crescente";"Atropelamento de animal";1;0;0;0;0;0;0;0;0;0;1;0;0;0;0
"10/07/2024";"02:36:46";"208";"Sem vítima";"249,000";"BR-163/MS";"Crescente";"Acidentes de outra natureza";0;0;0;0;0;0;0;0;0;1;1;0;0;0;0
"10/07/2024";"11:04:43";"20";"Sem vítima";"375,504";"BR-163/MS";"Crescente";"Acidentes de outra natureza";1;0;0;0;0;0;0;0;0;0;1;0;0;0;0
"11/07/2024";"08:04:23";"168";"Sem vítima";"255,932";"BR-163/MS";"Crescente";"Colisão traseira";0;0;1;0;0;1;0;0;0;0;1;0;0;0;0
"11/07/2024";"09:09:22";"186";"Com vítima";"268,670";"BR-163/MS";"Decrescente";"Colisão traseira";1;0;0;1;0;0;0;0;0;0;1;2;0;0;0
"11/07/2024";"01:54:34";"245";"Com vítima";"486,340";"BR-163/MS";"Crescente";"Colisão traseira";1;0;0;0;0;0;0;0;0;1;1;0;1;0;0
"11/07/2024";"06:43:46";"370";"Sem vítima";"309,452";"BR-163/MS";"Decrescente";"Atropelamento de animal";1;0;0;0;0;0;0;0;0;0;2;0;0;0;0
"12/07/2024";"01:07:31";"45";"Com vítima";"574,671";"BR-163/MS";"Crescente";"Atropelamento de animal";1;0;0;0;0;0;0;0;0;0;0;1;0;0;0
"12/07/2024";"01:21:06";"47";"Com vítima";"408,780";"BR-163/MS";"Crescente";"Tombamento";0;0;1;0;0;1;0;0;0;0;0;0;1;0;0
"12/07/2024";"02:03:39";"53";"Com vítima";"414,538";"BR-163/MS";"Crescente";"Choque";0;0;0;0;0;0;0;0;0;1;1;2;0;0;0
"12/07/2024";"04:38:58";"116";"Sem vítima";"575,413";"BR-163/MS";"Crescente";"Colisão transversal";1;0;0;0;0;0;0;0;0;0;3;0;0;0;0
"13/07/2024";"02:38:35";"54";"Sem vítima";"749,594";"BR-163/MS";"Crescente";"Tombamento";0;0;0;0;0;2;0;0;0;0;0;0;0;0;0
"13/07/2024";"03:04:02";"228";"Sem vítima";"491,000";"BR-163/MS";"Decrescente";"Colisão traseira";2;0;0;0;0;0;0;0;0;0;3;0;0;0;0
"14/07/2024";"12:07:17";"26";"Sem vítima";"786,110";"BR-163/MS";"Crescente";"Atropelamento de animal";0;0;1;0;0;0;0;0;0;0;1;0;0;0;0
"14/07/2024";"09:17:30";"104";"Sem vítima";"510,435";"BR-163/MS";"Crescente";"Capotamento";1;0;0;0;0;0;0;0;0;0;3;0;0;0;0
"14/07/2024";"03:37:32";"160";"Sem vítima";"779,952";"BR-163/MS";"Decrescente";"Atropelamento de animal";0;0;1;0;0;0;0;0;0;0;1;0;0;0;0
"14/07/2024";"03:37:43";"161";"Sem vítima";"779,953";"BR-163/MS";"Decrescente";"Atropelamento de animal";1;0;0;0;0;0;0;0;0;0;5;0;0;0;0
"14/07/2024";"05:28:06";"207";"Com vítima";"486,500";"BR-163/MS";"Crescente";"Colisão traseira";1;0;0;1;0;0;0;0;0;0;1;1;0;0;0
"14/07/2024";"06:11:52";"211";"Com vítima";"388,170";"BR-163/MS";"Crescente";"Colisão lateral no mesmo sentido";0;0;1;0;0;0;0;0;0;1;1;1;0;0;0
"15/07/2024";"04:22:17";"76";"Sem vítima";"484,359";"BR-163/MS";"Crescente";"Colisão transversal";1;0;0;1;0;0;0;0;0;0;2;0;0;0;0
"15/07/2024";"10:47:25";"176";"Sem vítima";"375,170";"BR-163/MS";"Crescente";"Tombamento";0;0;0;0;0;2;0;0;0;0;0;0;0;0;0
"15/07/2024";"02:38:19";"236";"Sem vítima";"40,154";"BR-163/MS";"Decrescente";"Colisão lateral no mesmo sentido";1;0;1;0;0;0;0;0;0;0;2;0;0;0;0
"15/07/2024";"03:49:50";"250";"Com vítima";"492,000";"BR-163/MS";"Crescente";"Colisão traseira";0;0;0;1;0;0;0;0;0;1;3;0;0;2;0
"15/07/2024";"06:12:16";"294";"Com vítima";"264,494";"BR-163/MS";"Decrescente";"Colisão transversal";0;0;0;2;0;0;0;0;0;0;0;2;0;0;0
"16/07/2024";"04:04:23";"58";"Com vítima";"611,000";"BR-163/MS";"Decrescente";"Queda de moto";0;0;0;1;0;0;0;0;0;0;0;2;0;0;0
"16/07/2024";"05:26:39";"107";"Sem vítima";"475,830";"BR-163/MS";"Decrescente";"Colisão transversal";0;0;1;0;0;2;0;0;0;0;1;0;0;0;0
"16/07/2024";"10:02:45";"167";"Com vítima";"486,323";"BR-163/MS";"Crescente";"Colisão transversal";1;0;0;1;0;0;0;0;0;0;1;0;0;1;0
"16/07/2024";"12:14:48";"197";"Sem vítima";"162,807";"BR-163/MS";"Decrescente";"Engavetamento";0;0;3;0;0;0;0;0;0;0;3;0;0;0;0
"16/07/2024";"05:15:31";"259";"Sem vítima";"20,351";"BR-163/MS";"Crescente";"Colisão transversal";1;0;0;0;0;1;0;0;0;0;1;0;0;0;0
"17/07/2024";"04:16:09";"316";"Com vítima";"248,445";"BR-163/MS";"Crescente";"Queda de moto";0;0;0;1;0;0;0;0;0;0;0;1;0;0;0
"18/07/2024";"02:17:02";"36";"Sem vítima";"664,809";"BR-163/MS";"Crescente";"Colisão lateral no mesmo sentido";1;0;0;0;0;2;0;0;0;0;2;0;0;0;0
"18/07/2024";"04:00:26";"84";"Sem vítima";"475,254";"BR-163/MS";"Crescente";"Colisão transversal";1;0;0;0;0;0;0;0;0;1;3;0;0;0;0
"18/07/2024";"06:19:26";"134";"Com vítima";"551,392";"BR-163/MS";"Crescente";"Colisão traseira";1;0;0;0;0;0;0;0;0;1;4;0;1;0;0
"18/07/2024";"06:49:24";"141";"Com vítima";"730,254";"BR-163/MS";"Decrescente";"Colisão transversal";1;0;0;1;0;0;0;0;0;0;3;1;0;0;0
"18/07/2024";"11:19:00";"195";"Sem vítima";"344,187";"BR-163/MS";"Decrescente";"Colisão traseira";0;0;1;0;0;4;0;0;0;0;1;0;0;0;0
"19/07/2024";"12:09:06";"21";"Sem vítima";"254,000";"BR-163/MS";"Decrescente";"Acidentes de outra natureza";0;0;0;0;0;0;0;0;0;1;3;0;0;0;0
"19/07/2024";"07:13:53";"109";"Com vítima";"660,792";"BR-163/MS";"Decrescente";"Capotamento";0;0;0;0;0;0;0;0;0;1;0;1;0;0;0
"19/07/2024";"09:14:10";"137";"Sem vítima";"25,769";"BR-163/MS";"Decrescente";"Colisão transversal";1;0;0;0;0;0;0;0;0;1;6;0;0;0;0
"20/07/2024";"02:38:02";"30";"Com vítima";"661,400";"BR-163/MS";"Decrescente";"Capotamento";1;0;0;0;0;0;0;0;0;0;0;1;0;0;0
"20/07/2024";"05:39:00";"284";"Sem vítima";"548,600";"BR-163/MS";"Decrescente";"Colisão transversal";1;0;0;0;0;2;0;0;0;0;1;0;0;0;0
"20/07/2024";"05:45:34";"286";"Sem vítima";"693,210";"BR-163/MS";"Crescente";"Atropelamento de animal";1;0;0;0;0;0;0;0;0;0;4;0;0;0;0
"20/07/2024";"06:58:06";"293";"Com vítima";"486,661";"BR-163/MS";"Crescente";"Colisão transversal";1;0;0;1;0;0;0;0;0;0;1;0;1;0;0
"20/07/2024";"07:24:49";"297";"Sem vítima";"65,132";"BR-163/MS";"Decrescente";"Atropelamento de animal";0;0;0;0;0;1;0;0;0;0;0;0;0;0;0
"21/07/2024";"05:04:24";"97";"Com vítima";"575,340";"BR-163/MS";"Decrescente";"Colisão transversal";0;0;0;0;0;3;0;0;0;1;3;1;0;0;0
"21/07/2024";"11:31:52";"189";"Com vítima";"751,864";"BR-163/MS";"Decrescente";"Colisão lateral no mesmo sentido";0;0;1;0;0;0;0;0;0;1;5;0;0;1;0
"21/07/2024";"12:21:01";"195";"Com vítima";"525,760";"BR-163/MS";"Crescente";"Colisão frontal";0;0;1;0;0;3;0;0;0;0;0;1;0;0;0
"21/07/2024";"12:45:18";"200";"Com vítima";"235,293";"BR-163/MS";"Decrescente";"Colisão traseira";0;0;0;1;0;1;0;0;0;0;0;0;0;2;0
"21/07/2024";"06:02:08";"266";"Sem vítima";"502,205";"BR-163/MS";"Crescente";"Capotamento";1;0;0;0;0;0;0;0;0;0;0;0;0;0;0
"21/07/2024";"09:40:03";"13";"Sem vítima";"341,871";"BR-163/MS";"Decrescente";"Colisão traseira";2;0;0;0;0;0;0;0;0;0;2;0;0;0;0
"22/07/2024";"03:02:42";"53";"Com vítima";"535,390";"BR-163/MS";"Crescente";"Capotamento";1;0;0;0;0;0;0;0;0;0;0;1;0;0;0
"22/07/2024";"04:11:56";"106";"Com vítima";"615,600";"BR-163/MS";"Crescente";"Colisão transversal";1;0;0;1;0;0;0;0;0;0;1;0;0;1;0
"22/07/2024";"05:59:57";"341";"Com vítima";"403,298";"BR-163/MS";"Crescente";"Atropelamento de animal";0;0;0;0;0;0;0;0;0;1;9;1;0;0;0
"22/07/2024";"08:30:48";"367";"Sem vítima";"451,570";"BR-163/MS";"Crescente";"Atropelamento de animal";0;0;0;0;0;0;0;0;0;1;1;0;0;0;0
"23/07/2024";"04:30:54";"112";"Com vítima";"729,530";"BR-163/MS";"Decrescente";"Colisão transversal";0;0;1;1;0;0;0;0;0;0;1;1;0;0;0
"23/07/2024";"03:40:02";"278";"Sem vítima";"386,692";"BR-163/MS";"Decrescente";"Acidentes de outra natureza";0;0;0;0;0;0;0;0;0;0;0;0;0;0;0
"24/07/2024";"02:10:35";"28";"Com vítima";"304,900";"BR-163/MS";"Decrescente";"Colisão lateral no mesmo sentido";0;0;2;0;0;1;0;0;0;0;2;1;0;0;0
"24/07/2024";"03:49:33";"57";"Com vítima";"388,994";"BR-163/MS";"Crescente";"Atropelamento de animal";0;0;0;1;0;0;0;0;0;0;0;1;1;0;0
"24/07/2024";"03:24:49";"244";"Com vítima";"549,000";"BR-163/MS";"Crescente";"Colisão transversal";0;0;1;0;0;0;0;0;0;1;1;1;0;0;0
"24/07/2024";"03:34:42";"245";"Sem vítima";"333,000";"BR-163/MS";"Decrescente";"Atropelamento de animal";1;0;0;0;0;0;0;0;0;0;3;0;0;0;0
"25/07/2024";"05:46:33";"95";"Sem vítima";"486,323";"BR-163/MS";"Decrescente";"Colisão traseira";1;0;0;0;0;0;0;0;0;1;3;0;0;0;0
"25/07/2024";"06:57:20";"110";"Sem vítima";"343,214";"BR-163/MS";"Crescente";"Colisão traseira";0;0;0;0;0;0;0;0;0;2;2;0;0;0;0
"25/07/2024";"07:30:49";"117";"Com vítima";"732,570";"BR-163/MS";"Decrescente";"Queda de moto";0;0;0;1;0;0;0;0;0;0;1;1;0;0;0
"25/07/2024";"06:03:31";"274";"Com vítima";"331,240";"BR-163/MS";"Crescente";"Queda de moto";0;0;0;1;0;0;0;0;0;0;0;1;0;1;0
"25/07/2024";"11:16:09";"34";"Sem vítima";"747,964";"BR-163/MS";"Crescente";"Atropelamento de animal";0;0;0;0;0;0;0;0;0;1;1;0;0;0;0
"26/07/2024";"06:30:03";"170";"Com vítima";"475,778";"BR-163/MS";"Decrescente";"Colisão lateral no mesmo sentido";1;0;1;0;0;0;0;0;0;0;2;0;1;0;0
"26/07/2024";"11:32:09";"242";"Com vítima";"716,500";"BR-163/MS";"Crescente";"Choque";1;0;0;0;0;0;0;0;0;0;0;1;0;0;0
"27/07/2024";"06:50:45";"129";"Sem vítima";"485,517";"BR-163/MS";"Crescente";"Engavetamento";3;0;0;1;0;0;0;0;0;1;10;0;0;0;0
"27/07/2024";"08:26:09";"146";"Com vítima";"485,462";"BR-163/MS";"Crescente";"Colisão traseira";1;0;0;1;0;0;0;0;0;0;2;1;0;0;0
"27/07/2024";"10:41:25";"167";"Sem vítima";"418,552";"BR-163/MS";"Decrescente";"Colisão transversal";1;0;0;0;0;0;0;0;0;1;5;0;0;0;0
"27/07/2024";"04:44:58";"250";"Com vítima";"529,000";"BR-163/MS";"Decrescente";"Colisão lateral no mesmo sentido";1;0;0;0;0;0;0;0;0;1;0;4;1;0;0
"28/07/2024";"12:23:41";"29";"Sem vítima";"400,260";"BR-163/MS";"Decrescente";"Atropelamento de animal";1;0;0;0;0;0;0;0;0;0;2;0;0;0;0
"28/07/2024";"07:16:53";"106";"Com vítima";"405,270";"BR-163/MS";"Decrescente";"Tombamento";0;0;1;0;0;0;0;0;0;0;0;1;0;0;0
"28/07/2024";"08:22:04";"118";"Sem vítima";"0,270";"BR-163/MS";"Decrescente";"Tombamento";0;0;1;0;0;1;0;0;0;0;1;0;0;0;0
"28/07/2024";"11:32:01";"146";"Com vítima";"574,932";"BR-163/MS";"Crescente";"Colisão lateral no mesmo sentido";0;0;2;0;0;1;0;0;0;1;1;1;1;1;2
"28/07/2024";"05:13:02";"232";"Sem vítima";"456,218";"BR-163/MS";"Crescente";"Colisão traseira";2;0;0;0;0;0;0;0;0;0;5;0;0;0;0
"29/07/2024";"04:09:20";"148";"Com vítima";"253,834";"BR-163/MS";"Crescente";"Tombamento";0;0;0;0;0;0;0;0;0;1;2;1;0;0;0
"30/07/2024";"09:50:14";"179";"Sem vítima";"86,730";"BR-163/MS";"Decrescente";"Capotamento";1;0;0;0;0;0;0;0;0;0;1;0;0;0;0
"30/07/2024";"11:20:53";"204";"Com vítima";"253,336";"BR-163/MS";"Crescente";"Tombamento";0;0;0;0;0;0;0;0;0;1;0;2;0;0;0
"30/07/2024";"11:56:12";"214";"Sem vítima";"467,677";"BR-163/MS";"Crescente";"Choque";0;0;0;0;1;0;0;0;0;1;0;0;0;0;0
"30/07/2024";"12:36:49";"220";"Sem vítima";"616,448";"BR-163/MS";"Crescente";"Colisão transversal";0;0;0;1;0;0;0;0;0;1;3;0;0;0;0
"30/07/2024";"05:24:46";"326";"Sem vítima";"191,273";"BR-163/MS";"Crescente";"Atropelamento de animal";1;0;0;0;0;0;0;0;0;0;3;0;0;0;0
"30/07/2024";"08:03:39";"353";"Sem vítima";"486,464";"BR-163/MS";"Crescente";"Atropelamento de animal";1;0;0;0;0;0;0;0;0;0;4;0;0;0;0
"30/07/2024";"09:23:57";"14";"Com vítima";"445,930";"BR-163/MS";"Crescente";"Capotamento";0;0;0;0;0;0;0;0;0;1;0;2;1;0;0
"31/07/2024";"06:46:38";"206";"Com vítima";"680,505";"BR-163/MS";"Crescente";"Colisão transversal";1;0;1;0;0;0;0;0;0;0;1;0;1;0;0
"01/08/2024";"06:05:29";"151";"Sem vítima";"797,990";"BR-163/MS";"Decrescente";"Choque";0;0;2;0;0;1;0;0;0;0;2;0;0;0;0
"01/08/2024";"11:55:39";"243";"Sem vítima";"253,818";"BR-163/MS";"Decrescente";"Tombamento";0;0;0;0;0;0;0;0;0;0;0;0;0;0;0
"01/08/2024";"06:42:30";"348";"Sem vítima";"6,000";"BR-163/MS";"Decrescente";"Acidentes de outra natureza";1;0;0;0;0;0;0;0;0;0;1;0;0;0;0
"01/08/2024";"06:51:02";"353";"Sem vítima";"309,000";"BR-163/MS";"Decrescente";"Choque";1;0;0;0;0;0;0;0;0;0;1;0;0;0;0
"02/08/2024";"02:54:55";"27";"Com vítima";"479,605";"BR-163/MS";"Decrescente";"Queda de moto";0;0;0;1;0;0;0;0;0;0;0;1;0;0;0
"02/08/2024";"11:44:06";"232";"Sem vítima";"60,834";"BR-163/MS";"Crescente";"Colisão traseira";1;0;1;0;0;2;0;0;0;0;3;0;0;0;0
"02/08/2024";"11:54:08";"234";"Com vítima";"233,484";"BR-163/MS";"Decrescente";"Colisão traseira";0;0;2;0;0;0;0;0;0;0;1;0;0;0;1
"02/08/2024";"12:14:20";"239";"Sem vítima";"461,151";"BR-163/MS";"Crescente";"Colisão traseira";0;0;1;0;0;0;0;0;0;1;4;0;0;0;0
"02/08/2024";"02:37:35";"273";"Com vítima";"484,545";"BR-163/MS";"Crescente";"Colisão transversal";1;0;0;1;0;0;0;0;0;0;1;1;0;0;0
"02/08/2024";"03:21:56";"284";"Sem vítima";"144,660";"BR-163/MS";"Crescente";"Colisão traseira";2;0;0;0;0;0;0;0;0;1;7;0;0;0;0
"02/08/2024";"06:18:59";"323";"Com vítima";"491,300";"BR-163/MS";"Crescente";"Colisão traseira";1;0;0;0;0;2;0;0;0;0;0;2;0;1;0
"03/08/2024";"09:20:24";"13";"Sem vítima";"417,265";"BR-163/MS";"Decrescente";"Acidentes de outra natureza";0;0;0;0;0;0;0;0;0;1;1;0;0;0;0
"04/08/2024";"01:27:38";"30";"Sem vítima";"129,130";"BR-163/MS";"Crescente";"Acidentes de outra natureza";1;0;0;0;0;0;0;0;0;0;2;0;0;0;0
"04/08/2024";"07:06:27";"92";"Com vítima";"78,231";"BR-163/MS";"Decrescente";"Acidentes de outra natureza";1;0;0;0;0;0;0;0;0;0;0;1;0;0;0
"04/08/2024";"07:52:24";"118";"Com vítima";"487,447";"BR-163/MS";"Decrescente";"Colisão transversal";1;0;0;1;0;0;0;0;0;0;2;0;2;1;0
"04/08/2024";"01:27:57";"184";"Sem vítima";"466,403";"BR-163/MS";"Crescente";"Choque";1;0;0;0;0;0;0;0;0;0;1;0;0;0;0
"04/08/2024";"03:24:16";"207";"Sem vítima";"327,750";"BR-163/MS";"Crescente";"Acidentes de outra natureza";0;0;0;0;0;0;0;0;0;1;2;0;0;0;0
"04/08/2024";"07:54:56";"330";"Sem vítima";"356,645";"BR-163/MS";"Decrescente";"Atropelamento de animal";1;0;0;0;0;0;0;0;0;0;3;0;0;0;0
"05/08/2024";"01:01:26";"44";"Sem vítima";"614,918";"BR-163/MS";"Crescente";"Acidentes de outra natureza";0;0;1;0;0;0;0;0;0;0;0;0;0;0;0
"05/08/2024";"03:10:24";"63";"Sem vítima";"499,193";"BR-163/MS";"Crescente";"Acidentes de outra natureza";0;0;0;0;0;0;0;0;0;1;0;0;0;0;0
"06/08/2024";"01:48:33";"29";"Sem vítima";"103,969";"BR-163/MS";"Crescente";"Tombamento";0;0;0;0;0;2;0;0;0;0;0;0;0;0;0
"06/08/2024";"02:43:16";"37";"Com vítima";"407,851";"BR-163/MS";"Crescente";"Colisão frontal";1;0;0;0;0;0;0;0;0;1;0;2;0;0;1
"06/08/2024";"03:02:28";"39";"Com vítima";"287,279";"BR-163/MS";"Crescente";"Capotamento";1;0;0;0;0;0;0;0;0;0;0;1;0;0;0
"06/08/2024";"05:29:42";"274";"Com vítima";"253,000";"BR-163/MS";"Crescente";"Colisão traseira";2;0;0;0;0;0;0;0;0;2;0;1;0;0;0
"07/08/2024";"03:14:12";"65";"Com vítima";"620,183";"BR-163/MS";"Decrescente";"Acidentes de outra natureza";1;0;0;1;0;0;0;0;0;0;0;1;0;0;0
"07/08/2024";"04:11:32";"82";"Com vítima";"615,404";"BR-163/MS";"Decrescente";"Colisão transversal";1;0;0;1;0;0;0;0;0;0;1;1;0;0;0
"07/08/2024";"04:16:44";"85";"Com vítima";"680,500";"BR-163/MS";"Crescente";"Colisão transversal";0;0;1;1;0;1;0;0;0;0;1;1;1;0;0
"07/08/2024";"08:37:23";"159";"Sem vítima";"185,500";"BR-163/MS";"Decrescente";"Tombamento";0;0;0;0;0;2;0;0;0;0;0;0;0;0;0
"07/08/2024";"12:44:36";"201";"Com vítima";"555,746";"BR-163/MS";"Decrescente";"Acidentes de outra natureza";0;0;0;0;0;0;0;0;0;1;0;1;0;0;0
"07/08/2024";"06:55:46";"286";"Sem vítima";"526,000";"BR-163/MS";"Decrescente";"Choque";1;0;0;0;0;0;0;0;0;0;1;0;0;0;0
"08/08/2024";"12:01:08";"18";"Com vítima";"31,289";"BR-163/MS";"Decrescente";"Acidentes de outra natureza";0;0;1;0;0;0;0;0;0;0;2;0;1;0;0
"08/08/2024";"12:22:40";"218";"Com vítima";"702,691";"BR-163/MS";"Decrescente";"Acidentes de outra natureza";0;0;1;0;0;0;0;0;0;0;0;1;0;0;0
"08/08/2024";"01:02:16";"228";"Sem vítima";"364,280";"BR-163/MS";"Decrescente";"Colisão traseira";1;0;0;0;1;0;0;0;0;0;4;0;0;0;0
"08/08/2024";"02:16:53";"249";"Com vítima";"400,570";"BR-163/MS";"Decrescente";"Colisão frontal";0;0;0;0;0;2;0;0;0;3;1;2;0;0;0
"08/08/2024";"09:01:30";"1";"Sem vítima";"127,224";"BR-163/MS";"Crescente";"Queda de moto";0;0;0;1;0;0;0;0;0;0;1;0;0;0;0
"09/08/2024";"01:40:23";"33";"Sem vítima";"784,650";"BR-163/MS";"Decrescente";"Tombamento";0;0;0;0;0;3;0;0;0;0;0;0;0;0;0
"09/08/2024";"04:23:09";"64";"Com vítima";"75,561";"BR-163/MS";"Decrescente";"Colisão lateral no mesmo sentido";0;0;1;0;0;1;0;0;0;0;1;1;0;0;0
"09/08/2024";"05:45:24";"84";"Com vítima";"486,790";"BR-163/MS";"Crescente";"Colisão transversal";2;0;0;0;0;0;0;0;0;0;1;1;0;0;0
"09/08/2024";"06:07:02";"88";"Com vítima";"753,664";"BR-163/MS";"Decrescente";"Queda de moto";0;0;0;1;0;0;0;0;0;0;0;1;1;0;0
"09/08/2024";"01:23:29";"169";"Sem vítima";"682,650";"BR-163/MS";"Decrescente";"Colisão traseira";1;0;0;0;0;0;0;0;0;1;4;0;0;0;0
"09/08/2024";"02:06:13";"178";"Com vítima";"75,558";"BR-163/MS";"Crescente";"Choque";0;0;0;1;0;0;0;0;0;0;0;0;1;0;0
"09/08/2024";"02:15:02";"181";"Com vítima";"486,320";"BR-163/MS";"Decrescente";"Colisão transversal";1;0;0;1;0;0;0;0;0;0;1;0;0;1;0
"09/08/2024";"03:06:42";"188";"Sem vítima";"188,332";"BR-163/MS";"Crescente";"Atropelamento de animal";0;0;0;0;0;0;0;0;0;1;2;0;0;0;0
"09/08/2024";"03:40:40";"214";"Com vítima";"528,500";"BR-163/MS";"Crescente";"Tombamento";0;0;0;0;0;0;0;0;0;0;0;0;0;0;0
"09/08/2024";"05:32:20";"245";"Sem vítima";"313,400";"BR-163/MS";"Crescente";"Colisão traseira";0;0;0;0;0;1;0;0;0;0;0;0;0;0;0
"09/08/2024";"06:36:24";"260";"Sem vítima";"188,177";"BR-163/MS";"Crescente";"Atropelamento de animal";1;0;0;0;0;0;0;0;0;0;2;0;0;0;0
"09/08/2024";"10:32:20";"17";"Com vítima";"708,659";"BR-163/MS";"Decrescente";"Capotamento";1;0;0;0;0;0;0;0;0;0;0;1;0;0;0
"10/08/2024";"03:04:14";"39";"Sem vítima";"580,576";"BR-163/MS";"Decrescente";"Acidentes de outra natureza";1;0;0;0;0;0;0;0;0;0;2;0;0;0;0
"10/08/2024";"08:24:25";"86";"Sem vítima";"455,852";"BR-163/MS";"Crescente";"Colisão transversal";1;0;1;0;0;0;0;0;0;0;4;0;0;0;0
"10/08/2024";"09:53:42";"94";"Com vítima";"255,940";"BR-163/MS";"Crescente";"Colisão lateral no mesmo sentido";1;0;0;1;0;0;0;0;0;0;1;2;0;0;0
"10/08/2024";"03:08:05";"144";"Sem vítima";"717,232";"BR-163/MS";"Crescente";"Colisão frontal";0;0;0;0;0;0;0;0;0;2;2;0;0;0;0
"10/08/2024";"04:20:28";"154";"Sem vítima";"593,725";"BR-163/MS";"Crescente";"Atropelamento de animal";1;0;0;0;0;0;0;0;0;0;5;0;0;0;0
"11/08/2024";"06:42:47";"85";"Sem vítima";"287,970";"BR-163/MS";"Crescente";"Colisão traseira";1;0;0;0;0;1;0;0;0;0;3;0;0;0;0
"11/08/2024";"10:09:44";"111";"Com vítima";"630,642";"BR-163/MS";"Decrescente";"Acidentes de outra natureza";0;0;0;0;0;3;0;0;0;0;0;0;0;0;0
"11/08/2024";"05:11:05";"216";"Com vítima";"526,500";"BR-163/MS";"Crescente";"Colisão transversal";1;0;0;0;0;0;0;0;0;1;1;1;0;0;0