data;horario;n_da_ocorrencia;tipo_de_ocorrencia;km;trecho;sentido;tipo_de_acidente;automovel;bicicleta;caminhao;moto;onibus;outros;tracao_animal;transporte_de_cargas_especiais;trator_maquinas;utilitarios;ilesos;levemente_feridos;moderadamente_feridos;gravemente_feridos;mortos
"12/08/2024";"01:29:40";"23";"Sem vítima";"442,000";"BR-163/MS";"Decrescente";"Atropelamento de animal";1;0;0;0;0;0;0;0;0;0;4;0;0;0;0
"12/08/2024";"07:24:25";"146";"Com vítima";"88,841";"BR-163/MS";"Decrescente";"Acidentes de outra natureza";0;0;1;0;0;0;0;0;0;0;6;1;0;0;0
"12/08/2024";"08:09:32";"153";"Sem vítima";"16,123";"BR-163/MS";"Crescente";"Choque";0;0;0;0;0;0;0;0;0;2;2;0;0;0;0
"12/08/2024";"03:30:20";"227";"Sem vítima";"492,375";"BR-163/MS";"Crescente";"Colisão traseira";2;0;0;0;0;0;0;0;0;0;6;0;0;0;0
"12/08/2024";"09:10:57";"11";"Com vítima";"679,275";"BR-163/MS";"Decrescente";"Queda de moto";0;0;0;1;0;0;0;0;0;0;0;1;0;0;0
"13/08/2024";"02:47:19";"42";"Sem vítima";"485,709";"BR-163/MS";"Decrescente";"Colisão traseira";0;0;1;0;0;1;0;0;0;0;1;0;0;0;0
"13/08/2024";"03:11:26";"50";"Sem vítima";"546,682";"BR-163/MS";"Decrescente";"Acidentes de outra natureza";1;0;0;0;0;0;0;0;0;0;3;0;0;0;0
"13/08/2024";"03:53:55";"66";"Com vítima";"264,905";"BR-163/MS";"Crescente";"Queda de moto";0;0;0;1;0;0;0;0;0;0;0;1;0;0;0
"13/08/2024";"06:38:27";"138";"Sem vítima";"530,000";"BR-163/MS";"Crescente";"Colisão traseira";0;0;0;0;0;1;0;0;0;1;1;0;0;0;0
"13/08/2024";"04:54:50";"298";"Sem vítima";"232,860";"BR-163/MS";"Crescente";"Acidentes de outra natureza";0;0;1;0;0;1;0;0;0;0;1;0;0;0;0
"14/08/2024";"03:06:15";"35";"Sem vítima";"254,992";"BR-163/MS";"Crescente";"Choque";0;0;0;0;0;1;0;0;0;1;3;0;0;0;0
"14/08/2024";"07:58:10";"164";"Com vítima";"408,360";"BR-163/MS";"Decrescente";"Tombamento";0;0;0;0;0;0;0;0;0;0;0;0;0;0;0
"14/08/2024";"11:52:59";"202";"Com vítima";"765,475";"BR-163/MS";"Crescente";"Capotamento";0;0;0;0;0;0;0;0;0;1;0;1;0;0;0
"14/08/2024";"01:22:58";"219";"Com vítima";"573,240";"BR-163/MS";"Crescente";"Acidentes de outra natureza";0;0;1;0;0;1;0;0;0;0;0;1;0;0;0
"14/08/2024";"03:25:32";"240";"Com vítima";"17,435";"BR-163/MS";"Crescente";"Acidentes de outra natureza";1;0;0;1;0;0;0;0;0;0;1;1;0;0;0
"14/08/2024";"07:14:26";"304";"Sem vítima";"436,778";"BR-163/MS";"Crescente";"Atropelamento de animal";1;0;0;0;0;0;0;0;0;0;2;0;0;0;0
"15/08/2024";"01:26:49";"25";"Sem vítima";"756,893";"BR-163/MS";"Decrescente";"Choque";1;0;0;0;0;0;0;0;0;0;3;0;0;0;0
"15/08/2024";"05:33:05";"71";"Sem vítima";"341,850";"BR-163/MS";"Crescente";"Colisão traseira";0;0;0;0;0;1;0;0;0;1;1;0;0;0;0
"16/08/2024";"04:13:07";"71";"Sem vítima";"257,254";"BR-163/MS";"Decrescente";"Colisão transversal";0;0;1;0;0;0;0;0;0;1;3;0;0;0;0
"16/08/2024";"09:04:55";"136";"Com vítima";"487,254";"BR-163/MS";"Decrescente";"Queda de moto";0;0;0;1;0;1;0;0;0;0;1;1;0;0;0
"16/08/2024";"10:47:28";"153";"Com vítima";"473,847";"BR-163/MS";"Decrescente";"Choque";0;0;0;1;0;0;0;0;0;0;0;1;0;0;0
"16/08/2024";"02:06:43";"199";"Com vítima";"731,368";"BR-163/MS";"Crescente";"Colisão traseira";0;0;0;1;0;0;0;0;0;1;2;0;1;0;0
"16/08/2024";"04:12:45";"229";"Com vítima";"66,000";"BR-163/MS";"Decrescente";"Colisão traseira";0;0;0;0;0;2;0;0;0;0;0;0;0;0;0
"16/08/2024";"07:36:07";"283";"Sem vítima";"342,000";"BR-163/MS";"Crescente";"Colisão traseira";1;0;1;0;0;0;0;0;0;0;2;0;0;0;0
"16/08/2024";"11:58:43";"24";"Com vítima";"479,965";"BR-163/MS";"Crescente";"Queda de moto";0;0;0;1;0;0;0;0;0;0;1;0;0;0;0
"17/08/2024";"01:20:27";"27";"Sem vítima";"709,279";"BR-163/MS";"Crescente";"Atropelamento de animal";1;0;0;0;0;0;0;0;0;0;2;0;0;0;0
"17/08/2024";"01:59:53";"32";"Com vítima";"192,304";"BR-163/MS";"Crescente";"Colisão lateral no mesmo sentido";1;0;0;0;0;0;0;0;0;1;1;1;0;0;0
"17/08/2024";"12:38:09";"195";"Com vítima";"486,917";"BR-163/MS";"Crescente";"Colisão transversal";1;0;0;1;0;0;0;0;0;0;1;1;0;0;0
"18/08/2024";"05:01:21";"72";"Sem vítima";"249,580";"BR-163/MS";"Crescente";"Acidentes de outra natureza";1;0;0;0;0;0;0;0;0;0;1;0;0;0;0
"18/08/2024";"06:13:47";"93";"Com vítima";"467,535";"BR-163/MS";"Decrescente";"Queda de moto";0;0;0;1;0;0;0;0;0;0;1;1;0;0;0
"18/08/2024";"02:55:12";"215";"Com vítima";"275,453";"BR-163/MS";"Decrescente";"Colisão traseira";1;0;0;1;0;0;0;0;0;0;1;1;0;0;1
"19/08/2024";"12:05:53";"235";"Com vítima";"615,759";"BR-163/MS";"Crescente";"Colisão transversal";0;0;1;1;0;1;0;0;0;0;1;0;1;0;0
"19/08/2024";"04:16:37";"300";"Sem vítima";"751,712";"BR-163/MS";"Crescente";"Atropelamento de animal";1;0;0;0;0;0;0;0;0;0;2;0;0;0;0
"19/08/2024";"05:18:59";"326";"Sem vítima";"316,100";"BR-163/MS";"Decrescente";"Queda de moto";0;0;0;1;0;0;0;0;0;0;1;0;0;0;0
"20/08/2024";"05:03:23";"116";"Com vítima";"490,535";"BR-163/MS";"Crescente";"Choque";0;0;0;2;0;0;0;0;0;0;0;2;0;0;0
"21/08/2024";"04:44:57";"234";"Sem vítima";"171,000";"BR-163/MS";"Crescente";"Colisão lateral no mesmo sentido";0;0;0;2;0;0;0;0;0;0;2;0;0;0;0
"22/08/2024";"04:10:07";"51";"Com vítima";"480,329";"BR-163/MS";"Crescente";"Colisão lateral no mesmo sentido";0;0;1;1;0;0;0;0;0;0;1;1;0;0;0
"22/08/2024";"07:10:41";"118";"Com vítima";"277,394";"BR-163/MS";"Decrescente";"Colisão traseira";1;0;0;1;0;0;0;0;0;0;1;1;0;0;0
"23/08/2024";"06:08:09";"113";"Com vítima";"115,225";"BR-163/MS";"Decrescente";"Queda de moto";0;0;0;1;0;0;0;0;0;0;0;2;0;0;0
"23/08/2024";"06:05:40";"284";"Sem vítima";"503,151";"BR-163/MS";"Crescente";"Colisão lateral no mesmo sentido";0;0;1;0;0;0;0;0;0;1;2;0;0;0;0
"24/08/2024";"02:17:48";"32";"Sem vítima";"490,635";"BR-163/MS";"Decrescente";"Colisão transversal";0;0;1;0;0;1;0;0;0;0;1;0;0;0;0
"24/08/2024";"06:11:43";"97";"Sem vítima";"248,449";"BR-163/MS";"Crescente";"Acidentes de outra natureza";0;0;1;0;0;0;0;0;0;0;1;0;0;0;0
"24/08/2024";"03:14:41";"178";"Com vítima";"455,000";"BR-163/MS";"Crescente";"Queda de moto";0;0;0;1;0;0;0;0;0;0;0;1;0;0;0
"24/08/2024";"03:21:05";"179";"Com vítima";"476,672";"BR-163/MS";"Decrescente";"Colisão transversal";1;0;0;0;0;3;0;0;0;0;0;0;0;0;1
"25/08/2024";"01:32:35";"30";"Sem vítima";"763,216";"BR-163/MS";"Crescente";"Atropelamento de animal";0;0;0;0;0;0;0;0;0;1;3;0;0;0;0
"25/08/2024";"05:24:11";"53";"Com vítima";"419,860";"BR-163/MS";"Crescente";"Colisão lateral no mesmo sentido";0;0;0;1;0;1;0;0;0;0;0;1;0;0;0
"25/08/2024";"06:51:26";"92";"Sem vítima";"343,174";"BR-163/MS";"Crescente";"Colisão transversal";1;0;1;0;0;0;0;0;0;0;3;0;0;0;0
"25/08/2024";"09:58:09";"113";"Sem vítima";"356,254";"BR-163/MS";"Decrescente";"Acidentes de outra natureza";0;0;1;0;0;0;0;0;0;0;1;0;0;0;0
"25/08/2024";"03:05:03";"155";"Sem vítima";"409,957";"BR-163/MS";"Crescente";"Atropelamento de animal";1;0;0;0;0;0;0;0;0;0;5;0;0;0;0
"25/08/2024";"05:23:31";"177";"Sem vítima";"503,300";"BR-163/MS";"Decrescente";"Atropelamento de animal";0;0;0;0;0;0;0;0;0;1;1;0;0;0;0
"25/08/2024";"07:01:05";"213";"Sem vítima";"496,559";"BR-163/MS";"Crescente";"Acidentes de outra natureza";1;0;0;0;0;0;0;0;0;0;3;0;0;0;0
"25/08/2024";"07:21:56";"214";"Sem vítima";"239,744";"BR-163/MS";"Crescente";"Atropelamento de animal";1;0;0;0;0;0;0;0;0;0;3;0;0;0;0
"26/08/2024";"10:41:35";"136";"Com vítima";"425,720";"BR-163/MS";"Decrescente";"Colisão traseira";1;0;0;0;0;0;0;0;0;1;1;1;0;0;0
"26/08/2024";"02:29:07";"174";"Sem vítima";"828,809";"BR-163/MS";"Crescente";"Acidentes de outra natureza";1;0;0;0;0;0;0;0;0;0;2;0;0;0;0
"26/08/2024";"04:32:40";"218";"Sem vítima";"577,000";"BR-163/MS";"Decrescente";"Acidentes de outra natureza";0;0;0;0;0;0;0;0;0;1;2;0;0;0;0
"26/08/2024";"06:02:31";"227";"Sem vítima";"459,000";"BR-163/MS";"Decrescente";"Colisão traseira";1;0;0;0;0;1;0;0;0;0;4;0;0;0;0
"26/08/2024";"06:54:10";"234";"Com vítima";"378,898";"BR-163/MS";"Decrescente";"Capotamento";1;0;0;0;0;0;0;0;0;0;2;1;0;0;0
"27/08/2024";"04:04:32";"54";"Sem vítima";"74,372";"BR-163/MS";"Crescente";"Colisão traseira";1;0;1;0;0;0;0;0;0;0;3;0;0;0;0
"27/08/2024";"05:52:10";"89";"Sem vítima";"609,440";"BR-163/MS";"Decrescente";"Tombamento";0;0;0;0;0;2;0;0;0;0;0;0;0;0;0
"27/08/2024";"07:01:41";"107";"Com vítima";"262,500";"BR-163/MS";"Crescente";"Colisão lateral no mesmo sentido";1;0;0;1;0;0;0;0;0;0;1;1;0;0;0
"27/08/2024";"09:12:54";"136";"Com vítima";"465,334";"BR-163/MS";"Crescente";"Tombamento";0;0;1;0;0;1;0;0;0;0;0;0;1;0;0
"27/08/2024";"01:42:10";"188";"Sem vítima";"228,686";"BR-163/MS";"Decrescente";"Colisão traseira";0;0;1;0;0;2;0;0;0;0;1;0;0;0;0
"27/08/2024";"07:53:16";"230";"Com vítima";"242,408";"BR-163/MS";"Crescente";"Capotamento";1;0;0;0;0;0;0;0;0;0;0;2;0;0;0
"27/08/2024";"08:34:16";"232";"Sem vítima";"485,778";"BR-163/MS";"Crescente";"Engavetamento";1;0;0;0;0;1;0;0;0;1;2;0;0;0;0
"27/08/2024";"09:02:13";"10";"Sem vítima";"476,380";"BR-163/MS";"Decrescente";"Tombamento";0;0;0;0;0;0;0;0;0;1;1;0;0;0;0
"28/08/2024";"06:25:39";"109";"Sem vítima";"474,744";"BR-163/MS";"Decrescente";"Choque";0;0;1;0;0;0;0;0;0;0;1;0;0;0;0
"28/08/2024";"03:13:18";"209";"Com vítima";"83,500";"BR-163/MS";"Decrescente";"Atropelamento de animal";1;0;0;0;0;0;0;0;0;0;3;1;0;0;0
"28/08/2024";"05:37:12";"227";"Com vítima";"548,579";"BR-163/MS";"Crescente";"Colisão lateral no mesmo sentido";1;0;0;0;0;0;0;0;0;1;5;2;0;0;0
"28/08/2024";"08:25:10";"241";"Com vítima";"9,531";"BR-163/MS";"Decrescente";"Capotamento";1;0;0;0;0;0;0;0;0;0;0;1;0;0;0
"29/08/2024";"07:38:55";"135";"Sem vítima";"100,228";"BR-163/MS";"Crescente";"Colisão traseira";0;0;0;0;0;2;0;0;0;0;0;0;0;0;0
"29/08/2024";"10:30:59";"165";"Sem vítima";"486,698";"BR-163/MS";"Crescente";"Colisão transversal";1;0;0;1;0;0;0;0;0;0;3;0;0;0;0
"29/08/2024";"12:28:58";"184";"Com vítima";"487,676";"BR-163/MS";"Decrescente";"Colisão transversal";1;0;0;0;0;0;0;0;0;0;0;1;0;0;0
"29/08/2024";"02:11:11";"197";"Com vítima";"654,712";"BR-163/MS";"Crescente";"Colisão traseira";0;0;0;0;0;0;0;0;0;2;1;1;0;0;0
"29/08/2024";"03:17:30";"208";"Com vítima";"470,773";"BR-163/MS";"Crescente";"Colisão transversal";0;0;1;1;0;0;0;0;0;0;0;1;0;0;0
"29/08/2024";"06:27:07";"278";"Com vítima";"30,774";"BR-163/MS";"Crescente";"Acidentes de outra natureza";1;0;0;0;0;0;0;0;0;0;0;1;0;0;0
"30/08/2024";"05:39:07";"124";"Sem vítima";"240,203";"BR-163/MS";"Crescente";"Colisão traseira";0;0;0;0;0;0;0;0;0;2;3;0;0;0;0
"30/08/2024";"05:57:52";"127";"Sem vítima";"338,941";"BR-163/MS";"Crescente";"Atropelamento de animal";1;0;0;0;0;0;0;0;0;0;4;0;0;0;0
"30/08/2024";"07:48:44";"152";"Com vítima";"490,783";"BR-163/MS";"Decrescente";"Tombamento";0;0;1;0;0;0;0;0;0;0;0;1;0;0;0
"30/08/2024";"03:53:42";"250";"Com vítima";"77,000";"BR-163/MS";"Crescente";"Colisão lateral no mesmo sentido";1;0;0;1;0;0;0;0;0;0;3;2;0;0;0
"30/08/2024";"05:30:45";"266";"Com vítima";"775,313";"BR-163/MS";"Decrescente";"Colisão traseira";0;0;1;0;0;2;0;0;0;0;0;0;1;0;0
"30/08/2024";"07:43:26";"316";"Com vítima";"267,000";"BR-163/MS";"Decrescente";"Queda de moto";0;0;0;1;0;0;0;0;0;0;0;1;0;0;0
"31/08/2024";"12:45:05";"22";"Com vítima";"528,799";"BR-163/MS";"Crescente";"Colisão frontal";1;0;0;0;0;2;0;0;0;0;0;0;0;0;1
"31/08/2024";"12:53:54";"23";"Sem vítima";"363,000";"BR-163/MS";"Crescente";"Atropelamento de animal";1;0;0;0;0;0;0;0;0;0;1;0;0;0;0
"31/08/2024";"05:26:20";"97";"Sem vítima";"8,300";"BR-163/MS";"Crescente";"Queda de moto";0;0;0;1;0;0;0;0;0;0;2;0;0;0;0
"31/08/2024";"03:23:08";"209";"Sem vítima";"681,374";"BR-163/MS";"Crescente";"Capotamento";1;0;0;0;0;0;0;0;0;0;1;0;0;0;0
"31/08/2024";"08:11:51";"255";"Com vítima";"467,543";"BR-163/MS";"Decrescente";"Colisão traseira";0;0;2;0;0;0;0;0;0;0;0;1;1;0;0
"31/08/2024";"11:33:48";"19";"Sem vítima";"322,500";"BR-163/MS";"Crescente";"Acidentes de outra natureza";1;0;0;0;0;0;0;0;0;0;2;0;0;0;0
"01/09/2024";"02:08:15";"27";"Sem vítima";"595,524";"BR-163/MS";"Decrescente";"Tombamento";0;0;0;0;0;2;0;0;0;0;0;0;0;0;0
"01/09/2024";"05:48:29";"67";"Sem vítima";"253,000";"BR-163/MS";"Crescente";"Capotamento";1;0;0;0;0;0;0;0;0;0;1;0;0;0;0
"01/09/2024";"03:07:05";"154";"Com vítima";"530,728";"BR-163/MS";"Crescente";"Colisão traseira";1;0;0;0;0;0;0;0;0;1;2;2;0;0;0
"02/09/2024";"04:22:50";"98";"Com vítima";"418,406";"BR-163/MS";"Decrescente";"Colisão traseira";1;0;0;0;0;0;0;0;0;1;1;3;0;0;0
"02/09/2024";"06:05:04";"274";"Sem vítima";"437,973";"BR-163/MS";"Crescente";"Atropelamento de animal";1;0;0;0;0;0;0;0;0;0;1;0;0;0;0
"02/09/2024";"06:16:20";"275";"Com vítima";"730,417";"BR-163/MS";"Crescente";"Colisão transversal";0;0;0;2;0;0;0;0;0;0;1;1;0;0;0
"03/09/2024";"05:35:48";"135";"Sem vítima";"250,312";"BR-163/MS";"Decrescente";"Colisão traseira";1;0;0;0;0;1;0;0;0;0;1;0;0;0;0
"03/09/2024";"09:35:13";"175";"Com vítima";"78,536";"BR-163/MS";"Decrescente";"Tombamento";0;0;0;0;0;0;1;0;0;0;0;0;0;0;0
"03/09/2024";"10:39:35";"196";"Sem vítima";"528,525";"BR-163/MS";"Crescente";"Acidentes de outra natureza";1;0;0;0;0;0;0;0;0;0;3;0;0;0;0
"03/09/2024";"02:18:58";"242";"Sem vítima";"486,717";"BR-163/MS";"Crescente";"Colisão transversal";2;0;0;0;0;0;0;0;0;0;2;0;0;0;0
"03/09/2024";"03:16:28";"250";"Com vítima";"23,394";"BR-163/MS";"Crescente";"Colisão transversal";1;0;1;0;0;1;0;0;0;0;2;0;0;2;0
"04/09/2024";"05:17:08";"114";"Com vítima";"676,133";"BR-163/MS";"Crescente";"Colisão traseira";0;0;0;0;0;1;0;0;0;1;1;1;0;0;0
"04/09/2024";"05:04:31";"301";"Sem vítima";"479,184";"BR-163/MS";"Crescente";"Colisão transversal";0;0;1;0;0;0;0;0;0;0;2;0;0;0;0
"05/09/2024";"01:50:03";"37";"Com vítima";"124,964";"BR-163/MS";"Crescente";"Queda de moto";0;0;0;1;0;0;0;0;0;0;0;1;0;0;0
"05/09/2024";"05:50:39";"106";"Sem vítima";"178,456";"BR-163/MS";"Decrescente";"Acidentes de outra natureza";0;0;1;0;0;0;0;0;0;0;1;0;0;0;0
"05/09/2024";"11:44:48";"178";"Com vítima";"731,332";"BR-163/MS";"Crescente";"Colisão traseira";1;0;0;0;0;0;0;0;0;0;0;1;0;0;0
"06/09/2024";"09:21:33";"156";"Sem vítima";"127,000";"BR-163/MS";"Decrescente";"Acidentes de outra natureza";0;0;0;0;0;0;0;0;0;1;1;0;0;0;0
"06/09/2024";"02:03:45";"203";"Com vítima";"192,982";"BR-163/MS";"Decrescente";"Colisão traseira";2;0;0;0;0;0;0;0;0;0;0;2;1;0;1
"06/09/2024";"03:02:04";"214";"Sem vítima";"78,230";"BR-163/MS";"Crescente";"Colisão transversal";1;0;0;1;0;0;0;0;0;0;1;0;0;0;0
"06/09/2024";"07:36:46";"255";"Com vítima";"59,729";"BR-163/MS";"Decrescente";"Colisão transversal";2;0;0;0;0;2;0;0;0;0;1;3;1;0;0
"06/09/2024";"09:23:27";"13";"Sem vítima";"31,200";"BR-163/MS";"Crescente";"Tombamento";0;0;0;0;0;2;0;0;0;0;0;0;0;0;0
"07/09/2024";"08:14:19";"111";"Com vítima";"486,332";"BR-163/MS";"Decrescente";"Colisão transversal";0;0;0;2;0;0;0;0;0;0;0;3;0;0;0
"07/09/2024";"01:54:50";"154";"Com vítima";"512,250";"BR-163/MS";"Decrescente";"Acidentes de outra natureza";1;0;0;0;0;0;0;0;0;0;0;1;0;0;0
"08/09/2024";"08:25:41";"76";"Sem vítima";"483,170";"BR-163/MS";"Decrescente";"Colisão transversal";1;0;0;0;0;1;0;0;0;0;1;0;0;0;0
"08/09/2024";"08:44:32";"79";"Sem vítima";"495,354";"BR-163/MS";"Decrescente";"Tombamento";0;0;0;0;0;2;0;0;0;0;0;0;0;0;0
"08/09/2024";"09:09:39";"87";"Com vítima";"77,313";"BR-163/MS";"Crescente";"Colisão lateral no mesmo sentido";1;0;0;1;0;0;0;0;0;0;3;1;0;0;0
"08/09/2024";"01:28:26";"132";"Com vítima";"497,477";"BR-163/MS";"Decrescente";"Engavetamento";3;0;0;0;0;0;0;0;0;0;0;12;0;0;0
"08/09/2024";"03:03:34";"158";"Com vítima";"492,609";"BR-163/MS";"Decrescente";"Colisão traseira";0;0;0;1;0;2;0;0;0;0;0;0;0;1;0
"08/09/2024";"03:11:33";"161";"Com vítima";"255,746";"BR-163/MS";"Crescente";"Colisão transversal";0;0;0;1;0;0;0;0;0;1;3;0;0;0;1
"08/09/2024";"04:03:56";"168";"Com vítima";"255,700";"BR-163/MS";"Crescente";"Tombamento";0;0;0;1;0;0;0;0;0;0;0;1;0;0;0
"08/09/2024";"04:17:34";"172";"Sem vítima";"255,650";"BR-163/MS";"Crescente";"Choque";1;0;0;0;0;0;0;0;0;0;2;0;0;0;0
"09/09/2024";"06:01:25";"94";"Com vítima";"411,198";"BR-163/MS";"Crescente";"Engavetamento";0;0;3;0;0;2;0;0;0;0;2;0;1;0;0
"09/09/2024";"03:09:32";"205";"Com vítima";"263,670";"BR-163/MS";"Crescente";"Colisão lateral no mesmo sentido";0;0;1;1;0;0;0;0;0;0;1;1;0;0;0
"09/09/2024";"04:25:28";"244";"Sem vítima";"293,841";"BR-163/MS";"Decrescente";"Atropelamento de animal";1;0;0;0;0;0;0;0;0;0;4;0;0;0;0
"09/09/2024";"04:44:28";"247";"Com vítima";"739,720";"BR-163/MS";"Crescente";"Colisão traseira";1;0;1;0;0;0;0;0;0;0;1;2;0;0;0
"09/09/2024";"05:52:23";"250";"Sem vítima";"256,421";"BR-163/MS";"Crescente";"Atropelamento de animal";0;0;0;0;0;0;0;0;0;1;2;0;0;0;0
"10/09/2024";"06:39:23";"93";"Sem vítima";"697,800";"BR-163/MS";"Decrescente";"Tombamento";0;0;0;0;0;1;0;0;0;0;0;0;0;0;0
"10/09/2024";"05:10:06";"221";"Sem vítima";"495,515";"BR-163/MS";"Crescente";"Acidentes de outra natureza";1;0;0;0;0;0;0;0;0;0;4;0;0;0;0
"10/09/2024";"09:38:17";"16";"Sem vítima";"209,525";"BR-163/MS";"Decrescente";"Acidentes de outra natureza";1;0;0;0;0;0;0;0;0;0;1;0;0;0;0
"11/09/2024";"02:29:06";"257";"Com vítima";"486,305";"BR-163/MS";"Decrescente";"Colisão transversal";0;0;0;1;0;0;0;0;0;1;2;0;1;0;0
"11/09/2024";"02:50:15";"264";"Sem vítima";"264,000";"BR-163/MS";"Decrescente";"Engavetamento";0;0;2;0;1;0;0;0;0;0;3;0;0;0;0
"11/09/2024";"07:37:23";"304";"Com vítima";"280,000";"BR-163/MS";"Crescente";"Colisão lateral no mesmo sentido";0;0;0;1;0;0;0;0;0;0;0;1;0;0;0
"12/09/2024";"09:57:37";"155";"Com vítima";"77,125";"BR-163/MS";"Crescente";"Queda de moto";0;0;0;1;0;0;0;0;0;0;0;1;0;0;0
"12/09/2024";"01:53:23";"197";"Sem vítima";"475,888";"BR-163/MS";"Decrescente";"Colisão transversal";0;0;0;0;0;0;0;0;0;2;3;0;0;0;0
"12/09/2024";"03:44:08";"219";"Com vítima";"374,802";"BR-163/MS";"Decrescente";"Acidentes de outra natureza";0;0;0;1;0;0;0;0;0;0;0;1;0;0;0
"12/09/2024";"08:18:04";"256";"Sem vítima";"451,902";"BR-163/MS";"Crescente";"Atropelamento de animal";1;0;0;0;0;0;0;0;0;0;1;0;0;0;0
"12/09/2024";"09:50:36";"15";"Com vítima";"33,722";"BR-163/MS";"Crescente";"Colisão traseira";0;0;0;0;0;4;0;0;0;0;0;0;0;0;0
"12/09/2024";"11:27:40";"22";"Sem vítima";"359,812";"BR-163/MS";"Crescente";"Atropelamento de animal";1;0;0;0;0;0;0;0;0;0;1;0;0;0;0
"13/09/2024";"07:54:25";"137";"Com vítima";"538,247";"BR-163/MS";"Decrescente";"Engavetamento";0;0;0;0;0;0;0;0;0;3;0;7;1;0;0
"13/09/2024";"08:43:05";"141";"Com vítima";"539,948";"BR-163/MS";"Decrescente";"Engavetamento";0;0;1;0;0;4;0;0;0;0;0;1;0;0;0
"13/09/2024";"11:54:32";"179";"Sem vítima";"454,676";"BR-163/MS";"Crescente";"Colisão traseira";1;0;1;0;0;0;0;0;0;0;2;0;0;0;0
"13/09/2024";"12:20:32";"188";"Sem vítima";"376,600";"BR-163/MS";"Decrescente";"Tombamento";0;0;0;0;0;2;0;0;0;0;0;0;0;0;0
"13/09/2024";"12:27:40";"190";"Sem vítima";"270,232";"BR-163/MS";"Decrescente";"Colisão transversal";1;0;0;0;0;0;0;0;0;1;2;0;0;0;0
"13/09/2024";"02:11:50";"212";"Sem vítima";"536,779";"BR-163/MS";"Crescente";"Capotamento";1;0;0;0;0;0;0;0;0;1;3;0;0;0;0
"13/09/2024";"04:06:43";"269";"Sem vítima";"548,365";"BR-163/MS";"Crescente";"Colisão lateral no mesmo sentido";1;0;0;0;0;0;0;0;0;1;4;0;0;0;0
"13/09/2024";"07:03:25";"296";"Com vítima";"837,100";"BR-163/MS";"Decrescente";"Colisão transversal";0;0;0;1;0;0;0;0;0;0;0;0;0;1;0
"13/09/2024";"10:22:40";"13";"Sem vítima";"250,984";"BR-163/MS";"Decrescente";"Queda de moto";0;0;0;1;0;0;0;0;0;0;1;0;0;0;0
"14/09/2024";"06:54:04";"127";"Sem vítima";"626,994";"BR-163/MS";"Decrescente";"Acidentes de outra natureza";1;0;0;0;0;0;0;0;0;0;1;0;0;0;0
"14/09/2024";"07:14:33";"132";"Com vítima";"678,929";"BR-163/MS";"Crescente";"Colisão transversal";1;0;0;1;0;0;0;0;0;0;2;1;1;0;0
"15/09/2024";"02:06:07";"38";"Sem vítima";"260,368";"BR-163/MS";"Decrescente";"Acidentes de outra natureza";1;0;0;0;0;0;0;0;0;0;1;0;0;0;0
"15/09/2024";"08:10:19";"111";"Sem vítima";"649,418";"BR-163/MS";"Decrescente";"Tombamento";0;0;0;0;0;3;0;0;0;0;0;0;0;0;0
"15/09/2024";"09:48:06";"125";"Com vítima";"526,500";"BR-163/MS";"Decrescente";"Tombamento";0;0;1;0;0;1;0;0;0;1;1;1;0;0;0
"15/09/2024";"03:24:54";"177";"Sem vítima";"2,388";"BR-163/MS";"Crescente";"Acidentes de outra natureza";0;0;0;0;0;0;0;0;0;1;2;0;0;0;0
"15/09/2024";"04:06:28";"187";"Sem vítima";"375,273";"BR-163/MS";"Crescente";"Acidentes de outra natureza";1;0;0;0;0;0;0;0;0;0;1;0;0;0;0
"15/09/2024";"04:30:37";"193";"Sem vítima";"315,586";"BR-163/MS";"Decrescente";"Acidentes de outra natureza";1;0;0;0;0;0;0;0;0;0;1;0;0;0;0
"15/09/2024";"07:06:23";"217";"Com vítima";"462,541";"BR-163/MS";"Crescente";"Queda de moto";0;0;0;1;0;0;0;0;0;0;0;0;1;0;0
"15/09/2024";"10:38:39";"20";"Sem vítima";"223,800";"BR-163/MS";"Crescente";"Acidentes de outra natureza";0;0;1;0;0;0;0;0;0;0;2;0;0;0;0
"16/09/2024";"03:34:21";"249";"Sem vítima";"180,331";"BR-163/MS";"Crescente";"Colisão lateral no mesmo sentido";1;0;1;0;0;0;0;0;0;0;3;0;0;0;0
"17/09/2024";"06:35:30";"86";"Sem vítima";"574,515";"BR-163/MS";"Decrescente";"Colisão lateral no mesmo sentido";0;0;1;0;0;2;0;0;0;0;1;0;0;0;0
"17/09/2024";"07:34:22";"258";"Com vítima";"307,578";"BR-163/MS";"Crescente";"Tombamento";0;0;1;0;0;1;0;0;0;0;0;1;0;0;0